solid CATIA STL
  facet normal  6.980737e-001 -1.948484e-001 -6.890045e-001
    outer loop
      vertex  0.000000e+000  2.876553e+000  5.265495e+000
      vertex  0.000000e+000  3.070721e-001  5.992137e+000
      vertex -1.000000e+000  2.397128e+000  4.387913e+000
    endloop
  endfacet
  facet normal  7.292501e-001 -1.614511e-001 -6.649269e-001
    outer loop
      vertex  0.000000e+000  3.070721e-001  5.992137e+000
      vertex -1.000000e+000 -1.179829e-001  4.998608e+000
      vertex -1.000000e+000  2.397128e+000  4.387913e+000
    endloop
  endfacet
  facet normal  7.292501e-001  4.722843e-001  4.951180e-001
    outer loop
      vertex -1.000000e+000 -4.269930e+000 -2.601480e+000
      vertex  0.000000e+000 -4.876298e+000 -3.495958e+000
      vertex -1.000000e+000 -2.397128e+000 -4.387913e+000
    endloop
  endfacet
  facet normal  6.980737e-001  4.745002e-001  5.362300e-001
    outer loop
      vertex  0.000000e+000 -4.876298e+000 -3.495958e+000
      vertex  0.000000e+000 -2.876553e+000 -5.265495e+000
      vertex -1.000000e+000 -2.397128e+000 -4.387913e+000
    endloop
  endfacet
  facet normal  6.711788e-001  1.277503e-001 -7.302046e-001
    outer loop
      vertex  0.000000e+000  3.070721e-001  5.992137e+000
      vertex  0.000000e+000 -2.323228e+000  5.531962e+000
      vertex -1.000000e+000 -1.179829e-001  4.998608e+000
    endloop
  endfacet
  facet normal  6.535817e-001  4.409893e-001 -6.151091e-001
    outer loop
      vertex  0.000000e+000 -2.323228e+000  5.531962e+000
      vertex  0.000000e+000 -4.493385e+000  3.976115e+000
      vertex -1.000000e+000 -2.601480e+000  4.269930e+000
    endloop
  endfacet
  facet normal  7.496381e-001  1.863363e-001 -6.350759e-001
    outer loop
      vertex -1.000000e+000 -1.179829e-001  4.998608e+000
      vertex  0.000000e+000 -2.323228e+000  5.531962e+000
      vertex -1.000000e+000 -2.601480e+000  4.269930e+000
    endloop
  endfacet
  facet normal  6.474570e-001  6.688074e-001 -3.653710e-001
    outer loop
      vertex  0.000000e+000 -4.493385e+000  3.976115e+000
      vertex  0.000000e+000 -5.773571e+000  1.632749e+000
      vertex -1.000000e+000 -4.387913e+000  2.397128e+000
    endloop
  endfacet
  facet normal  7.591211e-001  4.710239e-001 -4.493013e-001
    outer loop
      vertex -1.000000e+000 -2.601480e+000  4.269930e+000
      vertex  0.000000e+000 -4.493385e+000  3.976115e+000
      vertex -1.000000e+000 -4.387913e+000  2.397128e+000
    endloop
  endfacet
  facet normal  6.535818e-001  7.558640e-001 -3.873494e-002
    outer loop
      vertex  0.000000e+000 -5.773571e+000  1.632749e+000
      vertex  0.000000e+000 -5.910232e+000 -1.034003e+000
      vertex -1.000000e+000 -4.998608e+000 -1.179829e-001
    endloop
  endfacet
  facet normal  7.591211e-001  6.325694e-001 -1.535944e-001
    outer loop
      vertex -1.000000e+000 -4.387913e+000  2.397128e+000
      vertex  0.000000e+000 -5.773571e+000  1.632749e+000
      vertex -1.000000e+000 -4.998608e+000 -1.179829e-001
    endloop
  endfacet
  facet normal  6.711789e-001  6.834698e-001  2.870331e-001
    outer loop
      vertex  0.000000e+000 -5.910232e+000 -1.034003e+000
      vertex  0.000000e+000 -4.876298e+000 -3.495958e+000
      vertex -1.000000e+000 -4.269930e+000 -2.601480e+000
    endloop
  endfacet
  facet normal  7.496381e-001  6.350759e-001  1.863363e-001
    outer loop
      vertex -1.000000e+000 -4.998608e+000 -1.179829e-001
      vertex  0.000000e+000 -5.910232e+000 -1.034003e+000
      vertex -1.000000e+000 -4.269930e+000 -2.601480e+000
    endloop
  endfacet
  facet normal  6.992528e-001 -4.907470e-001  5.198202e-001
    outer loop
      vertex  0.000000e+000  3.121776e+000 -5.123916e+000
      vertex  0.000000e+000  4.935969e+000 -3.411189e+000
      vertex -1.000000e+000  2.601480e+000 -4.269930e+000
    endloop
  endfacet
  facet normal  7.388723e-001 -4.875914e-001  4.651047e-001
    outer loop
      vertex  0.000000e+000  4.935969e+000 -3.411189e+000
      vertex -1.000000e+000  4.387913e+000 -2.397128e+000
      vertex -1.000000e+000  2.601480e+000 -4.269930e+000
    endloop
  endfacet
  facet normal  7.388723e-001 -4.651047e-001 -4.875914e-001
    outer loop
      vertex -1.000000e+000  4.269930e+000  2.601480e+000
      vertex  0.000000e+000  4.769532e+000  3.640270e+000
      vertex -1.000000e+000  2.397128e+000  4.387913e+000
    endloop
  endfacet
  facet normal  6.992528e-001 -4.656754e-001 -5.423946e-001
    outer loop
      vertex  0.000000e+000  4.769532e+000  3.640270e+000
      vertex  0.000000e+000  2.876553e+000  5.265495e+000
      vertex -1.000000e+000  2.397128e+000  4.387913e+000
    endloop
  endfacet
  facet normal  6.674313e-001 -6.872488e-001  2.867482e-001
    outer loop
      vertex  0.000000e+000  4.935969e+000 -3.411189e+000
      vertex  0.000000e+000  5.896688e+000 -1.108637e+000
      vertex -1.000000e+000  4.387913e+000 -2.397128e+000
    endloop
  endfacet
  facet normal  6.558866e-001 -7.546493e-001 -1.781215e-002
    outer loop
      vertex  0.000000e+000  5.896688e+000 -1.108637e+000
      vertex  0.000000e+000  5.837815e+000  1.385608e+000
      vertex -1.000000e+000  4.998608e+000  1.179829e-001
    endloop
  endfacet
  facet normal  7.580070e-001 -6.338297e-001  1.539004e-001
    outer loop
      vertex -1.000000e+000  4.387913e+000 -2.397128e+000
      vertex  0.000000e+000  5.896688e+000 -1.108637e+000
      vertex -1.000000e+000  4.998608e+000  1.179829e-001
    endloop
  endfacet
  facet normal  6.674312e-001 -6.729547e-001 -3.188533e-001
    outer loop
      vertex  0.000000e+000  5.837815e+000  1.385608e+000
      vertex  0.000000e+000  4.769532e+000  3.640270e+000
      vertex -1.000000e+000  4.269930e+000  2.601480e+000
    endloop
  endfacet
  facet normal  7.580069e-001 -6.258628e-001 -1.836331e-001
    outer loop
      vertex -1.000000e+000  4.998608e+000  1.179829e-001
      vertex  0.000000e+000  5.837815e+000  1.385608e+000
      vertex -1.000000e+000  4.269930e+000  2.601480e+000
    endloop
  endfacet
  facet normal  7.016738e-001  2.278222e-001  6.750932e-001
    outer loop
      vertex  0.000000e+000 -2.876553e+000 -5.265495e+000
      vertex  0.000000e+000 -9.021704e-001 -5.931786e+000
      vertex -1.000000e+000 -2.397128e+000 -4.387913e+000
    endloop
  endfacet
  facet normal  7.539089e-001  1.550171e-001  6.384285e-001
    outer loop
      vertex  0.000000e+000 -9.021704e-001 -5.931786e+000
      vertex -1.000000e+000  1.179829e-001 -4.998608e+000
      vertex -1.000000e+000 -2.397128e+000 -4.387913e+000
    endloop
  endfacet
  facet normal  7.539089e-001 -1.849655e-001  6.304039e-001
    outer loop
      vertex -1.000000e+000  1.179829e-001 -4.998608e+000
      vertex  0.000000e+000  1.181028e+000 -5.882616e+000
      vertex -1.000000e+000  2.601480e+000 -4.269930e+000
    endloop
  endfacet
  facet normal  7.016738e-001 -2.594196e-001  6.635928e-001
    outer loop
      vertex  0.000000e+000  1.181028e+000 -5.882616e+000
      vertex  0.000000e+000  3.121776e+000 -5.123916e+000
      vertex -1.000000e+000  2.601480e+000 -4.269930e+000
    endloop
  endfacet
  facet normal  6.725737e-001 -1.746217e-002  7.398240e-001
    outer loop
      vertex  0.000000e+000 -9.021704e-001 -5.931786e+000
      vertex  0.000000e+000  1.181028e+000 -5.882616e+000
      vertex -1.000000e+000  1.179829e-001 -4.998608e+000
    endloop
  endfacet
  facet normal  0.000000e+000 -7.235952e-001  6.902245e-001
    outer loop
      vertex -1.000000e+000  4.387913e+000 -2.397128e+000
      vertex -1.100000e+001  2.601480e+000 -4.269930e+000
      vertex -1.000000e+000  2.601480e+000 -4.269930e+000
    endloop
  endfacet
  facet normal  0.000000e+000 -2.815395e-001  9.595497e-001
    outer loop
      vertex -1.000000e+000  2.601480e+000 -4.269930e+000
      vertex -1.100000e+001  2.601480e+000 -4.269930e+000
      vertex -1.100000e+001  1.179829e-001 -4.998608e+000
    endloop
  endfacet
  facet normal  0.000000e+000 -2.815395e-001  9.595497e-001
    outer loop
      vertex -1.000000e+000  2.601480e+000 -4.269930e+000
      vertex -1.100000e+001  1.179829e-001 -4.998608e+000
      vertex -1.000000e+000  1.179829e-001 -4.998608e+000
    endloop
  endfacet
  facet normal  0.000000e+000  2.359544e-001  9.717641e-001
    outer loop
      vertex -1.000000e+000  1.179829e-001 -4.998608e+000
      vertex -1.100000e+001  1.179829e-001 -4.998608e+000
      vertex -1.100000e+001 -2.397128e+000 -4.387913e+000
    endloop
  endfacet
  facet normal  -0.000000e+000  2.359544e-001  9.717641e-001
    outer loop
      vertex -1.000000e+000  1.179829e-001 -4.998608e+000
      vertex -1.100000e+001 -2.397128e+000 -4.387913e+000
      vertex -1.000000e+000 -2.397128e+000 -4.387913e+000
    endloop
  endfacet
  facet normal  0.000000e+000 -7.235952e-001  6.902245e-001
    outer loop
      vertex -1.100000e+001  2.601480e+000 -4.269930e+000
      vertex -1.000000e+000  4.387913e+000 -2.397128e+000
      vertex -1.100000e+001  4.387913e+000 -2.397128e+000
    endloop
  endfacet
  facet normal  0.000000e+000 -9.717641e-001  2.359544e-001
    outer loop
      vertex -1.100000e+001  4.387913e+000 -2.397128e+000
      vertex -1.000000e+000  4.387913e+000 -2.397128e+000
      vertex -1.000000e+000  4.998608e+000  1.179829e-001
    endloop
  endfacet
  facet normal  0.000000e+000 -9.717641e-001  2.359544e-001
    outer loop
      vertex -1.100000e+001  4.387913e+000 -2.397128e+000
      vertex -1.000000e+000  4.998608e+000  1.179829e-001
      vertex -1.100000e+001  4.998608e+000  1.179829e-001
    endloop
  endfacet
  facet normal  0.000000e+000 -9.595497e-001 -2.815395e-001
    outer loop
      vertex -1.100000e+001  4.998608e+000  1.179829e-001
      vertex -1.000000e+000  4.998608e+000  1.179829e-001
      vertex -1.000000e+000  4.269930e+000  2.601480e+000
    endloop
  endfacet
  facet normal  -0.000000e+000 -9.595497e-001 -2.815395e-001
    outer loop
      vertex -1.100000e+001  4.998608e+000  1.179829e-001
      vertex -1.000000e+000  4.269930e+000  2.601480e+000
      vertex -1.100000e+001  4.269930e+000  2.601480e+000
    endloop
  endfacet
  facet normal  0.000000e+000 -6.902245e-001 -7.235952e-001
    outer loop
      vertex -1.100000e+001  4.269930e+000  2.601480e+000
      vertex -1.000000e+000  4.269930e+000  2.601480e+000
      vertex -1.000000e+000  2.397128e+000  4.387913e+000
    endloop
  endfacet
  facet normal  -0.000000e+000 -6.902245e-001 -7.235952e-001
    outer loop
      vertex -1.100000e+001  4.269930e+000  2.601480e+000
      vertex -1.000000e+000  2.397128e+000  4.387913e+000
      vertex -1.100000e+001  2.397128e+000  4.387913e+000
    endloop
  endfacet
  facet normal  0.000000e+000  7.235952e-001 -6.902245e-001
    outer loop
      vertex -1.000000e+000 -4.387913e+000  2.397128e+000
      vertex -1.100000e+001 -2.601480e+000  4.269930e+000
      vertex -1.000000e+000 -2.601480e+000  4.269930e+000
    endloop
  endfacet
  facet normal  0.000000e+000  2.815395e-001 -9.595497e-001
    outer loop
      vertex -1.000000e+000 -2.601480e+000  4.269930e+000
      vertex -1.100000e+001 -2.601480e+000  4.269930e+000
      vertex -1.100000e+001 -1.179829e-001  4.998608e+000
    endloop
  endfacet
  facet normal  0.000000e+000  2.815395e-001 -9.595497e-001
    outer loop
      vertex -1.000000e+000 -2.601480e+000  4.269930e+000
      vertex -1.100000e+001 -1.179829e-001  4.998608e+000
      vertex -1.000000e+000 -1.179829e-001  4.998608e+000
    endloop
  endfacet
  facet normal  -0.000000e+000 -2.359544e-001 -9.717641e-001
    outer loop
      vertex -1.000000e+000 -1.179829e-001  4.998608e+000
      vertex -1.100000e+001 -1.179829e-001  4.998608e+000
      vertex -1.100000e+001  2.397128e+000  4.387913e+000
    endloop
  endfacet
  facet normal  0.000000e+000 -2.359544e-001 -9.717641e-001
    outer loop
      vertex -1.000000e+000 -1.179829e-001  4.998608e+000
      vertex -1.100000e+001  2.397128e+000  4.387913e+000
      vertex -1.000000e+000  2.397128e+000  4.387913e+000
    endloop
  endfacet
  facet normal  0.000000e+000  7.235952e-001 -6.902245e-001
    outer loop
      vertex -1.100000e+001 -2.601480e+000  4.269930e+000
      vertex -1.000000e+000 -4.387913e+000  2.397128e+000
      vertex -1.100000e+001 -4.387913e+000  2.397128e+000
    endloop
  endfacet
  facet normal  0.000000e+000  9.717641e-001 -2.359544e-001
    outer loop
      vertex -1.100000e+001 -4.387913e+000  2.397128e+000
      vertex -1.000000e+000 -4.387913e+000  2.397128e+000
      vertex -1.000000e+000 -4.998608e+000 -1.179829e-001
    endloop
  endfacet
  facet normal  0.000000e+000  9.717641e-001 -2.359544e-001
    outer loop
      vertex -1.100000e+001 -4.387913e+000  2.397128e+000
      vertex -1.000000e+000 -4.998608e+000 -1.179829e-001
      vertex -1.100000e+001 -4.998608e+000 -1.179829e-001
    endloop
  endfacet
  facet normal  -0.000000e+000  9.595497e-001  2.815395e-001
    outer loop
      vertex -1.100000e+001 -4.998608e+000 -1.179829e-001
      vertex -1.000000e+000 -4.998608e+000 -1.179829e-001
      vertex -1.000000e+000 -4.269930e+000 -2.601480e+000
    endloop
  endfacet
  facet normal  0.000000e+000  9.595497e-001  2.815395e-001
    outer loop
      vertex -1.100000e+001 -4.998608e+000 -1.179829e-001
      vertex -1.000000e+000 -4.269930e+000 -2.601480e+000
      vertex -1.100000e+001 -4.269930e+000 -2.601480e+000
    endloop
  endfacet
  facet normal  -0.000000e+000  6.902245e-001  7.235952e-001
    outer loop
      vertex -1.100000e+001 -4.269930e+000 -2.601480e+000
      vertex -1.000000e+000 -4.269930e+000 -2.601480e+000
      vertex -1.000000e+000 -2.397128e+000 -4.387913e+000
    endloop
  endfacet
  facet normal  0.000000e+000  6.902245e-001  7.235952e-001
    outer loop
      vertex -1.100000e+001 -4.269930e+000 -2.601480e+000
      vertex -1.000000e+000 -2.397128e+000 -4.387913e+000
      vertex -1.100000e+001 -2.397128e+000 -4.387913e+000
    endloop
  endfacet
  facet normal  1.000000e+000  0.000000e+000  0.000000e+000
    outer loop
      vertex  0.000000e+000 -4.844292e+001  7.367724e+000
      vertex  0.000000e+000 -9.645059e+000  4.804137e+001
      vertex  0.000000e+000 -1.784082e+001  4.563666e+001
    endloop
  endfacet
  facet normal  1.000000e+000  0.000000e+000  0.000000e+000
    outer loop
      vertex  0.000000e+000 -4.844292e+001  7.367724e+000
      vertex  0.000000e+000 -1.784082e+001  4.563666e+001
      vertex  0.000000e+000 -2.549450e+001  4.184531e+001
    endloop
  endfacet
  facet normal  1.000000e+000  0.000000e+000  0.000000e+000
    outer loop
      vertex  0.000000e+000 -4.844292e+001  7.367724e+000
      vertex  0.000000e+000 -2.549450e+001  4.184531e+001
      vertex  0.000000e+000 -3.237355e+001  3.678251e+001
    endloop
  endfacet
  facet normal  1.000000e+000  0.000000e+000  0.000000e+000
    outer loop
      vertex  0.000000e+000 -4.844292e+001  7.367724e+000
      vertex  0.000000e+000 -3.237355e+001  3.678251e+001
      vertex  0.000000e+000 -3.826894e+001  3.060210e+001
    endloop
  endfacet
  facet normal  1.000000e+000  0.000000e+000  0.000000e+000
    outer loop
      vertex  0.000000e+000 -4.844292e+001  7.367724e+000
      vertex  0.000000e+000 -3.826894e+001  3.060210e+001
      vertex  0.000000e+000 -4.300154e+001  2.349185e+001
    endloop
  endfacet
  facet normal  1.000000e+000  0.000000e+000  0.000000e+000
    outer loop
      vertex  0.000000e+000 -4.844292e+001  7.367724e+000
      vertex  0.000000e+000 -4.300154e+001  2.349185e+001
      vertex  0.000000e+000 -4.642757e+001  1.566782e+001
    endloop
  endfacet
  facet normal  1.000000e+000  0.000000e+000  0.000000e+000
    outer loop
      vertex  0.000000e+000  3.070721e-001  5.992137e+000
      vertex  0.000000e+000  4.804137e+001  9.645059e+000
      vertex  0.000000e+000  4.563666e+001  1.784082e+001
    endloop
  endfacet
  facet normal  9.999999e-001  0.000000e+000  0.000000e+000
    outer loop
      vertex  0.000000e+000  3.070721e-001  5.992137e+000
      vertex  0.000000e+000  4.563666e+001  1.784082e+001
      vertex  0.000000e+000  4.184531e+001  2.549450e+001
    endloop
  endfacet
  facet normal  1.000000e+000  0.000000e+000  0.000000e+000
    outer loop
      vertex  0.000000e+000  3.070721e-001  5.992137e+000
      vertex  0.000000e+000  4.184531e+001  2.549450e+001
      vertex  0.000000e+000  3.678251e+001  3.237355e+001
    endloop
  endfacet
  facet normal  1.000000e+000  0.000000e+000  0.000000e+000
    outer loop
      vertex  0.000000e+000  3.070721e-001  5.992137e+000
      vertex  0.000000e+000  3.678251e+001  3.237355e+001
      vertex  0.000000e+000  3.060210e+001  3.826894e+001
    endloop
  endfacet
  facet normal  1.000000e+000  0.000000e+000  0.000000e+000
    outer loop
      vertex  0.000000e+000  3.070721e-001  5.992137e+000
      vertex  0.000000e+000  3.060210e+001  3.826894e+001
      vertex  0.000000e+000  2.349185e+001  4.300154e+001
    endloop
  endfacet
  facet normal  1.000000e+000  0.000000e+000  0.000000e+000
    outer loop
      vertex  0.000000e+000  3.070721e-001  5.992137e+000
      vertex  0.000000e+000  2.349185e+001  4.300154e+001
      vertex  0.000000e+000  1.566782e+001  4.642757e+001
    endloop
  endfacet
  facet normal  1.000000e+000  0.000000e+000  0.000000e+000
    outer loop
      vertex  0.000000e+000  3.070721e-001  5.992137e+000
      vertex  0.000000e+000  1.566782e+001  4.642757e+001
      vertex  0.000000e+000  7.367724e+000  4.844292e+001
    endloop
  endfacet
  facet normal  9.999999e-001  -0.000000e+000  0.000000e+000
    outer loop
      vertex  0.000000e+000  1.181028e+000 -5.882616e+000
      vertex  0.000000e+000 -9.021704e-001 -5.931786e+000
      vertex  0.000000e+000  1.156233e+000 -4.898635e+001
    endloop
  endfacet
  facet normal  1.000000e+000  0.000000e+000  0.000000e+000
    outer loop
      vertex  0.000000e+000  1.181028e+000 -5.882616e+000
      vertex  0.000000e+000  1.156233e+000 -4.898635e+001
      vertex  0.000000e+000  9.645059e+000 -4.804137e+001
    endloop
  endfacet
  facet normal  1.000000e+000  0.000000e+000  -0.000000e+000
    outer loop
      vertex  0.000000e+000  1.181028e+000 -5.882616e+000
      vertex  0.000000e+000  9.645059e+000 -4.804137e+001
      vertex  0.000000e+000  1.784082e+001 -4.563666e+001
    endloop
  endfacet
  facet normal  1.000000e+000  0.000000e+000  -0.000000e+000
    outer loop
      vertex  0.000000e+000  1.181028e+000 -5.882616e+000
      vertex  0.000000e+000  1.784082e+001 -4.563666e+001
      vertex  0.000000e+000  2.549450e+001 -4.184531e+001
    endloop
  endfacet
  facet normal  1.000000e+000  0.000000e+000  -0.000000e+000
    outer loop
      vertex  0.000000e+000  1.181028e+000 -5.882616e+000
      vertex  0.000000e+000  2.549450e+001 -4.184531e+001
      vertex  0.000000e+000  3.237355e+001 -3.678251e+001
    endloop
  endfacet
  facet normal  9.999999e-001  0.000000e+000  -0.000000e+000
    outer loop
      vertex  0.000000e+000  1.181028e+000 -5.882616e+000
      vertex  0.000000e+000  3.237355e+001 -3.678251e+001
      vertex  0.000000e+000  3.826894e+001 -3.060210e+001
    endloop
  endfacet
  facet normal  1.000000e+000  0.000000e+000  -0.000000e+000
    outer loop
      vertex  0.000000e+000  1.181028e+000 -5.882616e+000
      vertex  0.000000e+000  3.826894e+001 -3.060210e+001
      vertex  0.000000e+000  4.300154e+001 -2.349185e+001
    endloop
  endfacet
  facet normal  1.000000e+000  0.000000e+000  -0.000000e+000
    outer loop
      vertex  0.000000e+000  1.181028e+000 -5.882616e+000
      vertex  0.000000e+000  4.300154e+001 -2.349185e+001
      vertex  0.000000e+000  4.642757e+001 -1.566782e+001
    endloop
  endfacet
  facet normal  1.000000e+000  0.000000e+000  -0.000000e+000
    outer loop
      vertex  0.000000e+000  1.181028e+000 -5.882616e+000
      vertex  0.000000e+000  4.642757e+001 -1.566782e+001
      vertex  0.000000e+000  4.844292e+001 -7.367724e+000
    endloop
  endfacet
  facet normal  9.999999e-001  0.000000e+000  -0.000000e+000
    outer loop
      vertex  0.000000e+000  1.181028e+000 -5.882616e+000
      vertex  0.000000e+000  4.844292e+001 -7.367724e+000
      vertex  0.000000e+000  4.898635e+001  1.156233e+000
    endloop
  endfacet
  facet normal  1.000000e+000  -0.000000e+000  0.000000e+000
    outer loop
      vertex  0.000000e+000 -9.021704e-001 -5.931786e+000
      vertex  0.000000e+000 -4.804137e+001 -9.645059e+000
      vertex  0.000000e+000 -4.563666e+001 -1.784082e+001
    endloop
  endfacet
  facet normal  1.000000e+000  -0.000000e+000  0.000000e+000
    outer loop
      vertex  0.000000e+000 -9.021704e-001 -5.931786e+000
      vertex  0.000000e+000 -4.563666e+001 -1.784082e+001
      vertex  0.000000e+000 -4.184531e+001 -2.549450e+001
    endloop
  endfacet
  facet normal  1.000000e+000  -0.000000e+000  0.000000e+000
    outer loop
      vertex  0.000000e+000 -9.021704e-001 -5.931786e+000
      vertex  0.000000e+000 -4.184531e+001 -2.549450e+001
      vertex  0.000000e+000 -3.678251e+001 -3.237355e+001
    endloop
  endfacet
  facet normal  9.999999e-001  -0.000000e+000  0.000000e+000
    outer loop
      vertex  0.000000e+000 -9.021704e-001 -5.931786e+000
      vertex  0.000000e+000 -3.678251e+001 -3.237355e+001
      vertex  0.000000e+000 -3.060210e+001 -3.826894e+001
    endloop
  endfacet
  facet normal  9.999999e-001  -0.000000e+000  0.000000e+000
    outer loop
      vertex  0.000000e+000 -9.021704e-001 -5.931786e+000
      vertex  0.000000e+000 -3.060210e+001 -3.826894e+001
      vertex  0.000000e+000 -2.349185e+001 -4.300154e+001
    endloop
  endfacet
  facet normal  1.000000e+000  -0.000000e+000  0.000000e+000
    outer loop
      vertex  0.000000e+000 -9.021704e-001 -5.931786e+000
      vertex  0.000000e+000 -2.349185e+001 -4.300154e+001
      vertex  0.000000e+000 -1.566782e+001 -4.642757e+001
    endloop
  endfacet
  facet normal  1.000000e+000  -0.000000e+000  0.000000e+000
    outer loop
      vertex  0.000000e+000 -9.021704e-001 -5.931786e+000
      vertex  0.000000e+000 -1.566782e+001 -4.642757e+001
      vertex  0.000000e+000 -7.367724e+000 -4.844292e+001
    endloop
  endfacet
  facet normal  1.000000e+000  -0.000000e+000  0.000000e+000
    outer loop
      vertex  0.000000e+000 -9.021704e-001 -5.931786e+000
      vertex  0.000000e+000 -7.367724e+000 -4.844292e+001
      vertex  0.000000e+000  1.156233e+000 -4.898635e+001
    endloop
  endfacet
  facet normal  1.000000e+000  0.000000e+000  -0.000000e+000
    outer loop
      vertex  0.000000e+000 -4.898635e+001 -1.156233e+000
      vertex  0.000000e+000 -4.804137e+001 -9.645059e+000
      vertex  0.000000e+000 -9.021704e-001 -5.931786e+000
    endloop
  endfacet
  facet normal  1.000000e+000  0.000000e+000  0.000000e+000
    outer loop
      vertex  0.000000e+000 -4.898635e+001 -1.156233e+000
      vertex  0.000000e+000 -9.021704e-001 -5.931786e+000
      vertex  0.000000e+000 -2.876553e+000 -5.265495e+000
    endloop
  endfacet
  facet normal  1.000000e+000  0.000000e+000  0.000000e+000
    outer loop
      vertex  0.000000e+000 -4.898635e+001 -1.156233e+000
      vertex  0.000000e+000 -2.876553e+000 -5.265495e+000
      vertex  0.000000e+000 -4.876298e+000 -3.495958e+000
    endloop
  endfacet
  facet normal  1.000000e+000  0.000000e+000  0.000000e+000
    outer loop
      vertex  0.000000e+000 -4.898635e+001 -1.156233e+000
      vertex  0.000000e+000 -4.876298e+000 -3.495958e+000
      vertex  0.000000e+000 -5.910232e+000 -1.034003e+000
    endloop
  endfacet
  facet normal  9.999999e-001  0.000000e+000  0.000000e+000
    outer loop
      vertex  0.000000e+000 -4.844292e+001  7.367724e+000
      vertex  0.000000e+000 -4.898635e+001 -1.156233e+000
      vertex  0.000000e+000 -5.910232e+000 -1.034003e+000
    endloop
  endfacet
  facet normal  1.000000e+000  0.000000e+000  -0.000000e+000
    outer loop
      vertex  0.000000e+000 -4.844292e+001  7.367724e+000
      vertex  0.000000e+000 -5.910232e+000 -1.034003e+000
      vertex  0.000000e+000 -5.773571e+000  1.632749e+000
    endloop
  endfacet
  facet normal  1.000000e+000  0.000000e+000  -0.000000e+000
    outer loop
      vertex  0.000000e+000 -4.844292e+001  7.367724e+000
      vertex  0.000000e+000 -5.773571e+000  1.632749e+000
      vertex  0.000000e+000 -4.493385e+000  3.976115e+000
    endloop
  endfacet
  facet normal  1.000000e+000  0.000000e+000  -0.000000e+000
    outer loop
      vertex  0.000000e+000 -4.844292e+001  7.367724e+000
      vertex  0.000000e+000 -4.493385e+000  3.976115e+000
      vertex  0.000000e+000 -2.323228e+000  5.531962e+000
    endloop
  endfacet
  facet normal  1.000000e+000  0.000000e+000  0.000000e+000
    outer loop
      vertex  0.000000e+000  4.898635e+001  1.156233e+000
      vertex  0.000000e+000  4.804137e+001  9.645059e+000
      vertex  0.000000e+000  5.837815e+000  1.385608e+000
    endloop
  endfacet
  facet normal  1.000000e+000  0.000000e+000  0.000000e+000
    outer loop
      vertex  0.000000e+000  4.898635e+001  1.156233e+000
      vertex  0.000000e+000  5.837815e+000  1.385608e+000
      vertex  0.000000e+000  5.896688e+000 -1.108637e+000
    endloop
  endfacet
  facet normal  1.000000e+000  -0.000000e+000  0.000000e+000
    outer loop
      vertex  0.000000e+000  4.898635e+001  1.156233e+000
      vertex  0.000000e+000  5.896688e+000 -1.108637e+000
      vertex  0.000000e+000  4.935969e+000 -3.411189e+000
    endloop
  endfacet
  facet normal  1.000000e+000  -0.000000e+000  0.000000e+000
    outer loop
      vertex  0.000000e+000  4.898635e+001  1.156233e+000
      vertex  0.000000e+000  4.935969e+000 -3.411189e+000
      vertex  0.000000e+000  3.121776e+000 -5.123916e+000
    endloop
  endfacet
  facet normal  1.000000e+000  -0.000000e+000  0.000000e+000
    outer loop
      vertex  0.000000e+000  4.898635e+001  1.156233e+000
      vertex  0.000000e+000  3.121776e+000 -5.123916e+000
      vertex  0.000000e+000  1.181028e+000 -5.882616e+000
    endloop
  endfacet
  facet normal  1.000000e+000  -0.000000e+000  0.000000e+000
    outer loop
      vertex  0.000000e+000  4.804137e+001  9.645059e+000
      vertex  0.000000e+000  3.070721e-001  5.992137e+000
      vertex  0.000000e+000  2.876553e+000  5.265495e+000
    endloop
  endfacet
  facet normal  1.000000e+000  -0.000000e+000  0.000000e+000
    outer loop
      vertex  0.000000e+000  4.804137e+001  9.645059e+000
      vertex  0.000000e+000  2.876553e+000  5.265495e+000
      vertex  0.000000e+000  4.769532e+000  3.640270e+000
    endloop
  endfacet
  facet normal  1.000000e+000  -0.000000e+000  0.000000e+000
    outer loop
      vertex  0.000000e+000  4.804137e+001  9.645059e+000
      vertex  0.000000e+000  4.769532e+000  3.640270e+000
      vertex  0.000000e+000  5.837815e+000  1.385608e+000
    endloop
  endfacet
  facet normal  1.000000e+000  0.000000e+000  0.000000e+000
    outer loop
      vertex  0.000000e+000  7.367724e+000  4.844292e+001
      vertex  0.000000e+000 -1.156233e+000  4.898635e+001
      vertex  0.000000e+000  3.070721e-001  5.992137e+000
    endloop
  endfacet
  facet normal  1.000000e+000  0.000000e+000  0.000000e+000
    outer loop
      vertex  0.000000e+000  3.070721e-001  5.992137e+000
      vertex  0.000000e+000 -1.156233e+000  4.898635e+001
      vertex  0.000000e+000 -2.323228e+000  5.531962e+000
    endloop
  endfacet
  facet normal  1.000000e+000  -0.000000e+000  0.000000e+000
    outer loop
      vertex  0.000000e+000 -1.156233e+000  4.898635e+001
      vertex  0.000000e+000 -9.645059e+000  4.804137e+001
      vertex  0.000000e+000 -2.323228e+000  5.531962e+000
    endloop
  endfacet
  facet normal  1.000000e+000  0.000000e+000  0.000000e+000
    outer loop
      vertex  0.000000e+000 -2.323228e+000  5.531962e+000
      vertex  0.000000e+000 -9.645059e+000  4.804137e+001
      vertex  0.000000e+000 -4.844292e+001  7.367724e+000
    endloop
  endfacet
  facet normal -7.016738e-001 -2.594196e-001  6.635928e-001
    outer loop
      vertex -1.200000e+001  3.121776e+000 -5.123916e+000
      vertex -1.200000e+001  1.181028e+000 -5.882616e+000
      vertex -1.100000e+001  2.601480e+000 -4.269930e+000
    endloop
  endfacet
  facet normal -7.539089e-001 -1.849655e-001  6.304039e-001
    outer loop
      vertex -1.200000e+001  1.181028e+000 -5.882616e+000
      vertex -1.100000e+001  1.179829e-001 -4.998608e+000
      vertex -1.100000e+001  2.601480e+000 -4.269930e+000
    endloop
  endfacet
  facet normal -7.539089e-001  1.550171e-001  6.384285e-001
    outer loop
      vertex -1.100000e+001  1.179829e-001 -4.998608e+000
      vertex -1.200000e+001 -9.021704e-001 -5.931786e+000
      vertex -1.100000e+001 -2.397128e+000 -4.387913e+000
    endloop
  endfacet
  facet normal -7.016738e-001  2.278222e-001  6.750932e-001
    outer loop
      vertex -1.200000e+001 -9.021704e-001 -5.931786e+000
      vertex -1.200000e+001 -2.876553e+000 -5.265495e+000
      vertex -1.100000e+001 -2.397128e+000 -4.387913e+000
    endloop
  endfacet
  facet normal -6.725737e-001 -1.746217e-002  7.398240e-001
    outer loop
      vertex -1.200000e+001  1.181028e+000 -5.882616e+000
      vertex -1.200000e+001 -9.021704e-001 -5.931786e+000
      vertex -1.100000e+001  1.179829e-001 -4.998608e+000
    endloop
  endfacet
  facet normal -6.992528e-001 -4.656754e-001 -5.423946e-001
    outer loop
      vertex -1.200000e+001  2.876553e+000  5.265495e+000
      vertex -1.200000e+001  4.769532e+000  3.640270e+000
      vertex -1.100000e+001  2.397128e+000  4.387913e+000
    endloop
  endfacet
  facet normal -7.388723e-001 -4.651047e-001 -4.875914e-001
    outer loop
      vertex -1.200000e+001  4.769532e+000  3.640270e+000
      vertex -1.100000e+001  4.269930e+000  2.601480e+000
      vertex -1.100000e+001  2.397128e+000  4.387913e+000
    endloop
  endfacet
  facet normal -7.388723e-001 -4.875914e-001  4.651047e-001
    outer loop
      vertex -1.100000e+001  4.387913e+000 -2.397128e+000
      vertex -1.200000e+001  4.935969e+000 -3.411189e+000
      vertex -1.100000e+001  2.601480e+000 -4.269930e+000
    endloop
  endfacet
  facet normal -6.992528e-001 -4.907470e-001  5.198202e-001
    outer loop
      vertex -1.200000e+001  4.935969e+000 -3.411189e+000
      vertex -1.200000e+001  3.121776e+000 -5.123916e+000
      vertex -1.100000e+001  2.601480e+000 -4.269930e+000
    endloop
  endfacet
  facet normal -6.674312e-001 -6.729547e-001 -3.188533e-001
    outer loop
      vertex -1.200000e+001  4.769532e+000  3.640270e+000
      vertex -1.200000e+001  5.837815e+000  1.385608e+000
      vertex -1.100000e+001  4.269930e+000  2.601480e+000
    endloop
  endfacet
  facet normal -6.558866e-001 -7.546493e-001 -1.781215e-002
    outer loop
      vertex -1.200000e+001  5.837815e+000  1.385608e+000
      vertex -1.200000e+001  5.896688e+000 -1.108637e+000
      vertex -1.100000e+001  4.998608e+000  1.179829e-001
    endloop
  endfacet
  facet normal -7.580069e-001 -6.258628e-001 -1.836331e-001
    outer loop
      vertex -1.100000e+001  4.269930e+000  2.601480e+000
      vertex -1.200000e+001  5.837815e+000  1.385608e+000
      vertex -1.100000e+001  4.998608e+000  1.179829e-001
    endloop
  endfacet
  facet normal -6.674313e-001 -6.872488e-001  2.867482e-001
    outer loop
      vertex -1.200000e+001  5.896688e+000 -1.108637e+000
      vertex -1.200000e+001  4.935969e+000 -3.411189e+000
      vertex -1.100000e+001  4.387913e+000 -2.397128e+000
    endloop
  endfacet
  facet normal -7.580070e-001 -6.338297e-001  1.539004e-001
    outer loop
      vertex -1.100000e+001  4.998608e+000  1.179829e-001
      vertex -1.200000e+001  5.896688e+000 -1.108637e+000
      vertex -1.100000e+001  4.387913e+000 -2.397128e+000
    endloop
  endfacet
  facet normal -7.292501e-001 -1.614511e-001 -6.649269e-001
    outer loop
      vertex -1.100000e+001 -1.179829e-001  4.998608e+000
      vertex -1.200000e+001  3.070721e-001  5.992137e+000
      vertex -1.100000e+001  2.397128e+000  4.387913e+000
    endloop
  endfacet
  facet normal -6.980737e-001 -1.948484e-001 -6.890045e-001
    outer loop
      vertex -1.200000e+001  3.070721e-001  5.992137e+000
      vertex -1.200000e+001  2.876553e+000  5.265495e+000
      vertex -1.100000e+001  2.397128e+000  4.387913e+000
    endloop
  endfacet
  facet normal -6.980737e-001  4.745002e-001  5.362300e-001
    outer loop
      vertex -1.200000e+001 -2.876553e+000 -5.265495e+000
      vertex -1.200000e+001 -4.876298e+000 -3.495958e+000
      vertex -1.100000e+001 -2.397128e+000 -4.387913e+000
    endloop
  endfacet
  facet normal -7.292501e-001  4.722843e-001  4.951180e-001
    outer loop
      vertex -1.200000e+001 -4.876298e+000 -3.495958e+000
      vertex -1.100000e+001 -4.269930e+000 -2.601480e+000
      vertex -1.100000e+001 -2.397128e+000 -4.387913e+000
    endloop
  endfacet
  facet normal -6.711789e-001  6.834698e-001  2.870331e-001
    outer loop
      vertex -1.200000e+001 -4.876298e+000 -3.495958e+000
      vertex -1.200000e+001 -5.910232e+000 -1.034003e+000
      vertex -1.100000e+001 -4.269930e+000 -2.601480e+000
    endloop
  endfacet
  facet normal -6.535818e-001  7.558640e-001 -3.873494e-002
    outer loop
      vertex -1.200000e+001 -5.910232e+000 -1.034003e+000
      vertex -1.200000e+001 -5.773571e+000  1.632749e+000
      vertex -1.100000e+001 -4.998608e+000 -1.179829e-001
    endloop
  endfacet
  facet normal -7.496381e-001  6.350759e-001  1.863363e-001
    outer loop
      vertex -1.100000e+001 -4.269930e+000 -2.601480e+000
      vertex -1.200000e+001 -5.910232e+000 -1.034003e+000
      vertex -1.100000e+001 -4.998608e+000 -1.179829e-001
    endloop
  endfacet
  facet normal -6.474570e-001  6.688074e-001 -3.653710e-001
    outer loop
      vertex -1.200000e+001 -5.773571e+000  1.632749e+000
      vertex -1.200000e+001 -4.493385e+000  3.976115e+000
      vertex -1.100000e+001 -4.387913e+000  2.397128e+000
    endloop
  endfacet
  facet normal -7.591211e-001  6.325694e-001 -1.535944e-001
    outer loop
      vertex -1.100000e+001 -4.998608e+000 -1.179829e-001
      vertex -1.200000e+001 -5.773571e+000  1.632749e+000
      vertex -1.100000e+001 -4.387913e+000  2.397128e+000
    endloop
  endfacet
  facet normal -6.535817e-001  4.409893e-001 -6.151091e-001
    outer loop
      vertex -1.200000e+001 -4.493385e+000  3.976115e+000
      vertex -1.200000e+001 -2.323228e+000  5.531962e+000
      vertex -1.100000e+001 -2.601480e+000  4.269930e+000
    endloop
  endfacet
  facet normal -7.591211e-001  4.710239e-001 -4.493013e-001
    outer loop
      vertex -1.100000e+001 -4.387913e+000  2.397128e+000
      vertex -1.200000e+001 -4.493385e+000  3.976115e+000
      vertex -1.100000e+001 -2.601480e+000  4.269930e+000
    endloop
  endfacet
  facet normal -6.711788e-001  1.277503e-001 -7.302046e-001
    outer loop
      vertex -1.200000e+001 -2.323228e+000  5.531962e+000
      vertex -1.200000e+001  3.070721e-001  5.992137e+000
      vertex -1.100000e+001 -1.179829e-001  4.998608e+000
    endloop
  endfacet
  facet normal -7.496381e-001  1.863363e-001 -6.350759e-001
    outer loop
      vertex -1.100000e+001 -2.601480e+000  4.269930e+000
      vertex -1.200000e+001 -2.323228e+000  5.531962e+000
      vertex -1.100000e+001 -1.179829e-001  4.998608e+000
    endloop
  endfacet
  facet normal -1.000000e+000  0.000000e+000  -0.000000e+000
    outer loop
      vertex -1.200000e+001  4.935969e+000 -3.411189e+000
      vertex -1.200000e+001  5.896688e+000 -1.108637e+000
      vertex -1.200000e+001  8.588132e+000 -1.614656e+000
    endloop
  endfacet
  facet normal -1.000000e+000  0.000000e+000  0.000000e+000
    outer loop
      vertex -1.200000e+001  9.358615e-001  8.688342e+000
      vertex -1.200000e+001  4.189508e+000  7.668843e+000
      vertex -1.200000e+001 -2.460261e+000  8.385120e+000
    endloop
  endfacet
  facet normal -9.999999e-001  0.000000e+000  0.000000e+000
    outer loop
      vertex -1.200000e+001 -2.460261e+000  8.385120e+000
      vertex -1.200000e+001  4.189508e+000  7.668843e+000
      vertex -1.200000e+001  3.070721e-001  5.992137e+000
    endloop
  endfacet
  facet normal -1.000000e+000  0.000000e+000  0.000000e+000
    outer loop
      vertex -1.200000e+001 -2.460261e+000  8.385120e+000
      vertex -1.200000e+001  3.070721e-001  5.992137e+000
      vertex -1.200000e+001 -5.481832e+000  6.805340e+000
    endloop
  endfacet
  facet normal -1.000000e+000  0.000000e+000  0.000000e+000
    outer loop
      vertex -1.200000e+001 -5.481832e+000  6.805340e+000
      vertex -1.200000e+001  3.070721e-001  5.992137e+000
      vertex -1.200000e+001 -2.323228e+000  5.531962e+000
    endloop
  endfacet
  facet normal -1.000000e+000  -0.000000e+000  0.000000e+000
    outer loop
      vertex -1.200000e+001 -5.481832e+000  6.805340e+000
      vertex -1.200000e+001 -2.323228e+000  5.531962e+000
      vertex -1.200000e+001 -7.668843e+000  4.189508e+000
    endloop
  endfacet
  facet normal -1.000000e+000  0.000000e+000  0.000000e+000
    outer loop
      vertex -1.200000e+001 -7.668843e+000  4.189508e+000
      vertex -1.200000e+001 -2.323228e+000  5.531962e+000
      vertex -1.200000e+001 -4.493385e+000  3.976115e+000
    endloop
  endfacet
  facet normal -1.000000e+000  -0.000000e+000  0.000000e+000
    outer loop
      vertex -1.200000e+001 -7.668843e+000  4.189508e+000
      vertex -1.200000e+001 -4.493385e+000  3.976115e+000
      vertex -1.200000e+001 -8.688342e+000  9.358615e-001
    endloop
  endfacet
  facet normal -1.000000e+000  0.000000e+000  0.000000e+000
    outer loop
      vertex -1.200000e+001 -8.688342e+000  9.358615e-001
      vertex -1.200000e+001 -4.493385e+000  3.976115e+000
      vertex -1.200000e+001 -5.773571e+000  1.632749e+000
    endloop
  endfacet
  facet normal -1.000000e+000  0.000000e+000  0.000000e+000
    outer loop
      vertex -1.200000e+001 -8.688342e+000  9.358615e-001
      vertex -1.200000e+001 -5.773571e+000  1.632749e+000
      vertex -1.200000e+001 -5.910232e+000 -1.034003e+000
    endloop
  endfacet
  facet normal -1.000000e+000  0.000000e+000  0.000000e+000
    outer loop
      vertex -1.200000e+001  4.935969e+000 -3.411189e+000
      vertex -1.200000e+001  8.588132e+000 -1.614656e+000
      vertex -1.200000e+001  3.121776e+000 -5.123916e+000
    endloop
  endfacet
  facet normal -1.000000e+000  0.000000e+000  0.000000e+000
    outer loop
      vertex -1.200000e+001  3.121776e+000 -5.123916e+000
      vertex -1.200000e+001  8.588132e+000 -1.614656e+000
      vertex -1.200000e+001  7.188909e+000 -4.968170e+000
    endloop
  endfacet
  facet normal -1.000000e+000  0.000000e+000  0.000000e+000
    outer loop
      vertex -1.200000e+001  3.121776e+000 -5.123916e+000
      vertex -1.200000e+001  7.188909e+000 -4.968170e+000
      vertex -1.200000e+001  1.181028e+000 -5.882616e+000
    endloop
  endfacet
  facet normal -1.000000e+000  0.000000e+000  0.000000e+000
    outer loop
      vertex -1.200000e+001  1.181028e+000 -5.882616e+000
      vertex -1.200000e+001  7.188909e+000 -4.968170e+000
      vertex -1.200000e+001  4.546659e+000 -7.462642e+000
    endloop
  endfacet
  facet normal -1.000000e+000  0.000000e+000  0.000000e+000
    outer loop
      vertex -1.200000e+001  1.181028e+000 -5.882616e+000
      vertex -1.200000e+001  4.546659e+000 -7.462642e+000
      vertex -1.200000e+001 -9.021704e-001 -5.931786e+000
    endloop
  endfacet
  facet normal -1.000000e+000  0.000000e+000  0.000000e+000
    outer loop
      vertex -1.200000e+001 -9.021704e-001 -5.931786e+000
      vertex -1.200000e+001  4.546659e+000 -7.462642e+000
      vertex -1.200000e+001  1.118250e+000 -8.666755e+000
    endloop
  endfacet
  facet normal -1.000000e+000  0.000000e+000  0.000000e+000
    outer loop
      vertex -1.200000e+001 -9.021704e-001 -5.931786e+000
      vertex -1.200000e+001  1.118250e+000 -8.666755e+000
      vertex -1.200000e+001 -1.614656e+000 -8.588132e+000
    endloop
  endfacet
  facet normal -1.000000e+000  0.000000e+000  0.000000e+000
    outer loop
      vertex -1.200000e+001 -1.614656e+000 -8.588132e+000
      vertex -1.200000e+001 -4.189508e+000 -7.668843e+000
      vertex -1.200000e+001 -9.021704e-001 -5.931786e+000
    endloop
  endfacet
  facet normal -1.000000e+000  -0.000000e+000  0.000000e+000
    outer loop
      vertex -1.200000e+001 -9.021704e-001 -5.931786e+000
      vertex -1.200000e+001 -4.189508e+000 -7.668843e+000
      vertex -1.200000e+001 -6.805340e+000 -5.481832e+000
    endloop
  endfacet
  facet normal -9.999999e-001  0.000000e+000  0.000000e+000
    outer loop
      vertex -1.200000e+001 -9.021704e-001 -5.931786e+000
      vertex -1.200000e+001 -6.805340e+000 -5.481832e+000
      vertex -1.200000e+001 -2.876553e+000 -5.265495e+000
    endloop
  endfacet
  facet normal -1.000000e+000  0.000000e+000  0.000000e+000
    outer loop
      vertex -1.200000e+001 -2.876553e+000 -5.265495e+000
      vertex -1.200000e+001 -6.805340e+000 -5.481832e+000
      vertex -1.200000e+001 -4.876298e+000 -3.495958e+000
    endloop
  endfacet
  facet normal -1.000000e+000  -0.000000e+000  0.000000e+000
    outer loop
      vertex -1.200000e+001 -4.876298e+000 -3.495958e+000
      vertex -1.200000e+001 -6.805340e+000 -5.481832e+000
      vertex -1.200000e+001 -8.385120e+000 -2.460261e+000
    endloop
  endfacet
  facet normal -1.000000e+000  0.000000e+000  0.000000e+000
    outer loop
      vertex -1.200000e+001 -4.876298e+000 -3.495958e+000
      vertex -1.200000e+001 -8.385120e+000 -2.460261e+000
      vertex -1.200000e+001 -5.910232e+000 -1.034003e+000
    endloop
  endfacet
  facet normal -1.000000e+000  -0.000000e+000  0.000000e+000
    outer loop
      vertex -1.200000e+001 -5.910232e+000 -1.034003e+000
      vertex -1.200000e+001 -8.385120e+000 -2.460261e+000
      vertex -1.200000e+001 -8.688342e+000  9.358615e-001
    endloop
  endfacet
  facet normal -1.000000e+000  0.000000e+000  0.000000e+000
    outer loop
      vertex -1.200000e+001  8.588132e+000 -1.614656e+000
      vertex -1.200000e+001  5.896688e+000 -1.108637e+000
      vertex -1.200000e+001  8.502389e+000  2.018046e+000
    endloop
  endfacet
  facet normal -1.000000e+000  0.000000e+000  0.000000e+000
    outer loop
      vertex -1.200000e+001  8.502389e+000  2.018046e+000
      vertex -1.200000e+001  5.896688e+000 -1.108637e+000
      vertex -1.200000e+001  5.837815e+000  1.385608e+000
    endloop
  endfacet
  facet normal -1.000000e+000  0.000000e+000  0.000000e+000
    outer loop
      vertex -1.200000e+001  8.502389e+000  2.018046e+000
      vertex -1.200000e+001  5.837815e+000  1.385608e+000
      vertex -1.200000e+001  6.946505e+000  5.301810e+000
    endloop
  endfacet
  facet normal -1.000000e+000  0.000000e+000  0.000000e+000
    outer loop
      vertex -1.200000e+001  6.946505e+000  5.301810e+000
      vertex -1.200000e+001  5.837815e+000  1.385608e+000
      vertex -1.200000e+001  4.769532e+000  3.640270e+000
    endloop
  endfacet
  facet normal -1.000000e+000  0.000000e+000  0.000000e+000
    outer loop
      vertex -1.200000e+001  6.946505e+000  5.301810e+000
      vertex -1.200000e+001  4.769532e+000  3.640270e+000
      vertex -1.200000e+001  2.876553e+000  5.265495e+000
    endloop
  endfacet
  facet normal -1.000000e+000  0.000000e+000  0.000000e+000
    outer loop
      vertex -1.200000e+001  3.070721e-001  5.992137e+000
      vertex -1.200000e+001  4.189508e+000  7.668843e+000
      vertex -1.200000e+001  2.876553e+000  5.265495e+000
    endloop
  endfacet
  facet normal -1.000000e+000  0.000000e+000  0.000000e+000
    outer loop
      vertex -1.200000e+001  2.876553e+000  5.265495e+000
      vertex -1.200000e+001  4.189508e+000  7.668843e+000
      vertex -1.200000e+001  6.946505e+000  5.301810e+000
    endloop
  endfacet
  facet normal  3.815669e-001 -3.746521e-001 -8.450103e-001
    outer loop
      vertex -1.141421e+001 -2.425212e+001 -4.439320e+001
      vertex -1.141421e+001 -1.661447e+001 -4.777951e+001
      vertex -1.000000e+001 -2.397128e+001 -4.387913e+001
    endloop
  endfacet
  facet normal  4.025641e-001 -3.671771e-001 -8.385243e-001
    outer loop
      vertex -1.141421e+001 -1.661447e+001 -4.777951e+001
      vertex -1.000000e+001 -1.598757e+001 -4.737507e+001
      vertex -1.000000e+001 -2.397128e+001 -4.387913e+001
    endloop
  endfacet
  facet normal  4.025625e-001  5.072075e-001  7.620263e-001
    outer loop
      vertex -1.000000e+001  3.122663e+001  3.904994e+001
      vertex -1.141421e+001  3.122823e+001  3.979597e+001
      vertex -1.000000e+001  2.397128e+001  4.387913e+001
    endloop
  endfacet
  facet normal  3.815669e-001  5.086263e-001  7.718199e-001
    outer loop
      vertex -1.141421e+001  3.122823e+001  3.979597e+001
      vertex -1.141421e+001  2.425212e+001  4.439320e+001
      vertex -1.000000e+001  2.397128e+001  4.387913e+001
    endloop
  endfacet
  facet normal  9.234153e-001  2.111903e-001  3.204727e-001
    outer loop
      vertex -1.141421e+001  2.425212e+001  4.439320e+001
      vertex -1.141421e+001  3.122823e+001  3.979597e+001
      vertex -1.200000e+001  2.493013e+001  4.563429e+001
    endloop
  endfacet
  facet normal  9.195220e-001  2.177777e-001  3.271883e-001
    outer loop
      vertex -1.141421e+001  3.122823e+001  3.979597e+001
      vertex -1.200000e+001  3.247570e+001  4.061193e+001
      vertex -1.200000e+001  2.493013e+001  4.563429e+001
    endloop
  endfacet
  facet normal  9.195217e-001 -1.576538e-001 -3.600347e-001
    outer loop
      vertex -1.200000e+001 -1.662707e+001 -4.927008e+001
      vertex -1.141421e+001 -1.661447e+001 -4.777951e+001
      vertex -1.200000e+001 -2.493013e+001 -4.563429e+001
    endloop
  endfacet
  facet normal  9.234152e-001 -1.555620e-001 -3.508627e-001
    outer loop
      vertex -1.141421e+001 -1.661447e+001 -4.777951e+001
      vertex -1.141421e+001 -2.425212e+001 -4.439320e+001
      vertex -1.200000e+001 -2.493013e+001 -4.563429e+001
    endloop
  endfacet
  facet normal  9.268932e-001  2.552921e-001  2.751272e-001
    outer loop
      vertex -1.141421e+001  3.122823e+001  3.979597e+001
      vertex -1.141421e+001  3.735252e+001  3.411321e+001
      vertex -1.200000e+001  3.247570e+001  4.061193e+001
    endloop
  endfacet
  facet normal  9.297760e-001  2.913956e-001  2.249555e-001
    outer loop
      vertex -1.141421e+001  3.735252e+001  3.411321e+001
      vertex -1.141421e+001  4.245793e+001  2.749993e+001
      vertex -1.200000e+001  3.903450e+001  3.435560e+001
    endloop
  endfacet
  facet normal  9.158708e-001  2.771066e-001  2.905039e-001
    outer loop
      vertex -1.200000e+001  3.247570e+001  4.061193e+001
      vertex -1.141421e+001  3.735252e+001  3.411321e+001
      vertex -1.200000e+001  3.903450e+001  3.435560e+001
    endloop
  endfacet
  facet normal  4.208205e-001  6.261331e-001  6.564049e-001
    outer loop
      vertex -1.000000e+001  3.122663e+001  3.904994e+001
      vertex -1.000000e+001  3.753318e+001  3.303423e+001
      vertex -1.141421e+001  3.735252e+001  3.411321e+001
    endloop
  endfacet
  facet normal  3.612933e-001  6.342437e-001  6.835217e-001
    outer loop
      vertex -1.141421e+001  3.122823e+001  3.979597e+001
      vertex -1.000000e+001  3.122663e+001  3.904994e+001
      vertex -1.141421e+001  3.735252e+001  3.411321e+001
    endloop
  endfacet
  facet normal  9.321443e-001  3.191258e-001  1.710722e-001
    outer loop
      vertex -1.141421e+001  4.245793e+001  2.749993e+001
      vertex -1.141421e+001  4.640520e+001  2.013652e+001
      vertex -1.200000e+001  4.440727e+001  2.705539e+001
    endloop
  endfacet
  facet normal  9.124776e-001  3.295063e-001  2.425083e-001
    outer loop
      vertex -1.200000e+001  3.903450e+001  3.435560e+001
      vertex -1.141421e+001  4.245793e+001  2.749993e+001
      vertex -1.200000e+001  4.440727e+001  2.705539e+001
    endloop
  endfacet
  facet normal  4.363909e-001  7.246550e-001  5.333275e-001
    outer loop
      vertex -1.000000e+001  3.753318e+001  3.303423e+001
      vertex -1.000000e+001  4.269930e+001  2.601480e+001
      vertex -1.141421e+001  4.245793e+001  2.749993e+001
    endloop
  endfacet
  facet normal  3.429652e-001  7.435560e-001  5.740203e-001
    outer loop
      vertex -1.141421e+001  3.735252e+001  3.411321e+001
      vertex -1.000000e+001  3.753318e+001  3.303423e+001
      vertex -1.141421e+001  4.245793e+001  2.749993e+001
    endloop
  endfacet
  facet normal  9.340592e-001  3.382250e-001  1.146181e-001
    outer loop
      vertex -1.141421e+001  4.640520e+001  2.013652e+001
      vertex -1.141421e+001  4.908665e+001  1.222384e+001
      vertex -1.200000e+001  4.843074e+001  1.893312e+001
    endloop
  endfacet
  facet normal  9.094104e-001  3.726808e-001  1.846122e-001
    outer loop
      vertex -1.200000e+001  4.440727e+001  2.705539e+001
      vertex -1.141421e+001  4.640520e+001  2.013652e+001
      vertex -1.200000e+001  4.843074e+001  1.893312e+001
    endloop
  endfacet
  facet normal  4.494336e-001  8.004833e-001  3.965298e-001
    outer loop
      vertex -1.000000e+001  4.269930e+001  2.601480e+001
      vertex -1.000000e+001  4.656802e+001  1.820492e+001
      vertex -1.141421e+001  4.640520e+001  2.013652e+001
    endloop
  endfacet
  facet normal  3.267522e-001  8.329739e-001  4.465281e-001
    outer loop
      vertex -1.141421e+001  4.245793e+001  2.749993e+001
      vertex -1.000000e+001  4.269930e+001  2.601480e+001
      vertex -1.141421e+001  4.640520e+001  2.013652e+001
    endloop
  endfacet
  facet normal  9.355683e-001  3.485568e-001  5.674637e-002
    outer loop
      vertex -1.141421e+001  4.908665e+001  1.222384e+001
      vertex -1.141421e+001  5.042915e+001  3.977721e+000
      vertex -1.200000e+001  5.098267e+001  1.023557e+001
    endloop
  endfacet
  facet normal  9.067349e-001  4.046431e-001  1.187255e-001
    outer loop
      vertex -1.200000e+001  4.843074e+001  1.893312e+001
      vertex -1.141421e+001  4.908665e+001  1.222384e+001
      vertex -1.200000e+001  5.098267e+001  1.023557e+001
    endloop
  endfacet
  facet normal  4.600918e-001  8.519567e-001  2.499708e-001
    outer loop
      vertex -1.000000e+001  4.656802e+001  1.820492e+001
      vertex -1.000000e+001  4.902180e+001  9.841896e+000
      vertex -1.141421e+001  4.908665e+001  1.222384e+001
    endloop
  endfacet
  facet normal  3.128007e-001  8.995688e-001  3.048468e-001
    outer loop
      vertex -1.141421e+001  4.640520e+001  2.013652e+001
      vertex -1.000000e+001  4.656802e+001  1.820492e+001
      vertex -1.141421e+001  4.908665e+001  1.222384e+001
    endloop
  endfacet
  facet normal  9.367079e-001  3.501093e-001 -1.386138e-003
    outer loop
      vertex -1.141421e+001  5.042915e+001  3.977721e+000
      vertex -1.141421e+001  5.039608e+001 -4.376896e+000
      vertex -1.200000e+001  5.198552e+001  1.227022e+000
    endloop
  endfacet
  facet normal  9.045125e-001  4.238291e-001  4.718131e-002
    outer loop
      vertex -1.200000e+001  5.098267e+001  1.023557e+001
      vertex -1.141421e+001  5.042915e+001  3.977721e+000
      vertex -1.200000e+001  5.198552e+001  1.227022e+000
    endloop
  endfacet
  facet normal  4.684778e-001  8.780515e-001  9.774612e-002
    outer loop
      vertex -1.000000e+001  4.902180e+001  9.841896e+000
      vertex -1.000000e+001  4.998608e+001  1.179829e+000
      vertex -1.141421e+001  5.042915e+001  3.977721e+000
    endloop
  endfacet
  facet normal  3.012337e-001  9.411592e-001  1.532243e-001
    outer loop
      vertex -1.141421e+001  4.908665e+001  1.222384e+001
      vertex -1.000000e+001  4.902180e+001  9.841896e+000
      vertex -1.141421e+001  5.042915e+001  3.977721e+000
    endloop
  endfacet
  facet normal  9.375041e-001  3.429988e-001 -5.863304e-002
    outer loop
      vertex -1.141421e+001  5.039608e+001 -4.376896e+000
      vertex -1.141421e+001  4.898833e+001 -1.261212e+001
      vertex -1.200000e+001  5.140881e+001 -7.818810e+000
    endloop
  endfacet
  facet normal  9.027958e-001  4.291980e-001 -2.736299e-002
    outer loop
      vertex -1.200000e+001  5.198552e+001  1.227022e+000
      vertex -1.141421e+001  5.039608e+001 -4.376896e+000
      vertex -1.200000e+001  5.140881e+001 -7.818810e+000
    endloop
  endfacet
  facet normal  4.746850e-001  8.783724e-001 -5.599940e-002
    outer loop
      vertex -1.000000e+001  4.998608e+001  1.179829e+000
      vertex -1.000000e+001  4.943155e+001 -7.518086e+000
      vertex -1.141421e+001  5.039608e+001 -4.376896e+000
    endloop
  endfacet
  facet normal  2.921416e-001  9.563676e-001 -3.786410e-003
    outer loop
      vertex -1.141421e+001  5.042915e+001  3.977721e+000
      vertex -1.000000e+001  4.998608e+001  1.179829e+000
      vertex -1.141421e+001  5.039608e+001 -4.376896e+000
    endloop
  endfacet
  facet normal  9.379749e-001  3.274696e-001 -1.138716e-001
    outer loop
      vertex -1.141421e+001  4.898833e+001 -1.261212e+001
      vertex -1.141421e+001  4.624430e+001 -2.050332e+001
      vertex -1.200000e+001  4.927008e+001 -1.662707e+001
    endloop
  endfacet
  facet normal  9.016267e-001  4.203027e-001 -1.020538e-001
    outer loop
      vertex -1.200000e+001  5.140881e+001 -7.818810e+000
      vertex -1.141421e+001  4.898833e+001 -1.261212e+001
      vertex -1.200000e+001  4.927008e+001 -1.662707e+001
    endloop
  endfacet
  facet normal  4.787859e-001  8.531425e-001 -2.071521e-001
    outer loop
      vertex -1.000000e+001  4.943155e+001 -7.518086e+000
      vertex -1.000000e+001  4.737507e+001 -1.598757e+001
      vertex -1.141421e+001  4.898833e+001 -1.261212e+001
    endloop
  endfacet
  facet normal  2.855964e-001  9.446474e-001 -1.614803e-001
    outer loop
      vertex -1.141421e+001  5.039608e+001 -4.376896e+000
      vertex -1.000000e+001  4.943155e+001 -7.518086e+000
      vertex -1.141421e+001  4.898833e+001 -1.261212e+001
    endloop
  endfacet
  facet normal  9.381307e-001  3.038904e-001 -1.660162e-001
    outer loop
      vertex -1.141421e+001  4.624430e+001 -2.050332e+001
      vertex -1.141421e+001  4.223885e+001 -2.783525e+001
      vertex -1.200000e+001  4.563429e+001 -2.493013e+001
    endloop
  endfacet
  facet normal  9.010344e-001  3.973248e-001 -1.739826e-001
    outer loop
      vertex -1.200000e+001  4.927008e+001 -1.662707e+001
      vertex -1.141421e+001  4.624430e+001 -2.050332e+001
      vertex -1.200000e+001  4.563429e+001 -2.493013e+001
    endloop
  endfacet
  facet normal  4.808251e-001  8.031883e-001 -3.517040e-001
    outer loop
      vertex -1.000000e+001  4.737507e+001 -1.598757e+001
      vertex -1.000000e+001  4.387913e+001 -2.397128e+001
      vertex -1.141421e+001  4.624430e+001 -2.050332e+001
    endloop
  endfacet
  facet normal  2.816525e-001  9.062867e-001 -3.151449e-001
    outer loop
      vertex -1.141421e+001  4.898833e+001 -1.261212e+001
      vertex -1.000000e+001  4.737507e+001 -1.598757e+001
      vertex -1.141421e+001  4.624430e+001 -2.050332e+001
    endloop
  endfacet
  facet normal  9.379750e-001  2.727521e-001 -2.140307e-001
    outer loop
      vertex -1.141421e+001  4.223885e+001 -2.783525e+001
      vertex -1.141421e+001  3.708124e+001 -3.440790e+001
      vertex -1.200000e+001  4.061193e+001 -3.247570e+001
    endloop
  endfacet
  facet normal  9.010349e-001  3.610761e-001 -2.403336e-001
    outer loop
      vertex -1.200000e+001  4.563429e+001 -2.493013e+001
      vertex -1.141421e+001  4.223885e+001 -2.783525e+001
      vertex -1.200000e+001  4.061193e+001 -3.247570e+001
    endloop
  endfacet
  facet normal  4.808235e-001  7.299140e-001 -4.858335e-001
    outer loop
      vertex -1.000000e+001  4.387913e+001 -2.397128e+001
      vertex -1.000000e+001  3.904994e+001 -3.122663e+001
      vertex -1.141421e+001  4.223885e+001 -2.783525e+001
    endloop
  endfacet
  facet normal  2.803329e-001  8.423939e-001 -4.602022e-001
    outer loop
      vertex -1.141421e+001  4.624430e+001 -2.050332e+001
      vertex -1.000000e+001  4.387913e+001 -2.397128e+001
      vertex -1.141421e+001  4.223885e+001 -2.783525e+001
    endloop
  endfacet
  facet normal  9.375042e-001  2.346611e-001 -2.569441e-001
    outer loop
      vertex -1.141421e+001  3.708124e+001 -3.440790e+001
      vertex -1.141421e+001  3.091215e+001 -4.004199e+001
      vertex -1.200000e+001  3.435560e+001 -3.903450e+001
    endloop
  endfacet
  facet normal  9.016266e-001  3.129658e-001 -2.985326e-001
    outer loop
      vertex -1.200000e+001  4.061193e+001 -3.247570e+001
      vertex -1.141421e+001  3.708124e+001 -3.440790e+001
      vertex -1.200000e+001  3.435560e+001 -3.903450e+001
    endloop
  endfacet
  facet normal  4.787861e-001  6.352670e-001 -6.059701e-001
    outer loop
      vertex -1.000000e+001  3.904994e+001 -3.122663e+001
      vertex -1.000000e+001  3.303423e+001 -3.753318e+001
      vertex -1.141421e+001  3.708124e+001 -3.440790e+001
    endloop
  endfacet
  facet normal  2.816509e-001  7.548547e-001 -5.923405e-001
    outer loop
      vertex -1.141421e+001  4.223885e+001 -2.783525e+001
      vertex -1.000000e+001  3.904994e+001 -3.122663e+001
      vertex -1.141421e+001  3.708124e+001 -3.440790e+001
    endloop
  endfacet
  facet normal  9.367079e-001  1.903311e-001 -2.938575e-001
    outer loop
      vertex -1.141421e+001  3.091215e+001 -4.004199e+001
      vertex -1.141421e+001  2.389985e+001 -4.458384e+001
      vertex -1.200000e+001  2.705539e+001 -4.440727e+001
    endloop
  endfacet
  facet normal  9.027960e-001  2.549217e-001 -3.463730e-001
    outer loop
      vertex -1.200000e+001  3.435560e+001 -3.903450e+001
      vertex -1.141421e+001  3.091215e+001 -4.004199e+001
      vertex -1.200000e+001  2.705539e+001 -4.440727e+001
    endloop
  endfacet
  facet normal  4.746852e-001  5.217088e-001 -7.088681e-001
    outer loop
      vertex -1.000000e+001  3.303423e+001 -3.753318e+001
      vertex -1.000000e+001  2.601480e+001 -4.269930e+001
      vertex -1.141421e+001  3.091215e+001 -4.004199e+001
    endloop
  endfacet
  facet normal  2.855976e-001  6.462758e-001 -7.076451e-001
    outer loop
      vertex -1.141421e+001  3.708124e+001 -3.440790e+001
      vertex -1.000000e+001  3.303423e+001 -3.753318e+001
      vertex -1.141421e+001  3.091215e+001 -4.004199e+001
    endloop
  endfacet
  facet normal  9.355683e-001  1.405755e-001 -3.239606e-001
    outer loop
      vertex -1.141421e+001  2.389985e+001 -4.458384e+001
      vertex -1.141421e+001  1.623563e+001 -4.790956e+001
      vertex -1.200000e+001  1.893312e+001 -4.843074e+001
    endloop
  endfacet
  facet normal  9.045126e-001  1.892939e-001 -3.821319e-001
    outer loop
      vertex -1.200000e+001  2.705539e+001 -4.440727e+001
      vertex -1.141421e+001  2.389985e+001 -4.458384e+001
      vertex -1.200000e+001  1.893312e+001 -4.843074e+001
    endloop
  endfacet
  facet normal  4.684779e-001  3.921626e-001 -7.916672e-001
    outer loop
      vertex -1.000000e+001  2.601480e+001 -4.269930e+001
      vertex -1.000000e+001  1.820492e+001 -4.656802e+001
      vertex -1.141421e+001  2.389985e+001 -4.458384e+001
    endloop
  endfacet
  facet normal  2.921412e-001  5.199140e-001 -8.027097e-001
    outer loop
      vertex -1.141421e+001  3.091215e+001 -4.004199e+001
      vertex -1.000000e+001  2.601480e+001 -4.269930e+001
      vertex -1.141421e+001  2.389985e+001 -4.458384e+001
    endloop
  endfacet
  facet normal  9.340590e-001  8.629629e-002 -3.465354e-001
    outer loop
      vertex -1.141421e+001  1.623563e+001 -4.790956e+001
      vertex -1.141421e+001  8.128542e+000 -4.992844e+001
      vertex -1.200000e+001  1.023557e+001 -5.098267e+001
    endloop
  endfacet
  facet normal  9.067351e-001  1.187254e-001 -4.046428e-001
    outer loop
      vertex -1.200000e+001  1.893312e+001 -4.843074e+001
      vertex -1.141421e+001  1.623563e+001 -4.790956e+001
      vertex -1.200000e+001  1.023557e+001 -5.098267e+001
    endloop
  endfacet
  facet normal  4.600910e-001  2.499709e-001 -8.519570e-001
    outer loop
      vertex -1.000000e+001  1.820492e+001 -4.656802e+001
      vertex -1.000000e+001  9.841896e+000 -4.902180e+001
      vertex -1.141421e+001  1.623563e+001 -4.790956e+001
    endloop
  endfacet
  facet normal  3.012329e-001  3.795765e-001 -8.747460e-001
    outer loop
      vertex -1.141421e+001  2.389985e+001 -4.458384e+001
      vertex -1.000000e+001  1.820492e+001 -4.656802e+001
      vertex -1.141421e+001  1.623563e+001 -4.790956e+001
    endloop
  endfacet
  facet normal  9.321442e-001  2.847193e-002 -3.609661e-001
    outer loop
      vertex -1.141421e+001  8.128542e+000 -4.992844e+001
      vertex -1.141421e+001 -2.002714e-001 -5.058539e+001
      vertex -1.200000e+001  1.227022e+000 -5.198552e+001
    endloop
  endfacet
  facet normal  9.094100e-001  4.601450e-002 -4.133476e-001
    outer loop
      vertex -1.200000e+001  1.023557e+001 -5.098267e+001
      vertex -1.141421e+001  8.128542e+000 -4.992844e+001
      vertex -1.200000e+001  1.227022e+000 -5.198552e+001
    endloop
  endfacet
  facet normal  4.494358e-001  9.883450e-002 -8.878284e-001
    outer loop
      vertex -1.000000e+001  9.841896e+000 -4.902180e+001
      vertex -1.000000e+001  1.179829e+000 -4.998608e+001
      vertex -1.141421e+001  8.128542e+000 -4.992844e+001
    endloop
  endfacet
  facet normal  3.128028e-001  2.295197e-001 -9.216698e-001
    outer loop
      vertex -1.141421e+001  1.623563e+001 -4.790956e+001
      vertex -1.000000e+001  9.841896e+000 -4.902180e+001
      vertex -1.141421e+001  8.128542e+000 -4.992844e+001
    endloop
  endfacet
  facet normal  9.297761e-001 -3.185172e-002 -3.667449e-001
    outer loop
      vertex -1.141421e+001 -2.002714e-001 -5.058539e+001
      vertex -1.141421e+001 -8.523622e+000 -4.986251e+001
      vertex -1.200000e+001 -7.818810e+000 -5.140881e+001
    endloop
  endfacet
  facet normal  9.124776e-001 -2.603053e-002 -4.082979e-001
    outer loop
      vertex -1.200000e+001  1.227022e+000 -5.198552e+001
      vertex -1.141421e+001 -2.002714e-001 -5.058539e+001
      vertex -1.200000e+001 -7.818810e+000 -5.140881e+001
    endloop
  endfacet
  facet normal  4.363903e-001 -5.724655e-002 -8.979345e-001
    outer loop
      vertex -1.000000e+001  1.179829e+000 -4.998608e+001
      vertex -1.000000e+001 -7.518086e+000 -4.943155e+001
      vertex -1.141421e+001 -2.002714e-001 -5.058539e+001
    endloop
  endfacet
  facet normal  3.267523e-001  7.431663e-002 -9.421837e-001
    outer loop
      vertex -1.141421e+001  8.128542e+000 -4.992844e+001
      vertex -1.000000e+001  1.179829e+000 -4.998608e+001
      vertex -1.141421e+001 -2.002714e-001 -5.058539e+001
    endloop
  endfacet
  facet normal  9.268929e-001 -9.357671e-002 -3.634733e-001
    outer loop
      vertex -1.141421e+001 -8.523622e+000 -4.986251e+001
      vertex -1.141421e+001 -1.661447e+001 -4.777951e+001
      vertex -1.200000e+001 -1.662707e+001 -4.927008e+001
    endloop
  endfacet
  facet normal  9.158710e-001 -9.472928e-002 -3.901370e-001
    outer loop
      vertex -1.200000e+001 -7.818810e+000 -5.140881e+001
      vertex -1.141421e+001 -8.523622e+000 -4.986251e+001
      vertex -1.200000e+001 -1.662707e+001 -4.927008e+001
    endloop
  endfacet
  facet normal  4.208196e-001 -2.140449e-001 -8.815302e-001
    outer loop
      vertex -1.000000e+001 -7.518086e+000 -4.943155e+001
      vertex -1.000000e+001 -1.598757e+001 -4.737507e+001
      vertex -1.141421e+001 -8.523622e+000 -4.986251e+001
    endloop
  endfacet
  facet normal  3.429638e-001 -8.127628e-002 -9.358258e-001
    outer loop
      vertex -1.141421e+001 -2.002714e-001 -5.058539e+001
      vertex -1.000000e+001 -7.518086e+000 -4.943155e+001
      vertex -1.141421e+001 -8.523622e+000 -4.986251e+001
    endloop
  endfacet
  facet normal  3.612950e-001 -2.324800e-001 -9.030055e-001
    outer loop
      vertex -1.141421e+001 -8.523622e+000 -4.986251e+001
      vertex -1.000000e+001 -1.598757e+001 -4.737507e+001
      vertex -1.141421e+001 -1.661447e+001 -4.777951e+001
    endloop
  endfacet
  facet normal  3.815669e-001  3.746521e-001  8.450103e-001
    outer loop
      vertex -1.141421e+001  2.425212e+001  4.439320e+001
      vertex -1.141421e+001  1.661447e+001  4.777951e+001
      vertex -1.000000e+001  2.397128e+001  4.387913e+001
    endloop
  endfacet
  facet normal  4.025641e-001  3.671771e-001  8.385243e-001
    outer loop
      vertex -1.141421e+001  1.661447e+001  4.777951e+001
      vertex -1.000000e+001  1.598757e+001  4.737507e+001
      vertex -1.000000e+001  2.397128e+001  4.387913e+001
    endloop
  endfacet
  facet normal  4.025625e-001 -5.072075e-001 -7.620263e-001
    outer loop
      vertex -1.000000e+001 -3.122663e+001 -3.904994e+001
      vertex -1.141421e+001 -3.122823e+001 -3.979597e+001
      vertex -1.000000e+001 -2.397128e+001 -4.387913e+001
    endloop
  endfacet
  facet normal  3.815669e-001 -5.086263e-001 -7.718199e-001
    outer loop
      vertex -1.141421e+001 -3.122823e+001 -3.979597e+001
      vertex -1.141421e+001 -2.425212e+001 -4.439320e+001
      vertex -1.000000e+001 -2.397128e+001 -4.387913e+001
    endloop
  endfacet
  facet normal  9.234153e-001 -2.111903e-001 -3.204727e-001
    outer loop
      vertex -1.141421e+001 -2.425212e+001 -4.439320e+001
      vertex -1.141421e+001 -3.122823e+001 -3.979597e+001
      vertex -1.200000e+001 -2.493013e+001 -4.563429e+001
    endloop
  endfacet
  facet normal  9.195220e-001 -2.177777e-001 -3.271883e-001
    outer loop
      vertex -1.141421e+001 -3.122823e+001 -3.979597e+001
      vertex -1.200000e+001 -3.247570e+001 -4.061193e+001
      vertex -1.200000e+001 -2.493013e+001 -4.563429e+001
    endloop
  endfacet
  facet normal  9.195217e-001  1.576538e-001  3.600347e-001
    outer loop
      vertex -1.200000e+001  1.662707e+001  4.927008e+001
      vertex -1.141421e+001  1.661447e+001  4.777951e+001
      vertex -1.200000e+001  2.493013e+001  4.563429e+001
    endloop
  endfacet
  facet normal  9.234152e-001  1.555620e-001  3.508627e-001
    outer loop
      vertex -1.141421e+001  1.661447e+001  4.777951e+001
      vertex -1.141421e+001  2.425212e+001  4.439320e+001
      vertex -1.200000e+001  2.493013e+001  4.563429e+001
    endloop
  endfacet
  facet normal  9.268932e-001 -2.552921e-001 -2.751272e-001
    outer loop
      vertex -1.141421e+001 -3.122823e+001 -3.979597e+001
      vertex -1.141421e+001 -3.735252e+001 -3.411321e+001
      vertex -1.200000e+001 -3.247570e+001 -4.061193e+001
    endloop
  endfacet
  facet normal  9.297760e-001 -2.913956e-001 -2.249555e-001
    outer loop
      vertex -1.141421e+001 -3.735252e+001 -3.411321e+001
      vertex -1.141421e+001 -4.245793e+001 -2.749993e+001
      vertex -1.200000e+001 -3.903450e+001 -3.435560e+001
    endloop
  endfacet
  facet normal  9.158708e-001 -2.771066e-001 -2.905039e-001
    outer loop
      vertex -1.200000e+001 -3.247570e+001 -4.061193e+001
      vertex -1.141421e+001 -3.735252e+001 -3.411321e+001
      vertex -1.200000e+001 -3.903450e+001 -3.435560e+001
    endloop
  endfacet
  facet normal  4.208205e-001 -6.261331e-001 -6.564049e-001
    outer loop
      vertex -1.000000e+001 -3.122663e+001 -3.904994e+001
      vertex -1.000000e+001 -3.753318e+001 -3.303423e+001
      vertex -1.141421e+001 -3.735252e+001 -3.411321e+001
    endloop
  endfacet
  facet normal  3.612933e-001 -6.342437e-001 -6.835217e-001
    outer loop
      vertex -1.141421e+001 -3.122823e+001 -3.979597e+001
      vertex -1.000000e+001 -3.122663e+001 -3.904994e+001
      vertex -1.141421e+001 -3.735252e+001 -3.411321e+001
    endloop
  endfacet
  facet normal  9.321443e-001 -3.191258e-001 -1.710722e-001
    outer loop
      vertex -1.141421e+001 -4.245793e+001 -2.749993e+001
      vertex -1.141421e+001 -4.640520e+001 -2.013652e+001
      vertex -1.200000e+001 -4.440727e+001 -2.705539e+001
    endloop
  endfacet
  facet normal  9.124776e-001 -3.295063e-001 -2.425083e-001
    outer loop
      vertex -1.200000e+001 -3.903450e+001 -3.435560e+001
      vertex -1.141421e+001 -4.245793e+001 -2.749993e+001
      vertex -1.200000e+001 -4.440727e+001 -2.705539e+001
    endloop
  endfacet
  facet normal  4.363909e-001 -7.246550e-001 -5.333275e-001
    outer loop
      vertex -1.000000e+001 -3.753318e+001 -3.303423e+001
      vertex -1.000000e+001 -4.269930e+001 -2.601480e+001
      vertex -1.141421e+001 -4.245793e+001 -2.749993e+001
    endloop
  endfacet
  facet normal  3.429652e-001 -7.435560e-001 -5.740203e-001
    outer loop
      vertex -1.141421e+001 -3.735252e+001 -3.411321e+001
      vertex -1.000000e+001 -3.753318e+001 -3.303423e+001
      vertex -1.141421e+001 -4.245793e+001 -2.749993e+001
    endloop
  endfacet
  facet normal  9.340592e-001 -3.382250e-001 -1.146181e-001
    outer loop
      vertex -1.141421e+001 -4.640520e+001 -2.013652e+001
      vertex -1.141421e+001 -4.908665e+001 -1.222384e+001
      vertex -1.200000e+001 -4.843074e+001 -1.893312e+001
    endloop
  endfacet
  facet normal  9.094104e-001 -3.726808e-001 -1.846122e-001
    outer loop
      vertex -1.200000e+001 -4.440727e+001 -2.705539e+001
      vertex -1.141421e+001 -4.640520e+001 -2.013652e+001
      vertex -1.200000e+001 -4.843074e+001 -1.893312e+001
    endloop
  endfacet
  facet normal  4.494336e-001 -8.004833e-001 -3.965298e-001
    outer loop
      vertex -1.000000e+001 -4.269930e+001 -2.601480e+001
      vertex -1.000000e+001 -4.656802e+001 -1.820492e+001
      vertex -1.141421e+001 -4.640520e+001 -2.013652e+001
    endloop
  endfacet
  facet normal  3.267522e-001 -8.329739e-001 -4.465281e-001
    outer loop
      vertex -1.141421e+001 -4.245793e+001 -2.749993e+001
      vertex -1.000000e+001 -4.269930e+001 -2.601480e+001
      vertex -1.141421e+001 -4.640520e+001 -2.013652e+001
    endloop
  endfacet
  facet normal  9.355683e-001 -3.485568e-001 -5.674637e-002
    outer loop
      vertex -1.141421e+001 -4.908665e+001 -1.222384e+001
      vertex -1.141421e+001 -5.042915e+001 -3.977721e+000
      vertex -1.200000e+001 -5.098267e+001 -1.023557e+001
    endloop
  endfacet
  facet normal  9.067349e-001 -4.046431e-001 -1.187255e-001
    outer loop
      vertex -1.200000e+001 -4.843074e+001 -1.893312e+001
      vertex -1.141421e+001 -4.908665e+001 -1.222384e+001
      vertex -1.200000e+001 -5.098267e+001 -1.023557e+001
    endloop
  endfacet
  facet normal  4.600918e-001 -8.519567e-001 -2.499708e-001
    outer loop
      vertex -1.000000e+001 -4.656802e+001 -1.820492e+001
      vertex -1.000000e+001 -4.902180e+001 -9.841896e+000
      vertex -1.141421e+001 -4.908665e+001 -1.222384e+001
    endloop
  endfacet
  facet normal  3.128007e-001 -8.995688e-001 -3.048468e-001
    outer loop
      vertex -1.141421e+001 -4.640520e+001 -2.013652e+001
      vertex -1.000000e+001 -4.656802e+001 -1.820492e+001
      vertex -1.141421e+001 -4.908665e+001 -1.222384e+001
    endloop
  endfacet
  facet normal  9.367079e-001 -3.501093e-001  1.386138e-003
    outer loop
      vertex -1.141421e+001 -5.042915e+001 -3.977721e+000
      vertex -1.141421e+001 -5.039608e+001  4.376896e+000
      vertex -1.200000e+001 -5.198552e+001 -1.227022e+000
    endloop
  endfacet
  facet normal  9.045125e-001 -4.238291e-001 -4.718131e-002
    outer loop
      vertex -1.200000e+001 -5.098267e+001 -1.023557e+001
      vertex -1.141421e+001 -5.042915e+001 -3.977721e+000
      vertex -1.200000e+001 -5.198552e+001 -1.227022e+000
    endloop
  endfacet
  facet normal  4.684778e-001 -8.780515e-001 -9.774612e-002
    outer loop
      vertex -1.000000e+001 -4.902180e+001 -9.841896e+000
      vertex -1.000000e+001 -4.998608e+001 -1.179829e+000
      vertex -1.141421e+001 -5.042915e+001 -3.977721e+000
    endloop
  endfacet
  facet normal  3.012337e-001 -9.411592e-001 -1.532243e-001
    outer loop
      vertex -1.141421e+001 -4.908665e+001 -1.222384e+001
      vertex -1.000000e+001 -4.902180e+001 -9.841896e+000
      vertex -1.141421e+001 -5.042915e+001 -3.977721e+000
    endloop
  endfacet
  facet normal  9.375041e-001 -3.429988e-001  5.863304e-002
    outer loop
      vertex -1.141421e+001 -5.039608e+001  4.376896e+000
      vertex -1.141421e+001 -4.898833e+001  1.261212e+001
      vertex -1.200000e+001 -5.140881e+001  7.818810e+000
    endloop
  endfacet
  facet normal  9.027958e-001 -4.291980e-001  2.736299e-002
    outer loop
      vertex -1.200000e+001 -5.198552e+001 -1.227022e+000
      vertex -1.141421e+001 -5.039608e+001  4.376896e+000
      vertex -1.200000e+001 -5.140881e+001  7.818810e+000
    endloop
  endfacet
  facet normal  4.746850e-001 -8.783724e-001  5.599940e-002
    outer loop
      vertex -1.000000e+001 -4.998608e+001 -1.179829e+000
      vertex -1.000000e+001 -4.943155e+001  7.518086e+000
      vertex -1.141421e+001 -5.039608e+001  4.376896e+000
    endloop
  endfacet
  facet normal  2.921416e-001 -9.563676e-001  3.786410e-003
    outer loop
      vertex -1.141421e+001 -5.042915e+001 -3.977721e+000
      vertex -1.000000e+001 -4.998608e+001 -1.179829e+000
      vertex -1.141421e+001 -5.039608e+001  4.376896e+000
    endloop
  endfacet
  facet normal  9.379749e-001 -3.274696e-001  1.138716e-001
    outer loop
      vertex -1.141421e+001 -4.898833e+001  1.261212e+001
      vertex -1.141421e+001 -4.624430e+001  2.050332e+001
      vertex -1.200000e+001 -4.927008e+001  1.662707e+001
    endloop
  endfacet
  facet normal  9.016267e-001 -4.203027e-001  1.020538e-001
    outer loop
      vertex -1.200000e+001 -5.140881e+001  7.818810e+000
      vertex -1.141421e+001 -4.898833e+001  1.261212e+001
      vertex -1.200000e+001 -4.927008e+001  1.662707e+001
    endloop
  endfacet
  facet normal  4.787859e-001 -8.531425e-001  2.071521e-001
    outer loop
      vertex -1.000000e+001 -4.943155e+001  7.518086e+000
      vertex -1.000000e+001 -4.737507e+001  1.598757e+001
      vertex -1.141421e+001 -4.898833e+001  1.261212e+001
    endloop
  endfacet
  facet normal  2.855964e-001 -9.446474e-001  1.614803e-001
    outer loop
      vertex -1.141421e+001 -5.039608e+001  4.376896e+000
      vertex -1.000000e+001 -4.943155e+001  7.518086e+000
      vertex -1.141421e+001 -4.898833e+001  1.261212e+001
    endloop
  endfacet
  facet normal  9.381307e-001 -3.038904e-001  1.660162e-001
    outer loop
      vertex -1.141421e+001 -4.624430e+001  2.050332e+001
      vertex -1.141421e+001 -4.223885e+001  2.783525e+001
      vertex -1.200000e+001 -4.563429e+001  2.493013e+001
    endloop
  endfacet
  facet normal  9.010344e-001 -3.973248e-001  1.739826e-001
    outer loop
      vertex -1.200000e+001 -4.927008e+001  1.662707e+001
      vertex -1.141421e+001 -4.624430e+001  2.050332e+001
      vertex -1.200000e+001 -4.563429e+001  2.493013e+001
    endloop
  endfacet
  facet normal  4.808251e-001 -8.031883e-001  3.517040e-001
    outer loop
      vertex -1.000000e+001 -4.737507e+001  1.598757e+001
      vertex -1.000000e+001 -4.387913e+001  2.397128e+001
      vertex -1.141421e+001 -4.624430e+001  2.050332e+001
    endloop
  endfacet
  facet normal  2.816525e-001 -9.062867e-001  3.151449e-001
    outer loop
      vertex -1.141421e+001 -4.898833e+001  1.261212e+001
      vertex -1.000000e+001 -4.737507e+001  1.598757e+001
      vertex -1.141421e+001 -4.624430e+001  2.050332e+001
    endloop
  endfacet
  facet normal  9.379750e-001 -2.727521e-001  2.140307e-001
    outer loop
      vertex -1.141421e+001 -4.223885e+001  2.783525e+001
      vertex -1.141421e+001 -3.708124e+001  3.440790e+001
      vertex -1.200000e+001 -4.061193e+001  3.247570e+001
    endloop
  endfacet
  facet normal  9.010349e-001 -3.610761e-001  2.403336e-001
    outer loop
      vertex -1.200000e+001 -4.563429e+001  2.493013e+001
      vertex -1.141421e+001 -4.223885e+001  2.783525e+001
      vertex -1.200000e+001 -4.061193e+001  3.247570e+001
    endloop
  endfacet
  facet normal  4.808235e-001 -7.299140e-001  4.858335e-001
    outer loop
      vertex -1.000000e+001 -4.387913e+001  2.397128e+001
      vertex -1.000000e+001 -3.904994e+001  3.122663e+001
      vertex -1.141421e+001 -4.223885e+001  2.783525e+001
    endloop
  endfacet
  facet normal  2.803329e-001 -8.423939e-001  4.602022e-001
    outer loop
      vertex -1.141421e+001 -4.624430e+001  2.050332e+001
      vertex -1.000000e+001 -4.387913e+001  2.397128e+001
      vertex -1.141421e+001 -4.223885e+001  2.783525e+001
    endloop
  endfacet
  facet normal  9.375042e-001 -2.346611e-001  2.569441e-001
    outer loop
      vertex -1.141421e+001 -3.708124e+001  3.440790e+001
      vertex -1.141421e+001 -3.091215e+001  4.004199e+001
      vertex -1.200000e+001 -3.435560e+001  3.903450e+001
    endloop
  endfacet
  facet normal  9.016266e-001 -3.129658e-001  2.985326e-001
    outer loop
      vertex -1.200000e+001 -4.061193e+001  3.247570e+001
      vertex -1.141421e+001 -3.708124e+001  3.440790e+001
      vertex -1.200000e+001 -3.435560e+001  3.903450e+001
    endloop
  endfacet
  facet normal  4.787861e-001 -6.352670e-001  6.059701e-001
    outer loop
      vertex -1.000000e+001 -3.904994e+001  3.122663e+001
      vertex -1.000000e+001 -3.303423e+001  3.753318e+001
      vertex -1.141421e+001 -3.708124e+001  3.440790e+001
    endloop
  endfacet
  facet normal  2.816509e-001 -7.548547e-001  5.923405e-001
    outer loop
      vertex -1.141421e+001 -4.223885e+001  2.783525e+001
      vertex -1.000000e+001 -3.904994e+001  3.122663e+001
      vertex -1.141421e+001 -3.708124e+001  3.440790e+001
    endloop
  endfacet
  facet normal  9.367079e-001 -1.903311e-001  2.938575e-001
    outer loop
      vertex -1.141421e+001 -3.091215e+001  4.004199e+001
      vertex -1.141421e+001 -2.389985e+001  4.458384e+001
      vertex -1.200000e+001 -2.705539e+001  4.440727e+001
    endloop
  endfacet
  facet normal  9.027960e-001 -2.549217e-001  3.463730e-001
    outer loop
      vertex -1.200000e+001 -3.435560e+001  3.903450e+001
      vertex -1.141421e+001 -3.091215e+001  4.004199e+001
      vertex -1.200000e+001 -2.705539e+001  4.440727e+001
    endloop
  endfacet
  facet normal  4.746852e-001 -5.217088e-001  7.088681e-001
    outer loop
      vertex -1.000000e+001 -3.303423e+001  3.753318e+001
      vertex -1.000000e+001 -2.601480e+001  4.269930e+001
      vertex -1.141421e+001 -3.091215e+001  4.004199e+001
    endloop
  endfacet
  facet normal  2.855976e-001 -6.462758e-001  7.076451e-001
    outer loop
      vertex -1.141421e+001 -3.708124e+001  3.440790e+001
      vertex -1.000000e+001 -3.303423e+001  3.753318e+001
      vertex -1.141421e+001 -3.091215e+001  4.004199e+001
    endloop
  endfacet
  facet normal  9.355683e-001 -1.405755e-001  3.239606e-001
    outer loop
      vertex -1.141421e+001 -2.389985e+001  4.458384e+001
      vertex -1.141421e+001 -1.623563e+001  4.790956e+001
      vertex -1.200000e+001 -1.893312e+001  4.843074e+001
    endloop
  endfacet
  facet normal  9.045126e-001 -1.892939e-001  3.821319e-001
    outer loop
      vertex -1.200000e+001 -2.705539e+001  4.440727e+001
      vertex -1.141421e+001 -2.389985e+001  4.458384e+001
      vertex -1.200000e+001 -1.893312e+001  4.843074e+001
    endloop
  endfacet
  facet normal  4.684779e-001 -3.921626e-001  7.916672e-001
    outer loop
      vertex -1.000000e+001 -2.601480e+001  4.269930e+001
      vertex -1.000000e+001 -1.820492e+001  4.656802e+001
      vertex -1.141421e+001 -2.389985e+001  4.458384e+001
    endloop
  endfacet
  facet normal  2.921412e-001 -5.199140e-001  8.027097e-001
    outer loop
      vertex -1.141421e+001 -3.091215e+001  4.004199e+001
      vertex -1.000000e+001 -2.601480e+001  4.269930e+001
      vertex -1.141421e+001 -2.389985e+001  4.458384e+001
    endloop
  endfacet
  facet normal  9.340590e-001 -8.629629e-002  3.465354e-001
    outer loop
      vertex -1.141421e+001 -1.623563e+001  4.790956e+001
      vertex -1.141421e+001 -8.128542e+000  4.992844e+001
      vertex -1.200000e+001 -1.023557e+001  5.098267e+001
    endloop
  endfacet
  facet normal  9.067351e-001 -1.187254e-001  4.046428e-001
    outer loop
      vertex -1.200000e+001 -1.893312e+001  4.843074e+001
      vertex -1.141421e+001 -1.623563e+001  4.790956e+001
      vertex -1.200000e+001 -1.023557e+001  5.098267e+001
    endloop
  endfacet
  facet normal  4.600910e-001 -2.499709e-001  8.519570e-001
    outer loop
      vertex -1.000000e+001 -1.820492e+001  4.656802e+001
      vertex -1.000000e+001 -9.841896e+000  4.902180e+001
      vertex -1.141421e+001 -1.623563e+001  4.790956e+001
    endloop
  endfacet
  facet normal  3.012329e-001 -3.795765e-001  8.747460e-001
    outer loop
      vertex -1.141421e+001 -2.389985e+001  4.458384e+001
      vertex -1.000000e+001 -1.820492e+001  4.656802e+001
      vertex -1.141421e+001 -1.623563e+001  4.790956e+001
    endloop
  endfacet
  facet normal  9.321442e-001 -2.847193e-002  3.609661e-001
    outer loop
      vertex -1.141421e+001 -8.128542e+000  4.992844e+001
      vertex -1.141421e+001  2.002714e-001  5.058539e+001
      vertex -1.200000e+001 -1.227022e+000  5.198552e+001
    endloop
  endfacet
  facet normal  9.094100e-001 -4.601450e-002  4.133476e-001
    outer loop
      vertex -1.200000e+001 -1.023557e+001  5.098267e+001
      vertex -1.141421e+001 -8.128542e+000  4.992844e+001
      vertex -1.200000e+001 -1.227022e+000  5.198552e+001
    endloop
  endfacet
  facet normal  4.494358e-001 -9.883450e-002  8.878284e-001
    outer loop
      vertex -1.000000e+001 -9.841896e+000  4.902180e+001
      vertex -1.000000e+001 -1.179829e+000  4.998608e+001
      vertex -1.141421e+001 -8.128542e+000  4.992844e+001
    endloop
  endfacet
  facet normal  3.128028e-001 -2.295197e-001  9.216698e-001
    outer loop
      vertex -1.141421e+001 -1.623563e+001  4.790956e+001
      vertex -1.000000e+001 -9.841896e+000  4.902180e+001
      vertex -1.141421e+001 -8.128542e+000  4.992844e+001
    endloop
  endfacet
  facet normal  9.297761e-001  3.185172e-002  3.667449e-001
    outer loop
      vertex -1.141421e+001  2.002714e-001  5.058539e+001
      vertex -1.141421e+001  8.523622e+000  4.986251e+001
      vertex -1.200000e+001  7.818810e+000  5.140881e+001
    endloop
  endfacet
  facet normal  9.124776e-001  2.603053e-002  4.082979e-001
    outer loop
      vertex -1.200000e+001 -1.227022e+000  5.198552e+001
      vertex -1.141421e+001  2.002714e-001  5.058539e+001
      vertex -1.200000e+001  7.818810e+000  5.140881e+001
    endloop
  endfacet
  facet normal  4.363903e-001  5.724655e-002  8.979345e-001
    outer loop
      vertex -1.000000e+001 -1.179829e+000  4.998608e+001
      vertex -1.000000e+001  7.518086e+000  4.943155e+001
      vertex -1.141421e+001  2.002714e-001  5.058539e+001
    endloop
  endfacet
  facet normal  3.267523e-001 -7.431663e-002  9.421837e-001
    outer loop
      vertex -1.141421e+001 -8.128542e+000  4.992844e+001
      vertex -1.000000e+001 -1.179829e+000  4.998608e+001
      vertex -1.141421e+001  2.002714e-001  5.058539e+001
    endloop
  endfacet
  facet normal  9.268929e-001  9.357671e-002  3.634733e-001
    outer loop
      vertex -1.141421e+001  8.523622e+000  4.986251e+001
      vertex -1.141421e+001  1.661447e+001  4.777951e+001
      vertex -1.200000e+001  1.662707e+001  4.927008e+001
    endloop
  endfacet
  facet normal  9.158710e-001  9.472928e-002  3.901370e-001
    outer loop
      vertex -1.200000e+001  7.818810e+000  5.140881e+001
      vertex -1.141421e+001  8.523622e+000  4.986251e+001
      vertex -1.200000e+001  1.662707e+001  4.927008e+001
    endloop
  endfacet
  facet normal  4.208196e-001  2.140449e-001  8.815302e-001
    outer loop
      vertex -1.000000e+001  7.518086e+000  4.943155e+001
      vertex -1.000000e+001  1.598757e+001  4.737507e+001
      vertex -1.141421e+001  8.523622e+000  4.986251e+001
    endloop
  endfacet
  facet normal  3.429638e-001  8.127628e-002  9.358258e-001
    outer loop
      vertex -1.141421e+001  2.002714e-001  5.058539e+001
      vertex -1.000000e+001  7.518086e+000  4.943155e+001
      vertex -1.141421e+001  8.523622e+000  4.986251e+001
    endloop
  endfacet
  facet normal  3.612950e-001  2.324800e-001  9.030055e-001
    outer loop
      vertex -1.141421e+001  8.523622e+000  4.986251e+001
      vertex -1.000000e+001  1.598757e+001  4.737507e+001
      vertex -1.141421e+001  1.661447e+001  4.777951e+001
    endloop
  endfacet
  facet normal  0.000000e+000 -4.011147e-001 -9.160278e-001
    outer loop
      vertex -1.000000e+000 -2.397128e+001 -4.387913e+001
      vertex -1.000000e+001 -2.397128e+001 -4.387913e+001
      vertex -1.000000e+000 -1.598757e+001 -4.737507e+001
    endloop
  endfacet
  facet normal  -0.000000e+000 -4.011147e-001 -9.160278e-001
    outer loop
      vertex -1.000000e+000 -1.598757e+001 -4.737507e+001
      vertex -1.000000e+001 -2.397128e+001 -4.387913e+001
      vertex -1.000000e+001 -1.598757e+001 -4.737507e+001
    endloop
  endfacet
  facet normal  0.000000e+000 -2.359547e-001 -9.717641e-001
    outer loop
      vertex -1.000000e+000 -1.598757e+001 -4.737507e+001
      vertex -1.000000e+001 -1.598757e+001 -4.737507e+001
      vertex -1.000000e+000 -7.518086e+000 -4.943155e+001
    endloop
  endfacet
  facet normal  -0.000000e+000 -2.359547e-001 -9.717641e-001
    outer loop
      vertex -1.000000e+000 -7.518086e+000 -4.943155e+001
      vertex -1.000000e+001 -1.598757e+001 -4.737507e+001
      vertex -1.000000e+001 -7.518086e+000 -4.943155e+001
    endloop
  endfacet
  facet normal  0.000000e+000 -6.362443e-002 -9.979739e-001
    outer loop
      vertex -1.000000e+000 -7.518086e+000 -4.943155e+001
      vertex -1.000000e+001 -7.518086e+000 -4.943155e+001
      vertex -1.000000e+000  1.179829e+000 -4.998608e+001
    endloop
  endfacet
  facet normal  -0.000000e+000 -6.362443e-002 -9.979739e-001
    outer loop
      vertex -1.000000e+000  1.179829e+000 -4.998608e+001
      vertex -1.000000e+001 -7.518086e+000 -4.943155e+001
      vertex -1.000000e+001  1.179829e+000 -4.998608e+001
    endloop
  endfacet
  facet normal  0.000000e+000  1.106382e-001 -9.938608e-001
    outer loop
      vertex -1.000000e+000  1.179829e+000 -4.998608e+001
      vertex -1.000000e+001  1.179829e+000 -4.998608e+001
      vertex -1.000000e+000  9.841896e+000 -4.902180e+001
    endloop
  endfacet
  facet normal  0.000000e+000  1.106382e-001 -9.938608e-001
    outer loop
      vertex -1.000000e+000  9.841896e+000 -4.902180e+001
      vertex -1.000000e+001  1.179829e+000 -4.998608e+001
      vertex -1.000000e+001  9.841896e+000 -4.902180e+001
    endloop
  endfacet
  facet normal  0.000000e+000  2.815394e-001 -9.595497e-001
    outer loop
      vertex -1.000000e+000  9.841896e+000 -4.902180e+001
      vertex -1.000000e+001  9.841896e+000 -4.902180e+001
      vertex -1.000000e+000  1.820492e+001 -4.656802e+001
    endloop
  endfacet
  facet normal  0.000000e+000  2.815394e-001 -9.595497e-001
    outer loop
      vertex -1.000000e+000  1.820492e+001 -4.656802e+001
      vertex -1.000000e+001  9.841896e+000 -4.902180e+001
      vertex -1.000000e+001  1.820492e+001 -4.656802e+001
    endloop
  endfacet
  facet normal  0.000000e+000  4.438864e-001 -8.960831e-001
    outer loop
      vertex -1.000000e+000  1.820492e+001 -4.656802e+001
      vertex -1.000000e+001  1.820492e+001 -4.656802e+001
      vertex -1.000000e+000  2.601480e+001 -4.269930e+001
    endloop
  endfacet
  facet normal  0.000000e+000  4.438864e-001 -8.960831e-001
    outer loop
      vertex -1.000000e+000  2.601480e+001 -4.269930e+001
      vertex -1.000000e+001  1.820492e+001 -4.656802e+001
      vertex -1.000000e+001  2.601480e+001 -4.269930e+001
    endloop
  endfacet
  facet normal  0.000000e+000  5.927461e-001 -8.053895e-001
    outer loop
      vertex -1.000000e+000  2.601480e+001 -4.269930e+001
      vertex -1.000000e+001  2.601480e+001 -4.269930e+001
      vertex -1.000000e+000  3.303423e+001 -3.753318e+001
    endloop
  endfacet
  facet normal  0.000000e+000  5.927461e-001 -8.053895e-001
    outer loop
      vertex -1.000000e+000  3.303423e+001 -3.753318e+001
      vertex -1.000000e+001  2.601480e+001 -4.269930e+001
      vertex -1.000000e+001  3.303423e+001 -3.753318e+001
    endloop
  endfacet
  facet normal  0.000000e+000  7.235951e-001 -6.902248e-001
    outer loop
      vertex -1.000000e+000  3.303423e+001 -3.753318e+001
      vertex -1.000000e+001  3.303423e+001 -3.753318e+001
      vertex -1.000000e+000  3.904994e+001 -3.122663e+001
    endloop
  endfacet
  facet normal  0.000000e+000  7.235951e-001 -6.902248e-001
    outer loop
      vertex -1.000000e+000  3.904994e+001 -3.122663e+001
      vertex -1.000000e+001  3.303423e+001 -3.753318e+001
      vertex -1.000000e+001  3.904994e+001 -3.122663e+001
    endloop
  endfacet
  facet normal  0.000000e+000  8.324584e-001 -5.540874e-001
    outer loop
      vertex -1.000000e+000  3.904994e+001 -3.122663e+001
      vertex -1.000000e+001  3.904994e+001 -3.122663e+001
      vertex -1.000000e+000  4.387913e+001 -2.397128e+001
    endloop
  endfacet
  facet normal  0.000000e+000  8.324584e-001 -5.540874e-001
    outer loop
      vertex -1.000000e+000  4.387913e+001 -2.397128e+001
      vertex -1.000000e+001  3.904994e+001 -3.122663e+001
      vertex -1.000000e+001  4.387913e+001 -2.397128e+001
    endloop
  endfacet
  facet normal  0.000000e+000  9.160278e-001 -4.011147e-001
    outer loop
      vertex -1.000000e+000  4.387913e+001 -2.397128e+001
      vertex -1.000000e+001  4.387913e+001 -2.397128e+001
      vertex -1.000000e+000  4.737507e+001 -1.598757e+001
    endloop
  endfacet
  facet normal  0.000000e+000  9.160278e-001 -4.011147e-001
    outer loop
      vertex -1.000000e+000  4.737507e+001 -1.598757e+001
      vertex -1.000000e+001  4.387913e+001 -2.397128e+001
      vertex -1.000000e+001  4.737507e+001 -1.598757e+001
    endloop
  endfacet
  facet normal  0.000000e+000  9.717641e-001 -2.359547e-001
    outer loop
      vertex -1.000000e+000  4.737507e+001 -1.598757e+001
      vertex -1.000000e+001  4.737507e+001 -1.598757e+001
      vertex -1.000000e+000  4.943155e+001 -7.518086e+000
    endloop
  endfacet
  facet normal  0.000000e+000  9.717641e-001 -2.359547e-001
    outer loop
      vertex -1.000000e+000  4.943155e+001 -7.518086e+000
      vertex -1.000000e+001  4.737507e+001 -1.598757e+001
      vertex -1.000000e+001  4.943155e+001 -7.518086e+000
    endloop
  endfacet
  facet normal  0.000000e+000  9.979739e-001 -6.362443e-002
    outer loop
      vertex -1.000000e+000  4.943155e+001 -7.518086e+000
      vertex -1.000000e+001  4.943155e+001 -7.518086e+000
      vertex -1.000000e+000  4.998608e+001  1.179829e+000
    endloop
  endfacet
  facet normal  0.000000e+000  9.979739e-001 -6.362443e-002
    outer loop
      vertex -1.000000e+000  4.998608e+001  1.179829e+000
      vertex -1.000000e+001  4.943155e+001 -7.518086e+000
      vertex -1.000000e+001  4.998608e+001  1.179829e+000
    endloop
  endfacet
  facet normal  -0.000000e+000  9.938608e-001  1.106382e-001
    outer loop
      vertex -1.000000e+000  4.998608e+001  1.179829e+000
      vertex -1.000000e+001  4.998608e+001  1.179829e+000
      vertex -1.000000e+000  4.902180e+001  9.841896e+000
    endloop
  endfacet
  facet normal  0.000000e+000  9.938608e-001  1.106382e-001
    outer loop
      vertex -1.000000e+000  4.902180e+001  9.841896e+000
      vertex -1.000000e+001  4.998608e+001  1.179829e+000
      vertex -1.000000e+001  4.902180e+001  9.841896e+000
    endloop
  endfacet
  facet normal  -0.000000e+000  9.595497e-001  2.815394e-001
    outer loop
      vertex -1.000000e+000  4.902180e+001  9.841896e+000
      vertex -1.000000e+001  4.902180e+001  9.841896e+000
      vertex -1.000000e+000  4.656802e+001  1.820492e+001
    endloop
  endfacet
  facet normal  0.000000e+000  9.595497e-001  2.815394e-001
    outer loop
      vertex -1.000000e+000  4.656802e+001  1.820492e+001
      vertex -1.000000e+001  4.902180e+001  9.841896e+000
      vertex -1.000000e+001  4.656802e+001  1.820492e+001
    endloop
  endfacet
  facet normal  -0.000000e+000  8.960831e-001  4.438864e-001
    outer loop
      vertex -1.000000e+000  4.656802e+001  1.820492e+001
      vertex -1.000000e+001  4.656802e+001  1.820492e+001
      vertex -1.000000e+000  4.269930e+001  2.601480e+001
    endloop
  endfacet
  facet normal  0.000000e+000  8.960831e-001  4.438864e-001
    outer loop
      vertex -1.000000e+000  4.269930e+001  2.601480e+001
      vertex -1.000000e+001  4.656802e+001  1.820492e+001
      vertex -1.000000e+001  4.269930e+001  2.601480e+001
    endloop
  endfacet
  facet normal  -0.000000e+000  8.053895e-001  5.927461e-001
    outer loop
      vertex -1.000000e+000  4.269930e+001  2.601480e+001
      vertex -1.000000e+001  4.269930e+001  2.601480e+001
      vertex -1.000000e+000  3.753318e+001  3.303423e+001
    endloop
  endfacet
  facet normal  0.000000e+000  8.053895e-001  5.927461e-001
    outer loop
      vertex -1.000000e+000  3.753318e+001  3.303423e+001
      vertex -1.000000e+001  4.269930e+001  2.601480e+001
      vertex -1.000000e+001  3.753318e+001  3.303423e+001
    endloop
  endfacet
  facet normal  -0.000000e+000  6.902248e-001  7.235951e-001
    outer loop
      vertex -1.000000e+000  3.753318e+001  3.303423e+001
      vertex -1.000000e+001  3.753318e+001  3.303423e+001
      vertex -1.000000e+000  3.122663e+001  3.904994e+001
    endloop
  endfacet
  facet normal  0.000000e+000  6.902248e-001  7.235951e-001
    outer loop
      vertex -1.000000e+000  3.122663e+001  3.904994e+001
      vertex -1.000000e+001  3.753318e+001  3.303423e+001
      vertex -1.000000e+001  3.122663e+001  3.904994e+001
    endloop
  endfacet
  facet normal  -0.000000e+000  5.540874e-001  8.324584e-001
    outer loop
      vertex -1.000000e+000  3.122663e+001  3.904994e+001
      vertex -1.000000e+001  3.122663e+001  3.904994e+001
      vertex -1.000000e+000  2.397128e+001  4.387913e+001
    endloop
  endfacet
  facet normal  0.000000e+000  5.540874e-001  8.324584e-001
    outer loop
      vertex -1.000000e+000  2.397128e+001  4.387913e+001
      vertex -1.000000e+001  3.122663e+001  3.904994e+001
      vertex -1.000000e+001  2.397128e+001  4.387913e+001
    endloop
  endfacet
  facet normal  -0.000000e+000  4.011147e-001  9.160278e-001
    outer loop
      vertex -1.000000e+000  2.397128e+001  4.387913e+001
      vertex -1.000000e+001  2.397128e+001  4.387913e+001
      vertex -1.000000e+000  1.598757e+001  4.737507e+001
    endloop
  endfacet
  facet normal  0.000000e+000  4.011147e-001  9.160278e-001
    outer loop
      vertex -1.000000e+000  1.598757e+001  4.737507e+001
      vertex -1.000000e+001  2.397128e+001  4.387913e+001
      vertex -1.000000e+001  1.598757e+001  4.737507e+001
    endloop
  endfacet
  facet normal  -0.000000e+000  2.359547e-001  9.717641e-001
    outer loop
      vertex -1.000000e+000  1.598757e+001  4.737507e+001
      vertex -1.000000e+001  1.598757e+001  4.737507e+001
      vertex -1.000000e+000  7.518086e+000  4.943155e+001
    endloop
  endfacet
  facet normal  0.000000e+000  2.359547e-001  9.717641e-001
    outer loop
      vertex -1.000000e+000  7.518086e+000  4.943155e+001
      vertex -1.000000e+001  1.598757e+001  4.737507e+001
      vertex -1.000000e+001  7.518086e+000  4.943155e+001
    endloop
  endfacet
  facet normal  -0.000000e+000  6.362443e-002  9.979739e-001
    outer loop
      vertex -1.000000e+000  7.518086e+000  4.943155e+001
      vertex -1.000000e+001  7.518086e+000  4.943155e+001
      vertex -1.000000e+000 -1.179829e+000  4.998608e+001
    endloop
  endfacet
  facet normal  0.000000e+000  6.362443e-002  9.979739e-001
    outer loop
      vertex -1.000000e+000 -1.179829e+000  4.998608e+001
      vertex -1.000000e+001  7.518086e+000  4.943155e+001
      vertex -1.000000e+001 -1.179829e+000  4.998608e+001
    endloop
  endfacet
  facet normal  0.000000e+000 -1.106382e-001  9.938608e-001
    outer loop
      vertex -1.000000e+000 -1.179829e+000  4.998608e+001
      vertex -1.000000e+001 -1.179829e+000  4.998608e+001
      vertex -1.000000e+000 -9.841896e+000  4.902180e+001
    endloop
  endfacet
  facet normal  0.000000e+000 -1.106382e-001  9.938608e-001
    outer loop
      vertex -1.000000e+000 -9.841896e+000  4.902180e+001
      vertex -1.000000e+001 -1.179829e+000  4.998608e+001
      vertex -1.000000e+001 -9.841896e+000  4.902180e+001
    endloop
  endfacet
  facet normal  0.000000e+000 -2.815394e-001  9.595497e-001
    outer loop
      vertex -1.000000e+000 -9.841896e+000  4.902180e+001
      vertex -1.000000e+001 -9.841896e+000  4.902180e+001
      vertex -1.000000e+000 -1.820492e+001  4.656802e+001
    endloop
  endfacet
  facet normal  0.000000e+000 -2.815394e-001  9.595497e-001
    outer loop
      vertex -1.000000e+000 -1.820492e+001  4.656802e+001
      vertex -1.000000e+001 -9.841896e+000  4.902180e+001
      vertex -1.000000e+001 -1.820492e+001  4.656802e+001
    endloop
  endfacet
  facet normal  0.000000e+000 -4.438864e-001  8.960831e-001
    outer loop
      vertex -1.000000e+000 -1.820492e+001  4.656802e+001
      vertex -1.000000e+001 -1.820492e+001  4.656802e+001
      vertex -1.000000e+000 -2.601480e+001  4.269930e+001
    endloop
  endfacet
  facet normal  0.000000e+000 -4.438864e-001  8.960831e-001
    outer loop
      vertex -1.000000e+000 -2.601480e+001  4.269930e+001
      vertex -1.000000e+001 -1.820492e+001  4.656802e+001
      vertex -1.000000e+001 -2.601480e+001  4.269930e+001
    endloop
  endfacet
  facet normal  0.000000e+000 -5.927461e-001  8.053895e-001
    outer loop
      vertex -1.000000e+000 -2.601480e+001  4.269930e+001
      vertex -1.000000e+001 -2.601480e+001  4.269930e+001
      vertex -1.000000e+000 -3.303423e+001  3.753318e+001
    endloop
  endfacet
  facet normal  0.000000e+000 -5.927461e-001  8.053895e-001
    outer loop
      vertex -1.000000e+000 -3.303423e+001  3.753318e+001
      vertex -1.000000e+001 -2.601480e+001  4.269930e+001
      vertex -1.000000e+001 -3.303423e+001  3.753318e+001
    endloop
  endfacet
  facet normal  0.000000e+000 -7.235951e-001  6.902248e-001
    outer loop
      vertex -1.000000e+000 -3.303423e+001  3.753318e+001
      vertex -1.000000e+001 -3.303423e+001  3.753318e+001
      vertex -1.000000e+000 -3.904994e+001  3.122663e+001
    endloop
  endfacet
  facet normal  0.000000e+000 -7.235951e-001  6.902248e-001
    outer loop
      vertex -1.000000e+000 -3.904994e+001  3.122663e+001
      vertex -1.000000e+001 -3.303423e+001  3.753318e+001
      vertex -1.000000e+001 -3.904994e+001  3.122663e+001
    endloop
  endfacet
  facet normal  0.000000e+000 -8.324584e-001  5.540874e-001
    outer loop
      vertex -1.000000e+000 -3.904994e+001  3.122663e+001
      vertex -1.000000e+001 -3.904994e+001  3.122663e+001
      vertex -1.000000e+000 -4.387913e+001  2.397128e+001
    endloop
  endfacet
  facet normal  0.000000e+000 -8.324584e-001  5.540874e-001
    outer loop
      vertex -1.000000e+000 -4.387913e+001  2.397128e+001
      vertex -1.000000e+001 -3.904994e+001  3.122663e+001
      vertex -1.000000e+001 -4.387913e+001  2.397128e+001
    endloop
  endfacet
  facet normal  0.000000e+000 -9.160278e-001  4.011147e-001
    outer loop
      vertex -1.000000e+000 -4.387913e+001  2.397128e+001
      vertex -1.000000e+001 -4.387913e+001  2.397128e+001
      vertex -1.000000e+000 -4.737507e+001  1.598757e+001
    endloop
  endfacet
  facet normal  0.000000e+000 -9.160278e-001  4.011147e-001
    outer loop
      vertex -1.000000e+000 -4.737507e+001  1.598757e+001
      vertex -1.000000e+001 -4.387913e+001  2.397128e+001
      vertex -1.000000e+001 -4.737507e+001  1.598757e+001
    endloop
  endfacet
  facet normal  0.000000e+000 -9.717641e-001  2.359547e-001
    outer loop
      vertex -1.000000e+000 -4.737507e+001  1.598757e+001
      vertex -1.000000e+001 -4.737507e+001  1.598757e+001
      vertex -1.000000e+000 -4.943155e+001  7.518086e+000
    endloop
  endfacet
  facet normal  0.000000e+000 -9.717641e-001  2.359547e-001
    outer loop
      vertex -1.000000e+000 -4.943155e+001  7.518086e+000
      vertex -1.000000e+001 -4.737507e+001  1.598757e+001
      vertex -1.000000e+001 -4.943155e+001  7.518086e+000
    endloop
  endfacet
  facet normal  0.000000e+000 -9.979739e-001  6.362443e-002
    outer loop
      vertex -1.000000e+000 -4.943155e+001  7.518086e+000
      vertex -1.000000e+001 -4.943155e+001  7.518086e+000
      vertex -1.000000e+000 -4.998608e+001 -1.179829e+000
    endloop
  endfacet
  facet normal  0.000000e+000 -9.979739e-001  6.362443e-002
    outer loop
      vertex -1.000000e+000 -4.998608e+001 -1.179829e+000
      vertex -1.000000e+001 -4.943155e+001  7.518086e+000
      vertex -1.000000e+001 -4.998608e+001 -1.179829e+000
    endloop
  endfacet
  facet normal  0.000000e+000 -9.938608e-001 -1.106382e-001
    outer loop
      vertex -1.000000e+000 -4.998608e+001 -1.179829e+000
      vertex -1.000000e+001 -4.998608e+001 -1.179829e+000
      vertex -1.000000e+000 -4.902180e+001 -9.841896e+000
    endloop
  endfacet
  facet normal  -0.000000e+000 -9.938608e-001 -1.106382e-001
    outer loop
      vertex -1.000000e+000 -4.902180e+001 -9.841896e+000
      vertex -1.000000e+001 -4.998608e+001 -1.179829e+000
      vertex -1.000000e+001 -4.902180e+001 -9.841896e+000
    endloop
  endfacet
  facet normal  0.000000e+000 -9.595497e-001 -2.815394e-001
    outer loop
      vertex -1.000000e+000 -4.902180e+001 -9.841896e+000
      vertex -1.000000e+001 -4.902180e+001 -9.841896e+000
      vertex -1.000000e+000 -4.656802e+001 -1.820492e+001
    endloop
  endfacet
  facet normal  -0.000000e+000 -9.595497e-001 -2.815394e-001
    outer loop
      vertex -1.000000e+000 -4.656802e+001 -1.820492e+001
      vertex -1.000000e+001 -4.902180e+001 -9.841896e+000
      vertex -1.000000e+001 -4.656802e+001 -1.820492e+001
    endloop
  endfacet
  facet normal  0.000000e+000 -8.960831e-001 -4.438864e-001
    outer loop
      vertex -1.000000e+000 -4.656802e+001 -1.820492e+001
      vertex -1.000000e+001 -4.656802e+001 -1.820492e+001
      vertex -1.000000e+000 -4.269930e+001 -2.601480e+001
    endloop
  endfacet
  facet normal  -0.000000e+000 -8.960831e-001 -4.438864e-001
    outer loop
      vertex -1.000000e+000 -4.269930e+001 -2.601480e+001
      vertex -1.000000e+001 -4.656802e+001 -1.820492e+001
      vertex -1.000000e+001 -4.269930e+001 -2.601480e+001
    endloop
  endfacet
  facet normal  0.000000e+000 -8.053895e-001 -5.927461e-001
    outer loop
      vertex -1.000000e+000 -4.269930e+001 -2.601480e+001
      vertex -1.000000e+001 -4.269930e+001 -2.601480e+001
      vertex -1.000000e+000 -3.753318e+001 -3.303423e+001
    endloop
  endfacet
  facet normal  -0.000000e+000 -8.053895e-001 -5.927461e-001
    outer loop
      vertex -1.000000e+000 -3.753318e+001 -3.303423e+001
      vertex -1.000000e+001 -4.269930e+001 -2.601480e+001
      vertex -1.000000e+001 -3.753318e+001 -3.303423e+001
    endloop
  endfacet
  facet normal  0.000000e+000 -6.902248e-001 -7.235951e-001
    outer loop
      vertex -1.000000e+000 -3.753318e+001 -3.303423e+001
      vertex -1.000000e+001 -3.753318e+001 -3.303423e+001
      vertex -1.000000e+000 -3.122663e+001 -3.904994e+001
    endloop
  endfacet
  facet normal  -0.000000e+000 -6.902248e-001 -7.235951e-001
    outer loop
      vertex -1.000000e+000 -3.122663e+001 -3.904994e+001
      vertex -1.000000e+001 -3.753318e+001 -3.303423e+001
      vertex -1.000000e+001 -3.122663e+001 -3.904994e+001
    endloop
  endfacet
  facet normal  0.000000e+000 -5.540874e-001 -8.324584e-001
    outer loop
      vertex -1.000000e+000 -3.122663e+001 -3.904994e+001
      vertex -1.000000e+001 -3.122663e+001 -3.904994e+001
      vertex -1.000000e+000 -2.397128e+001 -4.387913e+001
    endloop
  endfacet
  facet normal  -0.000000e+000 -5.540874e-001 -8.324584e-001
    outer loop
      vertex -1.000000e+000 -2.397128e+001 -4.387913e+001
      vertex -1.000000e+001 -3.122663e+001 -3.904994e+001
      vertex -1.000000e+001 -2.397128e+001 -4.387913e+001
    endloop
  endfacet
  facet normal  1.000000e+000  0.000000e+000  0.000000e+000
    outer loop
      vertex -1.200000e+001  8.677166e+000 -5.329828e+001
      vertex -1.200000e+001  1.227022e+000 -5.198552e+001
      vertex -1.200000e+001 -2.137884e-001 -5.399958e+001
    endloop
  endfacet
  facet normal  1.000000e+000  0.000000e+000  0.000000e+000
    outer loop
      vertex -1.200000e+001  1.773584e+001  5.100431e+001
      vertex -1.200000e+001  9.098911e+000  5.322791e+001
      vertex -1.200000e+001  7.818810e+000  5.140881e+001
    endloop
  endfacet
  facet normal  1.000000e+000  0.000000e+000  -0.000000e+000
    outer loop
      vertex -1.200000e+001 -8.677166e+000  5.329828e+001
      vertex -1.200000e+001 -1.227022e+000  5.198552e+001
      vertex -1.200000e+001  2.137884e-001  5.399958e+001
    endloop
  endfacet
  facet normal  1.000000e+000  0.000000e+000  0.000000e+000
    outer loop
      vertex -1.200000e+001  2.137884e-001  5.399958e+001
      vertex -1.200000e+001 -1.227022e+000  5.198552e+001
      vertex -1.200000e+001  7.818810e+000  5.140881e+001
    endloop
  endfacet
  facet normal  1.000000e+000  0.000000e+000  -0.000000e+000
    outer loop
      vertex -1.200000e+001  2.137884e-001  5.399958e+001
      vertex -1.200000e+001  7.818810e+000  5.140881e+001
      vertex -1.200000e+001  9.098911e+000  5.322791e+001
    endloop
  endfacet
  facet normal  1.000000e+000  0.000000e+000  -0.000000e+000
    outer loop
      vertex -1.200000e+001 -1.773584e+001 -5.100431e+001
      vertex -1.200000e+001 -9.098911e+000 -5.322791e+001
      vertex -1.200000e+001 -7.818810e+000 -5.140881e+001
    endloop
  endfacet
  facet normal  1.000000e+000  0.000000e+000  0.000000e+000
    outer loop
      vertex -1.200000e+001 -7.818810e+000 -5.140881e+001
      vertex -1.200000e+001 -9.098911e+000 -5.322791e+001
      vertex -1.200000e+001 -2.137884e-001 -5.399958e+001
    endloop
  endfacet
  facet normal  1.000000e+000  0.000000e+000  -0.000000e+000
    outer loop
      vertex -1.200000e+001 -7.818810e+000 -5.140881e+001
      vertex -1.200000e+001 -2.137884e-001 -5.399958e+001
      vertex -1.200000e+001  1.227022e+000 -5.198552e+001
    endloop
  endfacet
  facet normal  1.000000e+000  -0.000000e+000  0.000000e+000
    outer loop
      vertex -1.200000e+001 -2.493013e+001 -4.563429e+001
      vertex -1.200000e+001 -2.588898e+001 -4.738946e+001
      vertex -1.200000e+001 -1.662707e+001 -4.927008e+001
    endloop
  endfacet
  facet normal  9.999999e-001  0.000000e+000  0.000000e+000
    outer loop
      vertex -1.200000e+001 -1.662707e+001 -4.927008e+001
      vertex -1.200000e+001 -2.588898e+001 -4.738946e+001
      vertex -1.200000e+001 -1.773584e+001 -5.100431e+001
    endloop
  endfacet
  facet normal  1.000000e+000  -0.000000e+000  0.000000e+000
    outer loop
      vertex -1.200000e+001 -1.662707e+001 -4.927008e+001
      vertex -1.200000e+001 -1.773584e+001 -5.100431e+001
      vertex -1.200000e+001 -7.818810e+000 -5.140881e+001
    endloop
  endfacet
  facet normal  1.000000e+000  0.000000e+000  0.000000e+000
    outer loop
      vertex -1.200000e+001 -5.140881e+001  7.818810e+000
      vertex -1.200000e+001 -5.383279e+001 -4.246192e+000
      vertex -1.200000e+001 -5.198552e+001 -1.227022e+000
    endloop
  endfacet
  facet normal  1.000000e+000  0.000000e+000  0.000000e+000
    outer loop
      vertex -1.200000e+001 -5.198552e+001 -1.227022e+000
      vertex -1.200000e+001 -5.383279e+001 -4.246192e+000
      vertex -1.200000e+001 -5.239968e+001 -1.304887e+001
    endloop
  endfacet
  facet normal  9.999999e-001  0.000000e+000  0.000000e+000
    outer loop
      vertex -1.200000e+001 -5.198552e+001 -1.227022e+000
      vertex -1.200000e+001 -5.239968e+001 -1.304887e+001
      vertex -1.200000e+001 -5.098267e+001 -1.023557e+001
    endloop
  endfacet
  facet normal  1.000000e+000  0.000000e+000  0.000000e+000
    outer loop
      vertex -1.200000e+001 -5.098267e+001 -1.023557e+001
      vertex -1.200000e+001 -5.239968e+001 -1.304887e+001
      vertex -1.200000e+001 -4.953725e+001 -2.149560e+001
    endloop
  endfacet
  facet normal  1.000000e+000  0.000000e+000  -0.000000e+000
    outer loop
      vertex -1.200000e+001 -5.098267e+001 -1.023557e+001
      vertex -1.200000e+001 -4.953725e+001 -2.149560e+001
      vertex -1.200000e+001 -4.843074e+001 -1.893312e+001
    endloop
  endfacet
  facet normal  1.000000e+000  0.000000e+000  0.000000e+000
    outer loop
      vertex -1.200000e+001 -4.843074e+001 -1.893312e+001
      vertex -1.200000e+001 -4.953725e+001 -2.149560e+001
      vertex -1.200000e+001 -4.532357e+001 -2.935599e+001
    endloop
  endfacet
  facet normal  1.000000e+000  0.000000e+000  -0.000000e+000
    outer loop
      vertex -1.200000e+001 -4.843074e+001 -1.893312e+001
      vertex -1.200000e+001 -4.532357e+001 -2.935599e+001
      vertex -1.200000e+001 -4.440727e+001 -2.705539e+001
    endloop
  endfacet
  facet normal  1.000000e+000  0.000000e+000  0.000000e+000
    outer loop
      vertex -1.200000e+001 -4.440727e+001 -2.705539e+001
      vertex -1.200000e+001 -4.532357e+001 -2.935599e+001
      vertex -1.200000e+001 -3.987357e+001 -3.641563e+001
    endloop
  endfacet
  facet normal  1.000000e+000  0.000000e+000  -0.000000e+000
    outer loop
      vertex -1.200000e+001 -4.440727e+001 -2.705539e+001
      vertex -1.200000e+001 -3.987357e+001 -3.641563e+001
      vertex -1.200000e+001 -3.903450e+001 -3.435560e+001
    endloop
  endfacet
  facet normal  1.000000e+000  0.000000e+000  0.000000e+000
    outer loop
      vertex -1.200000e+001 -3.903450e+001 -3.435560e+001
      vertex -1.200000e+001 -3.987357e+001 -3.641563e+001
      vertex -1.200000e+001 -3.333594e+001 -4.248194e+001
    endloop
  endfacet
  facet normal  1.000000e+000  0.000000e+000  -0.000000e+000
    outer loop
      vertex -1.200000e+001 -3.903450e+001 -3.435560e+001
      vertex -1.200000e+001 -3.333594e+001 -4.248194e+001
      vertex -1.200000e+001 -3.247570e+001 -4.061193e+001
    endloop
  endfacet
  facet normal  1.000000e+000  0.000000e+000  0.000000e+000
    outer loop
      vertex -1.200000e+001 -3.247570e+001 -4.061193e+001
      vertex -1.200000e+001 -3.333594e+001 -4.248194e+001
      vertex -1.200000e+001 -2.588898e+001 -4.738946e+001
    endloop
  endfacet
  facet normal  1.000000e+000  0.000000e+000  -0.000000e+000
    outer loop
      vertex -1.200000e+001 -3.247570e+001 -4.061193e+001
      vertex -1.200000e+001 -2.588898e+001 -4.738946e+001
      vertex -1.200000e+001 -2.493013e+001 -4.563429e+001
    endloop
  endfacet
  facet normal  1.000000e+000  0.000000e+000  0.000000e+000
    outer loop
      vertex -1.200000e+001 -5.383279e+001 -4.246192e+000
      vertex -1.200000e+001 -5.140881e+001  7.818810e+000
      vertex -1.200000e+001 -5.379749e+001  4.672308e+000
    endloop
  endfacet
  facet normal  1.000000e+000  0.000000e+000  0.000000e+000
    outer loop
      vertex -1.200000e+001 -5.379749e+001  4.672308e+000
      vertex -1.200000e+001 -5.140881e+001  7.818810e+000
      vertex -1.200000e+001 -4.927008e+001  1.662707e+001
    endloop
  endfacet
  facet normal  1.000000e+000  0.000000e+000  0.000000e+000
    outer loop
      vertex -1.200000e+001 -5.379749e+001  4.672308e+000
      vertex -1.200000e+001 -4.927008e+001  1.662707e+001
      vertex -1.200000e+001 -5.229472e+001  1.346336e+001
    endloop
  endfacet
  facet normal  1.000000e+000  0.000000e+000  0.000000e+000
    outer loop
      vertex -1.200000e+001 -5.229472e+001  1.346336e+001
      vertex -1.200000e+001 -4.927008e+001  1.662707e+001
      vertex -1.200000e+001 -4.563429e+001  2.493013e+001
    endloop
  endfacet
  facet normal  1.000000e+000  0.000000e+000  0.000000e+000
    outer loop
      vertex -1.200000e+001 -5.229472e+001  1.346336e+001
      vertex -1.200000e+001 -4.563429e+001  2.493013e+001
      vertex -1.200000e+001 -4.936549e+001  2.188717e+001
    endloop
  endfacet
  facet normal  1.000000e+000  0.000000e+000  0.000000e+000
    outer loop
      vertex -1.200000e+001 -4.936549e+001  2.188717e+001
      vertex -1.200000e+001 -4.563429e+001  2.493013e+001
      vertex -1.200000e+001 -4.061193e+001  3.247570e+001
    endloop
  endfacet
  facet normal  1.000000e+000  0.000000e+000  0.000000e+000
    outer loop
      vertex -1.200000e+001 -4.936549e+001  2.188717e+001
      vertex -1.200000e+001 -4.061193e+001  3.247570e+001
      vertex -1.200000e+001 -4.508970e+001  2.971395e+001
    endloop
  endfacet
  facet normal  1.000000e+000  0.000000e+000  0.000000e+000
    outer loop
      vertex -1.200000e+001 -4.508970e+001  2.971395e+001
      vertex -1.200000e+001 -4.061193e+001  3.247570e+001
      vertex -1.200000e+001 -3.435560e+001  3.903450e+001
    endloop
  endfacet
  facet normal  1.000000e+000  0.000000e+000  0.000000e+000
    outer loop
      vertex -1.200000e+001 -4.508970e+001  2.971395e+001
      vertex -1.200000e+001 -3.435560e+001  3.903450e+001
      vertex -1.200000e+001 -3.958398e+001  3.673021e+001
    endloop
  endfacet
  facet normal  1.000000e+000  0.000000e+000  0.000000e+000
    outer loop
      vertex -1.200000e+001 -3.958398e+001  3.673021e+001
      vertex -1.200000e+001 -3.435560e+001  3.903450e+001
      vertex -1.200000e+001 -2.705539e+001  4.440727e+001
    endloop
  endfacet
  facet normal  1.000000e+000  0.000000e+000  0.000000e+000
    outer loop
      vertex -1.200000e+001 -3.958398e+001  3.673021e+001
      vertex -1.200000e+001 -2.705539e+001  4.440727e+001
      vertex -1.200000e+001 -3.299852e+001  4.274456e+001
    endloop
  endfacet
  facet normal  1.000000e+000  0.000000e+000  0.000000e+000
    outer loop
      vertex -1.200000e+001 -3.299852e+001  4.274456e+001
      vertex -1.200000e+001 -2.705539e+001  4.440727e+001
      vertex -1.200000e+001 -1.893312e+001  4.843074e+001
    endloop
  endfacet
  facet normal  9.999999e-001  0.000000e+000  0.000000e+000
    outer loop
      vertex -1.200000e+001 -3.299852e+001  4.274456e+001
      vertex -1.200000e+001 -1.893312e+001  4.843074e+001
      vertex -1.200000e+001 -2.551294e+001  4.759296e+001
    endloop
  endfacet
  facet normal  1.000000e+000  0.000000e+000  0.000000e+000
    outer loop
      vertex -1.200000e+001 -2.551294e+001  4.759296e+001
      vertex -1.200000e+001 -1.893312e+001  4.843074e+001
      vertex -1.200000e+001 -1.023557e+001  5.098267e+001
    endloop
  endfacet
  facet normal  1.000000e+000  0.000000e+000  0.000000e+000
    outer loop
      vertex -1.200000e+001 -2.551294e+001  4.759296e+001
      vertex -1.200000e+001 -1.023557e+001  5.098267e+001
      vertex -1.200000e+001 -1.733143e+001  5.114315e+001
    endloop
  endfacet
  facet normal  1.000000e+000  -0.000000e+000  0.000000e+000
    outer loop
      vertex -1.200000e+001 -1.733143e+001  5.114315e+001
      vertex -1.200000e+001 -1.023557e+001  5.098267e+001
      vertex -1.200000e+001 -1.227022e+000  5.198552e+001
    endloop
  endfacet
  facet normal  1.000000e+000  0.000000e+000  0.000000e+000
    outer loop
      vertex -1.200000e+001 -1.733143e+001  5.114315e+001
      vertex -1.200000e+001 -1.227022e+000  5.198552e+001
      vertex -1.200000e+001 -8.677166e+000  5.329828e+001
    endloop
  endfacet
  facet normal  1.000000e+000  0.000000e+000  -0.000000e+000
    outer loop
      vertex -1.200000e+001  7.818810e+000  5.140881e+001
      vertex -1.200000e+001  1.662707e+001  4.927008e+001
      vertex -1.200000e+001  1.773584e+001  5.100431e+001
    endloop
  endfacet
  facet normal  1.000000e+000  0.000000e+000  0.000000e+000
    outer loop
      vertex -1.200000e+001  1.773584e+001  5.100431e+001
      vertex -1.200000e+001  1.662707e+001  4.927008e+001
      vertex -1.200000e+001  2.493013e+001  4.563429e+001
    endloop
  endfacet
  facet normal  1.000000e+000  0.000000e+000  -0.000000e+000
    outer loop
      vertex -1.200000e+001  1.773584e+001  5.100431e+001
      vertex -1.200000e+001  2.493013e+001  4.563429e+001
      vertex -1.200000e+001  2.588898e+001  4.738946e+001
    endloop
  endfacet
  facet normal  1.000000e+000  0.000000e+000  0.000000e+000
    outer loop
      vertex -1.200000e+001  2.588898e+001  4.738946e+001
      vertex -1.200000e+001  2.493013e+001  4.563429e+001
      vertex -1.200000e+001  3.247570e+001  4.061193e+001
    endloop
  endfacet
  facet normal  1.000000e+000  0.000000e+000  -0.000000e+000
    outer loop
      vertex -1.200000e+001  2.588898e+001  4.738946e+001
      vertex -1.200000e+001  3.247570e+001  4.061193e+001
      vertex -1.200000e+001  3.333594e+001  4.248194e+001
    endloop
  endfacet
  facet normal  1.000000e+000  0.000000e+000  0.000000e+000
    outer loop
      vertex -1.200000e+001  3.333594e+001  4.248194e+001
      vertex -1.200000e+001  3.247570e+001  4.061193e+001
      vertex -1.200000e+001  3.903450e+001  3.435560e+001
    endloop
  endfacet
  facet normal  1.000000e+000  0.000000e+000  -0.000000e+000
    outer loop
      vertex -1.200000e+001  3.333594e+001  4.248194e+001
      vertex -1.200000e+001  3.903450e+001  3.435560e+001
      vertex -1.200000e+001  3.987357e+001  3.641563e+001
    endloop
  endfacet
  facet normal  1.000000e+000  0.000000e+000  0.000000e+000
    outer loop
      vertex -1.200000e+001  3.987357e+001  3.641563e+001
      vertex -1.200000e+001  3.903450e+001  3.435560e+001
      vertex -1.200000e+001  4.440727e+001  2.705539e+001
    endloop
  endfacet
  facet normal  1.000000e+000  0.000000e+000  -0.000000e+000
    outer loop
      vertex -1.200000e+001  3.987357e+001  3.641563e+001
      vertex -1.200000e+001  4.440727e+001  2.705539e+001
      vertex -1.200000e+001  4.532357e+001  2.935599e+001
    endloop
  endfacet
  facet normal  1.000000e+000  0.000000e+000  0.000000e+000
    outer loop
      vertex -1.200000e+001  4.532357e+001  2.935599e+001
      vertex -1.200000e+001  4.440727e+001  2.705539e+001
      vertex -1.200000e+001  4.843074e+001  1.893312e+001
    endloop
  endfacet
  facet normal  1.000000e+000  0.000000e+000  -0.000000e+000
    outer loop
      vertex -1.200000e+001  4.532357e+001  2.935599e+001
      vertex -1.200000e+001  4.843074e+001  1.893312e+001
      vertex -1.200000e+001  4.953725e+001  2.149560e+001
    endloop
  endfacet
  facet normal  1.000000e+000  0.000000e+000  0.000000e+000
    outer loop
      vertex -1.200000e+001  4.953725e+001  2.149560e+001
      vertex -1.200000e+001  4.843074e+001  1.893312e+001
      vertex -1.200000e+001  5.098267e+001  1.023557e+001
    endloop
  endfacet
  facet normal  1.000000e+000  0.000000e+000  -0.000000e+000
    outer loop
      vertex -1.200000e+001  4.953725e+001  2.149560e+001
      vertex -1.200000e+001  5.098267e+001  1.023557e+001
      vertex -1.200000e+001  5.239968e+001  1.304887e+001
    endloop
  endfacet
  facet normal  9.999999e-001  0.000000e+000  0.000000e+000
    outer loop
      vertex -1.200000e+001  5.239968e+001  1.304887e+001
      vertex -1.200000e+001  5.098267e+001  1.023557e+001
      vertex -1.200000e+001  5.198552e+001  1.227022e+000
    endloop
  endfacet
  facet normal  1.000000e+000  0.000000e+000  0.000000e+000
    outer loop
      vertex -1.200000e+001  5.239968e+001  1.304887e+001
      vertex -1.200000e+001  5.198552e+001  1.227022e+000
      vertex -1.200000e+001  5.383279e+001  4.246192e+000
    endloop
  endfacet
  facet normal  1.000000e+000  0.000000e+000  0.000000e+000
    outer loop
      vertex -1.200000e+001  5.383279e+001  4.246192e+000
      vertex -1.200000e+001  5.198552e+001  1.227022e+000
      vertex -1.200000e+001  5.140881e+001 -7.818810e+000
    endloop
  endfacet
  facet normal  1.000000e+000  0.000000e+000  0.000000e+000
    outer loop
      vertex -1.200000e+001  5.383279e+001  4.246192e+000
      vertex -1.200000e+001  5.140881e+001 -7.818810e+000
      vertex -1.200000e+001  5.379749e+001 -4.672308e+000
    endloop
  endfacet
  facet normal  1.000000e+000  0.000000e+000  0.000000e+000
    outer loop
      vertex -1.200000e+001  5.379749e+001 -4.672308e+000
      vertex -1.200000e+001  5.140881e+001 -7.818810e+000
      vertex -1.200000e+001  4.927008e+001 -1.662707e+001
    endloop
  endfacet
  facet normal  1.000000e+000  0.000000e+000  0.000000e+000
    outer loop
      vertex -1.200000e+001  5.379749e+001 -4.672308e+000
      vertex -1.200000e+001  4.927008e+001 -1.662707e+001
      vertex -1.200000e+001  5.229472e+001 -1.346336e+001
    endloop
  endfacet
  facet normal  1.000000e+000  0.000000e+000  0.000000e+000
    outer loop
      vertex -1.200000e+001  5.229472e+001 -1.346336e+001
      vertex -1.200000e+001  4.927008e+001 -1.662707e+001
      vertex -1.200000e+001  4.563429e+001 -2.493013e+001
    endloop
  endfacet
  facet normal  1.000000e+000  0.000000e+000  0.000000e+000
    outer loop
      vertex -1.200000e+001  5.229472e+001 -1.346336e+001
      vertex -1.200000e+001  4.563429e+001 -2.493013e+001
      vertex -1.200000e+001  4.936549e+001 -2.188717e+001
    endloop
  endfacet
  facet normal  1.000000e+000  0.000000e+000  0.000000e+000
    outer loop
      vertex -1.200000e+001  4.936549e+001 -2.188717e+001
      vertex -1.200000e+001  4.563429e+001 -2.493013e+001
      vertex -1.200000e+001  4.061193e+001 -3.247570e+001
    endloop
  endfacet
  facet normal  1.000000e+000  0.000000e+000  0.000000e+000
    outer loop
      vertex -1.200000e+001  4.936549e+001 -2.188717e+001
      vertex -1.200000e+001  4.061193e+001 -3.247570e+001
      vertex -1.200000e+001  4.508970e+001 -2.971395e+001
    endloop
  endfacet
  facet normal  1.000000e+000  0.000000e+000  0.000000e+000
    outer loop
      vertex -1.200000e+001  4.508970e+001 -2.971395e+001
      vertex -1.200000e+001  4.061193e+001 -3.247570e+001
      vertex -1.200000e+001  3.435560e+001 -3.903450e+001
    endloop
  endfacet
  facet normal  1.000000e+000  0.000000e+000  0.000000e+000
    outer loop
      vertex -1.200000e+001  4.508970e+001 -2.971395e+001
      vertex -1.200000e+001  3.435560e+001 -3.903450e+001
      vertex -1.200000e+001  3.958398e+001 -3.673021e+001
    endloop
  endfacet
  facet normal  1.000000e+000  0.000000e+000  0.000000e+000
    outer loop
      vertex -1.200000e+001  3.958398e+001 -3.673021e+001
      vertex -1.200000e+001  3.435560e+001 -3.903450e+001
      vertex -1.200000e+001  2.705539e+001 -4.440727e+001
    endloop
  endfacet
  facet normal  1.000000e+000  0.000000e+000  0.000000e+000
    outer loop
      vertex -1.200000e+001  3.958398e+001 -3.673021e+001
      vertex -1.200000e+001  2.705539e+001 -4.440727e+001
      vertex -1.200000e+001  3.299852e+001 -4.274456e+001
    endloop
  endfacet
  facet normal  1.000000e+000  0.000000e+000  0.000000e+000
    outer loop
      vertex -1.200000e+001  3.299852e+001 -4.274456e+001
      vertex -1.200000e+001  2.705539e+001 -4.440727e+001
      vertex -1.200000e+001  1.893312e+001 -4.843074e+001
    endloop
  endfacet
  facet normal  9.999999e-001  0.000000e+000  0.000000e+000
    outer loop
      vertex -1.200000e+001  3.299852e+001 -4.274456e+001
      vertex -1.200000e+001  1.893312e+001 -4.843074e+001
      vertex -1.200000e+001  2.551294e+001 -4.759296e+001
    endloop
  endfacet
  facet normal  1.000000e+000  0.000000e+000  0.000000e+000
    outer loop
      vertex -1.200000e+001  2.551294e+001 -4.759296e+001
      vertex -1.200000e+001  1.893312e+001 -4.843074e+001
      vertex -1.200000e+001  1.023557e+001 -5.098267e+001
    endloop
  endfacet
  facet normal  1.000000e+000  -0.000000e+000  0.000000e+000
    outer loop
      vertex -1.200000e+001  2.551294e+001 -4.759296e+001
      vertex -1.200000e+001  1.023557e+001 -5.098267e+001
      vertex -1.200000e+001  1.733143e+001 -5.114315e+001
    endloop
  endfacet
  facet normal  1.000000e+000  0.000000e+000  0.000000e+000
    outer loop
      vertex -1.200000e+001  1.733143e+001 -5.114315e+001
      vertex -1.200000e+001  1.023557e+001 -5.098267e+001
      vertex -1.200000e+001  1.227022e+000 -5.198552e+001
    endloop
  endfacet
  facet normal  1.000000e+000  -0.000000e+000  0.000000e+000
    outer loop
      vertex -1.200000e+001  1.733143e+001 -5.114315e+001
      vertex -1.200000e+001  1.227022e+000 -5.198552e+001
      vertex -1.200000e+001  8.677166e+000 -5.329828e+001
    endloop
  endfacet
  facet normal  3.814398e-001 -3.707879e-001 -8.467704e-001
    outer loop
      vertex -1.000000e+000 -2.397128e+001 -4.387913e+001
      vertex -1.000000e+000 -1.598757e+001 -4.737507e+001
      vertex -2.928932e-001 -2.383086e+001 -4.362209e+001
    endloop
  endfacet
  facet normal  3.814379e-001 -3.707884e-001 -8.467709e-001
    outer loop
      vertex -2.928932e-001 -2.383086e+001 -4.362209e+001
      vertex -1.000000e+000 -1.598757e+001 -4.737507e+001
      vertex -2.928932e-001 -1.589392e+001 -4.709756e+001
    endloop
  endfacet
  facet normal  9.233621e-001 -1.540001e-001 -3.516908e-001
    outer loop
      vertex -2.928932e-001 -2.383086e+001 -4.362209e+001
      vertex -2.928932e-001 -1.589392e+001 -4.709756e+001
      vertex  0.000000e+000 -2.349185e+001 -4.300154e+001
    endloop
  endfacet
  facet normal  9.233619e-001 -1.540004e-001 -3.516912e-001
    outer loop
      vertex  0.000000e+000 -2.349185e+001 -4.300154e+001
      vertex -2.928932e-001 -1.589392e+001 -4.709756e+001
      vertex  0.000000e+000 -1.566782e+001 -4.642757e+001
    endloop
  endfacet
  facet normal  3.814416e-001  5.121945e-001  7.695187e-001
    outer loop
      vertex -1.000000e+000  3.122663e+001  3.904994e+001
      vertex -1.000000e+000  2.397128e+001  4.387913e+001
      vertex -2.928932e-001  3.104371e+001  3.882119e+001
    endloop
  endfacet
  facet normal  3.814398e-001  5.121951e-001  7.695192e-001
    outer loop
      vertex -2.928932e-001  3.104371e+001  3.882119e+001
      vertex -1.000000e+000  2.397128e+001  4.387913e+001
      vertex -2.928932e-001  2.383086e+001  4.362209e+001
    endloop
  endfacet
  facet normal  9.233617e-001  2.127315e-001  3.196067e-001
    outer loop
      vertex -2.928932e-001  3.104371e+001  3.882119e+001
      vertex -2.928932e-001  2.383086e+001  4.362209e+001
      vertex  0.000000e+000  3.060210e+001  3.826894e+001
    endloop
  endfacet
  facet normal  9.233621e-001  2.127310e-001  3.196061e-001
    outer loop
      vertex  0.000000e+000  3.060210e+001  3.826894e+001
      vertex -2.928932e-001  2.383086e+001  4.362209e+001
      vertex  0.000000e+000  2.349185e+001  4.300154e+001
    endloop
  endfacet
  facet normal  3.814376e-001  6.380400e-001  6.688874e-001
    outer loop
      vertex -1.000000e+000  3.753318e+001  3.303423e+001
      vertex -1.000000e+000  3.122663e+001  3.904994e+001
      vertex -2.928932e-001  3.731331e+001  3.284072e+001
    endloop
  endfacet
  facet normal  3.814411e-001  6.380388e-001  6.688865e-001
    outer loop
      vertex -2.928932e-001  3.731331e+001  3.284072e+001
      vertex -1.000000e+000  3.122663e+001  3.904994e+001
      vertex -2.928932e-001  3.104371e+001  3.882119e+001
    endloop
  endfacet
  facet normal  9.233622e-001  2.649978e-001  2.778099e-001
    outer loop
      vertex -2.928932e-001  3.731331e+001  3.284072e+001
      vertex -2.928932e-001  3.104371e+001  3.882119e+001
      vertex  0.000000e+000  3.678251e+001  3.237355e+001
    endloop
  endfacet
  facet normal  9.233618e-001  2.649986e-001  2.778106e-001
    outer loop
      vertex  0.000000e+000  3.678251e+001  3.237355e+001
      vertex -2.928932e-001  3.104371e+001  3.882119e+001
      vertex  0.000000e+000  3.060210e+001  3.826894e+001
    endloop
  endfacet
  facet normal  3.814389e-001  7.444972e-001  5.479309e-001
    outer loop
      vertex -1.000000e+000  4.269930e+001  2.601480e+001
      vertex -1.000000e+000  3.753318e+001  3.303423e+001
      vertex -2.928932e-001  4.244917e+001  2.586241e+001
    endloop
  endfacet
  facet normal  3.814378e-001  7.444976e-001  5.479310e-001
    outer loop
      vertex -2.928932e-001  4.244917e+001  2.586241e+001
      vertex -1.000000e+000  3.753318e+001  3.303423e+001
      vertex -2.928932e-001  3.731331e+001  3.284072e+001
    endloop
  endfacet
  facet normal  9.233621e-001  3.092135e-001  2.275731e-001
    outer loop
      vertex -2.928932e-001  4.244917e+001  2.586241e+001
      vertex -2.928932e-001  3.731331e+001  3.284072e+001
      vertex  0.000000e+000  4.184531e+001  2.549450e+001
    endloop
  endfacet
  facet normal  9.233622e-001  3.092131e-001  2.275729e-001
    outer loop
      vertex  0.000000e+000  4.184531e+001  2.549450e+001
      vertex -2.928932e-001  3.731331e+001  3.284072e+001
      vertex  0.000000e+000  3.678251e+001  3.237355e+001
    endloop
  endfacet
  facet normal  3.814392e-001  8.283337e-001  4.103259e-001
    outer loop
      vertex -1.000000e+000  4.656802e+001  1.820492e+001
      vertex -1.000000e+000  4.269930e+001  2.601480e+001
      vertex -2.928932e-001  4.629523e+001  1.809828e+001
    endloop
  endfacet
  facet normal  3.814388e-001  8.283340e-001  4.103259e-001
    outer loop
      vertex -2.928932e-001  4.629523e+001  1.809828e+001
      vertex -1.000000e+000  4.269930e+001  2.601480e+001
      vertex -2.928932e-001  4.244917e+001  2.586241e+001
    endloop
  endfacet
  facet normal  9.233624e-001  3.440327e-001  1.704210e-001
    outer loop
      vertex -2.928932e-001  4.629523e+001  1.809828e+001
      vertex -2.928932e-001  4.244917e+001  2.586241e+001
      vertex  0.000000e+000  4.563666e+001  1.784082e+001
    endloop
  endfacet
  facet normal  9.233621e-001  3.440335e-001  1.704213e-001
    outer loop
      vertex  0.000000e+000  4.563666e+001  1.784082e+001
      vertex -2.928932e-001  4.244917e+001  2.586241e+001
      vertex  0.000000e+000  4.184531e+001  2.549450e+001
    endloop
  endfacet
  facet normal  3.814391e-001  8.870019e-001  2.602533e-001
    outer loop
      vertex -1.000000e+000  4.902180e+001  9.841896e+000
      vertex -1.000000e+000  4.656802e+001  1.820492e+001
      vertex -2.928932e-001  4.873464e+001  9.784244e+000
    endloop
  endfacet
  facet normal  3.814392e-001  8.870019e-001  2.602533e-001
    outer loop
      vertex -2.928932e-001  4.873464e+001  9.784244e+000
      vertex -1.000000e+000  4.656802e+001  1.820492e+001
      vertex -2.928932e-001  4.629523e+001  1.809828e+001
    endloop
  endfacet
  facet normal  9.233618e-001  3.684006e-001  1.080916e-001
    outer loop
      vertex -2.928932e-001  4.873464e+001  9.784244e+000
      vertex -2.928932e-001  4.629523e+001  1.809828e+001
      vertex  0.000000e+000  4.804137e+001  9.645059e+000
    endloop
  endfacet
  facet normal  9.233624e-001  3.683993e-001  1.080914e-001
    outer loop
      vertex  0.000000e+000  4.804137e+001  9.645059e+000
      vertex -2.928932e-001  4.629523e+001  1.809828e+001
      vertex  0.000000e+000  4.563666e+001  1.784082e+001
    endloop
  endfacet
  facet normal  3.814360e-001  9.187202e-001  1.022734e-001
    outer loop
      vertex -1.000000e+000  4.998608e+001  1.179829e+000
      vertex -1.000000e+000  4.902180e+001  9.841896e+000
      vertex -2.928932e-001  4.969327e+001  1.172918e+000
    endloop
  endfacet
  facet normal  3.814391e-001  9.187189e-001  1.022736e-001
    outer loop
      vertex -2.928932e-001  4.969327e+001  1.172918e+000
      vertex -1.000000e+000  4.902180e+001  9.841896e+000
      vertex -2.928932e-001  4.873464e+001  9.784244e+000
    endloop
  endfacet
  facet normal  9.233628e-001  3.815716e-001  4.247730e-002
    outer loop
      vertex -2.928932e-001  4.969327e+001  1.172918e+000
      vertex -2.928932e-001  4.873464e+001  9.784244e+000
      vertex  0.000000e+000  4.898635e+001  1.156233e+000
    endloop
  endfacet
  facet normal  9.233618e-001  3.815737e-001  4.247733e-002
    outer loop
      vertex  0.000000e+000  4.898635e+001  1.156233e+000
      vertex -2.928932e-001  4.873464e+001  9.784244e+000
      vertex  0.000000e+000  4.804137e+001  9.645059e+000
    endloop
  endfacet
  facet normal  3.814382e-001  9.225214e-001 -5.881406e-002
    outer loop
      vertex -1.000000e+000  4.943155e+001 -7.518086e+000
      vertex -1.000000e+000  4.998608e+001  1.179829e+000
      vertex -2.928932e-001  4.914199e+001 -7.474046e+000
    endloop
  endfacet
  facet normal  3.814359e-001  9.225223e-001 -5.881434e-002
    outer loop
      vertex -2.928932e-001  4.914199e+001 -7.474046e+000
      vertex -1.000000e+000  4.998608e+001  1.179829e+000
      vertex -2.928932e-001  4.969327e+001  1.172918e+000
    endloop
  endfacet
  facet normal  9.233626e-001  3.831512e-001 -2.442736e-002
    outer loop
      vertex -2.928932e-001  4.914199e+001 -7.474046e+000
      vertex -2.928932e-001  4.969327e+001  1.172918e+000
      vertex  0.000000e+000  4.844292e+001 -7.367724e+000
    endloop
  endfacet
  facet normal  9.233627e-001  3.831508e-001 -2.442730e-002
    outer loop
      vertex  0.000000e+000  4.844292e+001 -7.367724e+000
      vertex -2.928932e-001  4.969327e+001  1.172918e+000
      vertex  0.000000e+000  4.898635e+001  1.156233e+000
    endloop
  endfacet
  facet normal  3.814379e-001  8.982934e-001 -2.181152e-001
    outer loop
      vertex -1.000000e+000  4.737507e+001 -1.598757e+001
      vertex -1.000000e+000  4.943155e+001 -7.518086e+000
      vertex -2.928932e-001  4.709756e+001 -1.589392e+001
    endloop
  endfacet
  facet normal  3.814384e-001  8.982931e-001 -2.181151e-001
    outer loop
      vertex -2.928932e-001  4.709756e+001 -1.589392e+001
      vertex -1.000000e+000  4.943155e+001 -7.518086e+000
      vertex -2.928932e-001  4.914199e+001 -7.474046e+000
    endloop
  endfacet
  facet normal  9.233619e-001  3.730902e-001 -9.059026e-002
    outer loop
      vertex -2.928932e-001  4.709756e+001 -1.589392e+001
      vertex -2.928932e-001  4.914199e+001 -7.474046e+000
      vertex  0.000000e+000  4.642757e+001 -1.566782e+001
    endloop
  endfacet
  facet normal  9.233626e-001  3.730886e-001 -9.058969e-002
    outer loop
      vertex  0.000000e+000  4.642757e+001 -1.566782e+001
      vertex -2.928932e-001  4.914199e+001 -7.474046e+000
      vertex  0.000000e+000  4.844292e+001 -7.367724e+000
    endloop
  endfacet
  facet normal  3.814398e-001  8.467704e-001 -3.707879e-001
    outer loop
      vertex -1.000000e+000  4.387913e+001 -2.397128e+001
      vertex -1.000000e+000  4.737507e+001 -1.598757e+001
      vertex -2.928932e-001  4.362209e+001 -2.383086e+001
    endloop
  endfacet
  facet normal  3.814379e-001  8.467709e-001 -3.707884e-001
    outer loop
      vertex -2.928932e-001  4.362209e+001 -2.383086e+001
      vertex -1.000000e+000  4.737507e+001 -1.598757e+001
      vertex -2.928932e-001  4.709756e+001 -1.589392e+001
    endloop
  endfacet
  facet normal  9.233621e-001  3.516908e-001 -1.540001e-001
    outer loop
      vertex -2.928932e-001  4.362209e+001 -2.383086e+001
      vertex -2.928932e-001  4.709756e+001 -1.589392e+001
      vertex  0.000000e+000  4.300154e+001 -2.349185e+001
    endloop
  endfacet
  facet normal  9.233619e-001  3.516912e-001 -1.540004e-001
    outer loop
      vertex  0.000000e+000  4.300154e+001 -2.349185e+001
      vertex -2.928932e-001  4.709756e+001 -1.589392e+001
      vertex  0.000000e+000  4.642757e+001 -1.566782e+001
    endloop
  endfacet
  facet normal  3.814416e-001  7.695187e-001 -5.121945e-001
    outer loop
      vertex -1.000000e+000  3.904994e+001 -3.122663e+001
      vertex -1.000000e+000  4.387913e+001 -2.397128e+001
      vertex -2.928932e-001  3.882119e+001 -3.104371e+001
    endloop
  endfacet
  facet normal  3.814398e-001  7.695192e-001 -5.121951e-001
    outer loop
      vertex -2.928932e-001  3.882119e+001 -3.104371e+001
      vertex -1.000000e+000  4.387913e+001 -2.397128e+001
      vertex -2.928932e-001  4.362209e+001 -2.383086e+001
    endloop
  endfacet
  facet normal  9.233617e-001  3.196067e-001 -2.127315e-001
    outer loop
      vertex -2.928932e-001  3.882119e+001 -3.104371e+001
      vertex -2.928932e-001  4.362209e+001 -2.383086e+001
      vertex  0.000000e+000  3.826894e+001 -3.060210e+001
    endloop
  endfacet
  facet normal  9.233621e-001  3.196061e-001 -2.127310e-001
    outer loop
      vertex  0.000000e+000  3.826894e+001 -3.060210e+001
      vertex -2.928932e-001  4.362209e+001 -2.383086e+001
      vertex  0.000000e+000  4.300154e+001 -2.349185e+001
    endloop
  endfacet
  facet normal  3.814376e-001  6.688874e-001 -6.380400e-001
    outer loop
      vertex -1.000000e+000  3.303423e+001 -3.753318e+001
      vertex -1.000000e+000  3.904994e+001 -3.122663e+001
      vertex -2.928932e-001  3.284072e+001 -3.731331e+001
    endloop
  endfacet
  facet normal  3.814411e-001  6.688865e-001 -6.380388e-001
    outer loop
      vertex -2.928932e-001  3.284072e+001 -3.731331e+001
      vertex -1.000000e+000  3.904994e+001 -3.122663e+001
      vertex -2.928932e-001  3.882119e+001 -3.104371e+001
    endloop
  endfacet
  facet normal  9.233622e-001  2.778099e-001 -2.649978e-001
    outer loop
      vertex -2.928932e-001  3.284072e+001 -3.731331e+001
      vertex -2.928932e-001  3.882119e+001 -3.104371e+001
      vertex  0.000000e+000  3.237355e+001 -3.678251e+001
    endloop
  endfacet
  facet normal  9.233618e-001  2.778106e-001 -2.649986e-001
    outer loop
      vertex  0.000000e+000  3.237355e+001 -3.678251e+001
      vertex -2.928932e-001  3.882119e+001 -3.104371e+001
      vertex  0.000000e+000  3.826894e+001 -3.060210e+001
    endloop
  endfacet
  facet normal  3.814389e-001  5.479309e-001 -7.444972e-001
    outer loop
      vertex -1.000000e+000  2.601480e+001 -4.269930e+001
      vertex -1.000000e+000  3.303423e+001 -3.753318e+001
      vertex -2.928932e-001  2.586241e+001 -4.244917e+001
    endloop
  endfacet
  facet normal  3.814378e-001  5.479310e-001 -7.444976e-001
    outer loop
      vertex -2.928932e-001  2.586241e+001 -4.244917e+001
      vertex -1.000000e+000  3.303423e+001 -3.753318e+001
      vertex -2.928932e-001  3.284072e+001 -3.731331e+001
    endloop
  endfacet
  facet normal  9.233621e-001  2.275731e-001 -3.092135e-001
    outer loop
      vertex -2.928932e-001  2.586241e+001 -4.244917e+001
      vertex -2.928932e-001  3.284072e+001 -3.731331e+001
      vertex  0.000000e+000  2.549450e+001 -4.184531e+001
    endloop
  endfacet
  facet normal  9.233622e-001  2.275729e-001 -3.092131e-001
    outer loop
      vertex  0.000000e+000  2.549450e+001 -4.184531e+001
      vertex -2.928932e-001  3.284072e+001 -3.731331e+001
      vertex  0.000000e+000  3.237355e+001 -3.678251e+001
    endloop
  endfacet
  facet normal  3.814392e-001  4.103259e-001 -8.283337e-001
    outer loop
      vertex -1.000000e+000  1.820492e+001 -4.656802e+001
      vertex -1.000000e+000  2.601480e+001 -4.269930e+001
      vertex -2.928932e-001  1.809828e+001 -4.629523e+001
    endloop
  endfacet
  facet normal  3.814388e-001  4.103259e-001 -8.283340e-001
    outer loop
      vertex -2.928932e-001  1.809828e+001 -4.629523e+001
      vertex -1.000000e+000  2.601480e+001 -4.269930e+001
      vertex -2.928932e-001  2.586241e+001 -4.244917e+001
    endloop
  endfacet
  facet normal  9.233624e-001  1.704210e-001 -3.440327e-001
    outer loop
      vertex -2.928932e-001  1.809828e+001 -4.629523e+001
      vertex -2.928932e-001  2.586241e+001 -4.244917e+001
      vertex  0.000000e+000  1.784082e+001 -4.563666e+001
    endloop
  endfacet
  facet normal  9.233621e-001  1.704213e-001 -3.440335e-001
    outer loop
      vertex  0.000000e+000  1.784082e+001 -4.563666e+001
      vertex -2.928932e-001  2.586241e+001 -4.244917e+001
      vertex  0.000000e+000  2.549450e+001 -4.184531e+001
    endloop
  endfacet
  facet normal  3.814391e-001  2.602533e-001 -8.870019e-001
    outer loop
      vertex -1.000000e+000  9.841896e+000 -4.902180e+001
      vertex -1.000000e+000  1.820492e+001 -4.656802e+001
      vertex -2.928932e-001  9.784244e+000 -4.873464e+001
    endloop
  endfacet
  facet normal  3.814392e-001  2.602533e-001 -8.870019e-001
    outer loop
      vertex -2.928932e-001  9.784244e+000 -4.873464e+001
      vertex -1.000000e+000  1.820492e+001 -4.656802e+001
      vertex -2.928932e-001  1.809828e+001 -4.629523e+001
    endloop
  endfacet
  facet normal  9.233618e-001  1.080916e-001 -3.684006e-001
    outer loop
      vertex -2.928932e-001  9.784244e+000 -4.873464e+001
      vertex -2.928932e-001  1.809828e+001 -4.629523e+001
      vertex  0.000000e+000  9.645059e+000 -4.804137e+001
    endloop
  endfacet
  facet normal  9.233624e-001  1.080914e-001 -3.683993e-001
    outer loop
      vertex  0.000000e+000  9.645059e+000 -4.804137e+001
      vertex -2.928932e-001  1.809828e+001 -4.629523e+001
      vertex  0.000000e+000  1.784082e+001 -4.563666e+001
    endloop
  endfacet
  facet normal  3.814360e-001  1.022734e-001 -9.187202e-001
    outer loop
      vertex -1.000000e+000  1.179829e+000 -4.998608e+001
      vertex -1.000000e+000  9.841896e+000 -4.902180e+001
      vertex -2.928932e-001  1.172918e+000 -4.969327e+001
    endloop
  endfacet
  facet normal  3.814391e-001  1.022736e-001 -9.187189e-001
    outer loop
      vertex -2.928932e-001  1.172918e+000 -4.969327e+001
      vertex -1.000000e+000  9.841896e+000 -4.902180e+001
      vertex -2.928932e-001  9.784244e+000 -4.873464e+001
    endloop
  endfacet
  facet normal  9.233628e-001  4.247730e-002 -3.815716e-001
    outer loop
      vertex -2.928932e-001  1.172918e+000 -4.969327e+001
      vertex -2.928932e-001  9.784244e+000 -4.873464e+001
      vertex  0.000000e+000  1.156233e+000 -4.898635e+001
    endloop
  endfacet
  facet normal  9.233618e-001  4.247733e-002 -3.815737e-001
    outer loop
      vertex  0.000000e+000  1.156233e+000 -4.898635e+001
      vertex -2.928932e-001  9.784244e+000 -4.873464e+001
      vertex  0.000000e+000  9.645059e+000 -4.804137e+001
    endloop
  endfacet
  facet normal  3.814382e-001 -5.881406e-002 -9.225214e-001
    outer loop
      vertex -1.000000e+000 -7.518086e+000 -4.943155e+001
      vertex -1.000000e+000  1.179829e+000 -4.998608e+001
      vertex -2.928932e-001 -7.474046e+000 -4.914199e+001
    endloop
  endfacet
  facet normal  3.814359e-001 -5.881434e-002 -9.225223e-001
    outer loop
      vertex -2.928932e-001 -7.474046e+000 -4.914199e+001
      vertex -1.000000e+000  1.179829e+000 -4.998608e+001
      vertex -2.928932e-001  1.172918e+000 -4.969327e+001
    endloop
  endfacet
  facet normal  9.233626e-001 -2.442736e-002 -3.831512e-001
    outer loop
      vertex -2.928932e-001 -7.474046e+000 -4.914199e+001
      vertex -2.928932e-001  1.172918e+000 -4.969327e+001
      vertex  0.000000e+000 -7.367724e+000 -4.844292e+001
    endloop
  endfacet
  facet normal  9.233627e-001 -2.442730e-002 -3.831508e-001
    outer loop
      vertex  0.000000e+000 -7.367724e+000 -4.844292e+001
      vertex -2.928932e-001  1.172918e+000 -4.969327e+001
      vertex  0.000000e+000  1.156233e+000 -4.898635e+001
    endloop
  endfacet
  facet normal  3.814379e-001 -2.181152e-001 -8.982934e-001
    outer loop
      vertex -1.000000e+000 -1.598757e+001 -4.737507e+001
      vertex -1.000000e+000 -7.518086e+000 -4.943155e+001
      vertex -2.928932e-001 -1.589392e+001 -4.709756e+001
    endloop
  endfacet
  facet normal  3.814384e-001 -2.181151e-001 -8.982931e-001
    outer loop
      vertex -2.928932e-001 -1.589392e+001 -4.709756e+001
      vertex -1.000000e+000 -7.518086e+000 -4.943155e+001
      vertex -2.928932e-001 -7.474046e+000 -4.914199e+001
    endloop
  endfacet
  facet normal  9.233619e-001 -9.059026e-002 -3.730902e-001
    outer loop
      vertex -2.928932e-001 -1.589392e+001 -4.709756e+001
      vertex -2.928932e-001 -7.474046e+000 -4.914199e+001
      vertex  0.000000e+000 -1.566782e+001 -4.642757e+001
    endloop
  endfacet
  facet normal  9.233626e-001 -9.058969e-002 -3.730886e-001
    outer loop
      vertex  0.000000e+000 -1.566782e+001 -4.642757e+001
      vertex -2.928932e-001 -7.474046e+000 -4.914199e+001
      vertex  0.000000e+000 -7.367724e+000 -4.844292e+001
    endloop
  endfacet
  facet normal  3.814398e-001  3.707879e-001  8.467704e-001
    outer loop
      vertex -1.000000e+000  2.397128e+001  4.387913e+001
      vertex -1.000000e+000  1.598757e+001  4.737507e+001
      vertex -2.928932e-001  2.383086e+001  4.362209e+001
    endloop
  endfacet
  facet normal  3.814379e-001  3.707884e-001  8.467709e-001
    outer loop
      vertex -2.928932e-001  2.383086e+001  4.362209e+001
      vertex -1.000000e+000  1.598757e+001  4.737507e+001
      vertex -2.928932e-001  1.589392e+001  4.709756e+001
    endloop
  endfacet
  facet normal  9.233621e-001  1.540001e-001  3.516908e-001
    outer loop
      vertex -2.928932e-001  2.383086e+001  4.362209e+001
      vertex -2.928932e-001  1.589392e+001  4.709756e+001
      vertex  0.000000e+000  2.349185e+001  4.300154e+001
    endloop
  endfacet
  facet normal  9.233619e-001  1.540004e-001  3.516912e-001
    outer loop
      vertex  0.000000e+000  2.349185e+001  4.300154e+001
      vertex -2.928932e-001  1.589392e+001  4.709756e+001
      vertex  0.000000e+000  1.566782e+001  4.642757e+001
    endloop
  endfacet
  facet normal  3.814416e-001 -5.121945e-001 -7.695187e-001
    outer loop
      vertex -1.000000e+000 -3.122663e+001 -3.904994e+001
      vertex -1.000000e+000 -2.397128e+001 -4.387913e+001
      vertex -2.928932e-001 -3.104371e+001 -3.882119e+001
    endloop
  endfacet
  facet normal  3.814398e-001 -5.121951e-001 -7.695192e-001
    outer loop
      vertex -2.928932e-001 -3.104371e+001 -3.882119e+001
      vertex -1.000000e+000 -2.397128e+001 -4.387913e+001
      vertex -2.928932e-001 -2.383086e+001 -4.362209e+001
    endloop
  endfacet
  facet normal  9.233617e-001 -2.127315e-001 -3.196067e-001
    outer loop
      vertex -2.928932e-001 -3.104371e+001 -3.882119e+001
      vertex -2.928932e-001 -2.383086e+001 -4.362209e+001
      vertex  0.000000e+000 -3.060210e+001 -3.826894e+001
    endloop
  endfacet
  facet normal  9.233621e-001 -2.127310e-001 -3.196061e-001
    outer loop
      vertex  0.000000e+000 -3.060210e+001 -3.826894e+001
      vertex -2.928932e-001 -2.383086e+001 -4.362209e+001
      vertex  0.000000e+000 -2.349185e+001 -4.300154e+001
    endloop
  endfacet
  facet normal  3.814376e-001 -6.380400e-001 -6.688874e-001
    outer loop
      vertex -1.000000e+000 -3.753318e+001 -3.303423e+001
      vertex -1.000000e+000 -3.122663e+001 -3.904994e+001
      vertex -2.928932e-001 -3.731331e+001 -3.284072e+001
    endloop
  endfacet
  facet normal  3.814411e-001 -6.380388e-001 -6.688865e-001
    outer loop
      vertex -2.928932e-001 -3.731331e+001 -3.284072e+001
      vertex -1.000000e+000 -3.122663e+001 -3.904994e+001
      vertex -2.928932e-001 -3.104371e+001 -3.882119e+001
    endloop
  endfacet
  facet normal  9.233622e-001 -2.649978e-001 -2.778099e-001
    outer loop
      vertex -2.928932e-001 -3.731331e+001 -3.284072e+001
      vertex -2.928932e-001 -3.104371e+001 -3.882119e+001
      vertex  0.000000e+000 -3.678251e+001 -3.237355e+001
    endloop
  endfacet
  facet normal  9.233618e-001 -2.649986e-001 -2.778106e-001
    outer loop
      vertex  0.000000e+000 -3.678251e+001 -3.237355e+001
      vertex -2.928932e-001 -3.104371e+001 -3.882119e+001
      vertex  0.000000e+000 -3.060210e+001 -3.826894e+001
    endloop
  endfacet
  facet normal  3.814389e-001 -7.444972e-001 -5.479309e-001
    outer loop
      vertex -1.000000e+000 -4.269930e+001 -2.601480e+001
      vertex -1.000000e+000 -3.753318e+001 -3.303423e+001
      vertex -2.928932e-001 -4.244917e+001 -2.586241e+001
    endloop
  endfacet
  facet normal  3.814378e-001 -7.444976e-001 -5.479310e-001
    outer loop
      vertex -2.928932e-001 -4.244917e+001 -2.586241e+001
      vertex -1.000000e+000 -3.753318e+001 -3.303423e+001
      vertex -2.928932e-001 -3.731331e+001 -3.284072e+001
    endloop
  endfacet
  facet normal  9.233621e-001 -3.092135e-001 -2.275731e-001
    outer loop
      vertex -2.928932e-001 -4.244917e+001 -2.586241e+001
      vertex -2.928932e-001 -3.731331e+001 -3.284072e+001
      vertex  0.000000e+000 -4.184531e+001 -2.549450e+001
    endloop
  endfacet
  facet normal  9.233622e-001 -3.092131e-001 -2.275729e-001
    outer loop
      vertex  0.000000e+000 -4.184531e+001 -2.549450e+001
      vertex -2.928932e-001 -3.731331e+001 -3.284072e+001
      vertex  0.000000e+000 -3.678251e+001 -3.237355e+001
    endloop
  endfacet
  facet normal  3.814392e-001 -8.283337e-001 -4.103259e-001
    outer loop
      vertex -1.000000e+000 -4.656802e+001 -1.820492e+001
      vertex -1.000000e+000 -4.269930e+001 -2.601480e+001
      vertex -2.928932e-001 -4.629523e+001 -1.809828e+001
    endloop
  endfacet
  facet normal  3.814388e-001 -8.283340e-001 -4.103259e-001
    outer loop
      vertex -2.928932e-001 -4.629523e+001 -1.809828e+001
      vertex -1.000000e+000 -4.269930e+001 -2.601480e+001
      vertex -2.928932e-001 -4.244917e+001 -2.586241e+001
    endloop
  endfacet
  facet normal  9.233624e-001 -3.440327e-001 -1.704210e-001
    outer loop
      vertex -2.928932e-001 -4.629523e+001 -1.809828e+001
      vertex -2.928932e-001 -4.244917e+001 -2.586241e+001
      vertex  0.000000e+000 -4.563666e+001 -1.784082e+001
    endloop
  endfacet
  facet normal  9.233621e-001 -3.440335e-001 -1.704213e-001
    outer loop
      vertex  0.000000e+000 -4.563666e+001 -1.784082e+001
      vertex -2.928932e-001 -4.244917e+001 -2.586241e+001
      vertex  0.000000e+000 -4.184531e+001 -2.549450e+001
    endloop
  endfacet
  facet normal  3.814391e-001 -8.870019e-001 -2.602533e-001
    outer loop
      vertex -1.000000e+000 -4.902180e+001 -9.841896e+000
      vertex -1.000000e+000 -4.656802e+001 -1.820492e+001
      vertex -2.928932e-001 -4.873464e+001 -9.784244e+000
    endloop
  endfacet
  facet normal  3.814392e-001 -8.870019e-001 -2.602533e-001
    outer loop
      vertex -2.928932e-001 -4.873464e+001 -9.784244e+000
      vertex -1.000000e+000 -4.656802e+001 -1.820492e+001
      vertex -2.928932e-001 -4.629523e+001 -1.809828e+001
    endloop
  endfacet
  facet normal  9.233618e-001 -3.684006e-001 -1.080916e-001
    outer loop
      vertex -2.928932e-001 -4.873464e+001 -9.784244e+000
      vertex -2.928932e-001 -4.629523e+001 -1.809828e+001
      vertex  0.000000e+000 -4.804137e+001 -9.645059e+000
    endloop
  endfacet
  facet normal  9.233624e-001 -3.683993e-001 -1.080914e-001
    outer loop
      vertex  0.000000e+000 -4.804137e+001 -9.645059e+000
      vertex -2.928932e-001 -4.629523e+001 -1.809828e+001
      vertex  0.000000e+000 -4.563666e+001 -1.784082e+001
    endloop
  endfacet
  facet normal  3.814360e-001 -9.187202e-001 -1.022734e-001
    outer loop
      vertex -1.000000e+000 -4.998608e+001 -1.179829e+000
      vertex -1.000000e+000 -4.902180e+001 -9.841896e+000
      vertex -2.928932e-001 -4.969327e+001 -1.172918e+000
    endloop
  endfacet
  facet normal  3.814391e-001 -9.187189e-001 -1.022736e-001
    outer loop
      vertex -2.928932e-001 -4.969327e+001 -1.172918e+000
      vertex -1.000000e+000 -4.902180e+001 -9.841896e+000
      vertex -2.928932e-001 -4.873464e+001 -9.784244e+000
    endloop
  endfacet
  facet normal  9.233628e-001 -3.815716e-001 -4.247730e-002
    outer loop
      vertex -2.928932e-001 -4.969327e+001 -1.172918e+000
      vertex -2.928932e-001 -4.873464e+001 -9.784244e+000
      vertex  0.000000e+000 -4.898635e+001 -1.156233e+000
    endloop
  endfacet
  facet normal  9.233618e-001 -3.815737e-001 -4.247733e-002
    outer loop
      vertex  0.000000e+000 -4.898635e+001 -1.156233e+000
      vertex -2.928932e-001 -4.873464e+001 -9.784244e+000
      vertex  0.000000e+000 -4.804137e+001 -9.645059e+000
    endloop
  endfacet
  facet normal  3.814382e-001 -9.225214e-001  5.881406e-002
    outer loop
      vertex -1.000000e+000 -4.943155e+001  7.518086e+000
      vertex -1.000000e+000 -4.998608e+001 -1.179829e+000
      vertex -2.928932e-001 -4.914199e+001  7.474046e+000
    endloop
  endfacet
  facet normal  3.814359e-001 -9.225223e-001  5.881434e-002
    outer loop
      vertex -2.928932e-001 -4.914199e+001  7.474046e+000
      vertex -1.000000e+000 -4.998608e+001 -1.179829e+000
      vertex -2.928932e-001 -4.969327e+001 -1.172918e+000
    endloop
  endfacet
  facet normal  9.233626e-001 -3.831512e-001  2.442736e-002
    outer loop
      vertex -2.928932e-001 -4.914199e+001  7.474046e+000
      vertex -2.928932e-001 -4.969327e+001 -1.172918e+000
      vertex  0.000000e+000 -4.844292e+001  7.367724e+000
    endloop
  endfacet
  facet normal  9.233627e-001 -3.831508e-001  2.442730e-002
    outer loop
      vertex  0.000000e+000 -4.844292e+001  7.367724e+000
      vertex -2.928932e-001 -4.969327e+001 -1.172918e+000
      vertex  0.000000e+000 -4.898635e+001 -1.156233e+000
    endloop
  endfacet
  facet normal  3.814379e-001 -8.982934e-001  2.181152e-001
    outer loop
      vertex -1.000000e+000 -4.737507e+001  1.598757e+001
      vertex -1.000000e+000 -4.943155e+001  7.518086e+000
      vertex -2.928932e-001 -4.709756e+001  1.589392e+001
    endloop
  endfacet
  facet normal  3.814384e-001 -8.982931e-001  2.181151e-001
    outer loop
      vertex -2.928932e-001 -4.709756e+001  1.589392e+001
      vertex -1.000000e+000 -4.943155e+001  7.518086e+000
      vertex -2.928932e-001 -4.914199e+001  7.474046e+000
    endloop
  endfacet
  facet normal  9.233619e-001 -3.730902e-001  9.059026e-002
    outer loop
      vertex -2.928932e-001 -4.709756e+001  1.589392e+001
      vertex -2.928932e-001 -4.914199e+001  7.474046e+000
      vertex  0.000000e+000 -4.642757e+001  1.566782e+001
    endloop
  endfacet
  facet normal  9.233626e-001 -3.730886e-001  9.058969e-002
    outer loop
      vertex  0.000000e+000 -4.642757e+001  1.566782e+001
      vertex -2.928932e-001 -4.914199e+001  7.474046e+000
      vertex  0.000000e+000 -4.844292e+001  7.367724e+000
    endloop
  endfacet
  facet normal  3.814398e-001 -8.467704e-001  3.707879e-001
    outer loop
      vertex -1.000000e+000 -4.387913e+001  2.397128e+001
      vertex -1.000000e+000 -4.737507e+001  1.598757e+001
      vertex -2.928932e-001 -4.362209e+001  2.383086e+001
    endloop
  endfacet
  facet normal  3.814379e-001 -8.467709e-001  3.707884e-001
    outer loop
      vertex -2.928932e-001 -4.362209e+001  2.383086e+001
      vertex -1.000000e+000 -4.737507e+001  1.598757e+001
      vertex -2.928932e-001 -4.709756e+001  1.589392e+001
    endloop
  endfacet
  facet normal  9.233621e-001 -3.516908e-001  1.540001e-001
    outer loop
      vertex -2.928932e-001 -4.362209e+001  2.383086e+001
      vertex -2.928932e-001 -4.709756e+001  1.589392e+001
      vertex  0.000000e+000 -4.300154e+001  2.349185e+001
    endloop
  endfacet
  facet normal  9.233619e-001 -3.516912e-001  1.540004e-001
    outer loop
      vertex  0.000000e+000 -4.300154e+001  2.349185e+001
      vertex -2.928932e-001 -4.709756e+001  1.589392e+001
      vertex  0.000000e+000 -4.642757e+001  1.566782e+001
    endloop
  endfacet
  facet normal  3.814416e-001 -7.695187e-001  5.121945e-001
    outer loop
      vertex -1.000000e+000 -3.904994e+001  3.122663e+001
      vertex -1.000000e+000 -4.387913e+001  2.397128e+001
      vertex -2.928932e-001 -3.882119e+001  3.104371e+001
    endloop
  endfacet
  facet normal  3.814398e-001 -7.695192e-001  5.121951e-001
    outer loop
      vertex -2.928932e-001 -3.882119e+001  3.104371e+001
      vertex -1.000000e+000 -4.387913e+001  2.397128e+001
      vertex -2.928932e-001 -4.362209e+001  2.383086e+001
    endloop
  endfacet
  facet normal  9.233617e-001 -3.196067e-001  2.127315e-001
    outer loop
      vertex -2.928932e-001 -3.882119e+001  3.104371e+001
      vertex -2.928932e-001 -4.362209e+001  2.383086e+001
      vertex  0.000000e+000 -3.826894e+001  3.060210e+001
    endloop
  endfacet
  facet normal  9.233621e-001 -3.196061e-001  2.127310e-001
    outer loop
      vertex  0.000000e+000 -3.826894e+001  3.060210e+001
      vertex -2.928932e-001 -4.362209e+001  2.383086e+001
      vertex  0.000000e+000 -4.300154e+001  2.349185e+001
    endloop
  endfacet
  facet normal  3.814376e-001 -6.688874e-001  6.380400e-001
    outer loop
      vertex -1.000000e+000 -3.303423e+001  3.753318e+001
      vertex -1.000000e+000 -3.904994e+001  3.122663e+001
      vertex -2.928932e-001 -3.284072e+001  3.731331e+001
    endloop
  endfacet
  facet normal  3.814411e-001 -6.688865e-001  6.380388e-001
    outer loop
      vertex -2.928932e-001 -3.284072e+001  3.731331e+001
      vertex -1.000000e+000 -3.904994e+001  3.122663e+001
      vertex -2.928932e-001 -3.882119e+001  3.104371e+001
    endloop
  endfacet
  facet normal  9.233622e-001 -2.778099e-001  2.649978e-001
    outer loop
      vertex -2.928932e-001 -3.284072e+001  3.731331e+001
      vertex -2.928932e-001 -3.882119e+001  3.104371e+001
      vertex  0.000000e+000 -3.237355e+001  3.678251e+001
    endloop
  endfacet
  facet normal  9.233618e-001 -2.778106e-001  2.649986e-001
    outer loop
      vertex  0.000000e+000 -3.237355e+001  3.678251e+001
      vertex -2.928932e-001 -3.882119e+001  3.104371e+001
      vertex  0.000000e+000 -3.826894e+001  3.060210e+001
    endloop
  endfacet
  facet normal  3.814389e-001 -5.479309e-001  7.444972e-001
    outer loop
      vertex -1.000000e+000 -2.601480e+001  4.269930e+001
      vertex -1.000000e+000 -3.303423e+001  3.753318e+001
      vertex -2.928932e-001 -2.586241e+001  4.244917e+001
    endloop
  endfacet
  facet normal  3.814378e-001 -5.479310e-001  7.444976e-001
    outer loop
      vertex -2.928932e-001 -2.586241e+001  4.244917e+001
      vertex -1.000000e+000 -3.303423e+001  3.753318e+001
      vertex -2.928932e-001 -3.284072e+001  3.731331e+001
    endloop
  endfacet
  facet normal  9.233621e-001 -2.275731e-001  3.092135e-001
    outer loop
      vertex -2.928932e-001 -2.586241e+001  4.244917e+001
      vertex -2.928932e-001 -3.284072e+001  3.731331e+001
      vertex  0.000000e+000 -2.549450e+001  4.184531e+001
    endloop
  endfacet
  facet normal  9.233622e-001 -2.275729e-001  3.092131e-001
    outer loop
      vertex  0.000000e+000 -2.549450e+001  4.184531e+001
      vertex -2.928932e-001 -3.284072e+001  3.731331e+001
      vertex  0.000000e+000 -3.237355e+001  3.678251e+001
    endloop
  endfacet
  facet normal  3.814392e-001 -4.103259e-001  8.283337e-001
    outer loop
      vertex -1.000000e+000 -1.820492e+001  4.656802e+001
      vertex -1.000000e+000 -2.601480e+001  4.269930e+001
      vertex -2.928932e-001 -1.809828e+001  4.629523e+001
    endloop
  endfacet
  facet normal  3.814388e-001 -4.103259e-001  8.283340e-001
    outer loop
      vertex -2.928932e-001 -1.809828e+001  4.629523e+001
      vertex -1.000000e+000 -2.601480e+001  4.269930e+001
      vertex -2.928932e-001 -2.586241e+001  4.244917e+001
    endloop
  endfacet
  facet normal  9.233624e-001 -1.704210e-001  3.440327e-001
    outer loop
      vertex -2.928932e-001 -1.809828e+001  4.629523e+001
      vertex -2.928932e-001 -2.586241e+001  4.244917e+001
      vertex  0.000000e+000 -1.784082e+001  4.563666e+001
    endloop
  endfacet
  facet normal  9.233621e-001 -1.704213e-001  3.440335e-001
    outer loop
      vertex  0.000000e+000 -1.784082e+001  4.563666e+001
      vertex -2.928932e-001 -2.586241e+001  4.244917e+001
      vertex  0.000000e+000 -2.549450e+001  4.184531e+001
    endloop
  endfacet
  facet normal  3.814391e-001 -2.602533e-001  8.870019e-001
    outer loop
      vertex -1.000000e+000 -9.841896e+000  4.902180e+001
      vertex -1.000000e+000 -1.820492e+001  4.656802e+001
      vertex -2.928932e-001 -9.784244e+000  4.873464e+001
    endloop
  endfacet
  facet normal  3.814392e-001 -2.602533e-001  8.870019e-001
    outer loop
      vertex -2.928932e-001 -9.784244e+000  4.873464e+001
      vertex -1.000000e+000 -1.820492e+001  4.656802e+001
      vertex -2.928932e-001 -1.809828e+001  4.629523e+001
    endloop
  endfacet
  facet normal  9.233618e-001 -1.080916e-001  3.684006e-001
    outer loop
      vertex -2.928932e-001 -9.784244e+000  4.873464e+001
      vertex -2.928932e-001 -1.809828e+001  4.629523e+001
      vertex  0.000000e+000 -9.645059e+000  4.804137e+001
    endloop
  endfacet
  facet normal  9.233624e-001 -1.080914e-001  3.683993e-001
    outer loop
      vertex  0.000000e+000 -9.645059e+000  4.804137e+001
      vertex -2.928932e-001 -1.809828e+001  4.629523e+001
      vertex  0.000000e+000 -1.784082e+001  4.563666e+001
    endloop
  endfacet
  facet normal  3.814360e-001 -1.022734e-001  9.187202e-001
    outer loop
      vertex -1.000000e+000 -1.179829e+000  4.998608e+001
      vertex -1.000000e+000 -9.841896e+000  4.902180e+001
      vertex -2.928932e-001 -1.172918e+000  4.969327e+001
    endloop
  endfacet
  facet normal  3.814391e-001 -1.022736e-001  9.187189e-001
    outer loop
      vertex -2.928932e-001 -1.172918e+000  4.969327e+001
      vertex -1.000000e+000 -9.841896e+000  4.902180e+001
      vertex -2.928932e-001 -9.784244e+000  4.873464e+001
    endloop
  endfacet
  facet normal  9.233628e-001 -4.247730e-002  3.815716e-001
    outer loop
      vertex -2.928932e-001 -1.172918e+000  4.969327e+001
      vertex -2.928932e-001 -9.784244e+000  4.873464e+001
      vertex  0.000000e+000 -1.156233e+000  4.898635e+001
    endloop
  endfacet
  facet normal  9.233618e-001 -4.247733e-002  3.815737e-001
    outer loop
      vertex  0.000000e+000 -1.156233e+000  4.898635e+001
      vertex -2.928932e-001 -9.784244e+000  4.873464e+001
      vertex  0.000000e+000 -9.645059e+000  4.804137e+001
    endloop
  endfacet
  facet normal  3.814382e-001  5.881406e-002  9.225214e-001
    outer loop
      vertex -1.000000e+000  7.518086e+000  4.943155e+001
      vertex -1.000000e+000 -1.179829e+000  4.998608e+001
      vertex -2.928932e-001  7.474046e+000  4.914199e+001
    endloop
  endfacet
  facet normal  3.814359e-001  5.881434e-002  9.225223e-001
    outer loop
      vertex -2.928932e-001  7.474046e+000  4.914199e+001
      vertex -1.000000e+000 -1.179829e+000  4.998608e+001
      vertex -2.928932e-001 -1.172918e+000  4.969327e+001
    endloop
  endfacet
  facet normal  9.233626e-001  2.442736e-002  3.831512e-001
    outer loop
      vertex -2.928932e-001  7.474046e+000  4.914199e+001
      vertex -2.928932e-001 -1.172918e+000  4.969327e+001
      vertex  0.000000e+000  7.367724e+000  4.844292e+001
    endloop
  endfacet
  facet normal  9.233627e-001  2.442730e-002  3.831508e-001
    outer loop
      vertex  0.000000e+000  7.367724e+000  4.844292e+001
      vertex -2.928932e-001 -1.172918e+000  4.969327e+001
      vertex  0.000000e+000 -1.156233e+000  4.898635e+001
    endloop
  endfacet
  facet normal  3.814379e-001  2.181152e-001  8.982934e-001
    outer loop
      vertex -1.000000e+000  1.598757e+001  4.737507e+001
      vertex -1.000000e+000  7.518086e+000  4.943155e+001
      vertex -2.928932e-001  1.589392e+001  4.709756e+001
    endloop
  endfacet
  facet normal  3.814384e-001  2.181151e-001  8.982931e-001
    outer loop
      vertex -2.928932e-001  1.589392e+001  4.709756e+001
      vertex -1.000000e+000  7.518086e+000  4.943155e+001
      vertex -2.928932e-001  7.474046e+000  4.914199e+001
    endloop
  endfacet
  facet normal  9.233619e-001  9.059026e-002  3.730902e-001
    outer loop
      vertex -2.928932e-001  1.589392e+001  4.709756e+001
      vertex -2.928932e-001  7.474046e+000  4.914199e+001
      vertex  0.000000e+000  1.566782e+001  4.642757e+001
    endloop
  endfacet
  facet normal  9.233626e-001  9.058969e-002  3.730886e-001
    outer loop
      vertex  0.000000e+000  1.566782e+001  4.642757e+001
      vertex -2.928932e-001  7.474046e+000  4.914199e+001
      vertex  0.000000e+000  7.367724e+000  4.844292e+001
    endloop
  endfacet
  facet normal  3.815674e-001 -3.746519e-001 -8.450102e-001
    outer loop
      vertex -1.300000e+001 -2.636840e+001 -4.826704e+001
      vertex -1.300000e+001 -1.806428e+001 -5.194884e+001
      vertex -1.229289e+001 -2.622798e+001 -4.801000e+001
    endloop
  endfacet
  facet normal  3.815674e-001 -3.746519e-001 -8.450102e-001
    outer loop
      vertex -1.229289e+001 -2.622798e+001 -4.801000e+001
      vertex -1.300000e+001 -1.806428e+001 -5.194884e+001
      vertex -1.229289e+001 -1.796808e+001 -5.167219e+001
    endloop
  endfacet
  facet normal  9.234152e-001 -1.555620e-001 -3.508629e-001
    outer loop
      vertex -1.229289e+001 -2.622798e+001 -4.801000e+001
      vertex -1.229289e+001 -1.796808e+001 -5.167219e+001
      vertex -1.200000e+001 -2.588898e+001 -4.738946e+001
    endloop
  endfacet
  facet normal  9.234150e-001 -1.555623e-001 -3.508634e-001
    outer loop
      vertex -1.200000e+001 -2.588898e+001 -4.738946e+001
      vertex -1.229289e+001 -1.796808e+001 -5.167219e+001
      vertex -1.200000e+001 -1.773584e+001 -5.100431e+001
    endloop
  endfacet
  facet normal  3.815679e-001  5.086261e-001  7.718196e-001
    outer loop
      vertex -1.300000e+001  3.395327e+001  4.326865e+001
      vertex -1.300000e+001  2.636840e+001  4.826704e+001
      vertex -1.229289e+001  3.377246e+001  4.303822e+001
    endloop
  endfacet
  facet normal  3.815674e-001  5.086262e-001  7.718197e-001
    outer loop
      vertex -1.229289e+001  3.377246e+001  4.303822e+001
      vertex -1.300000e+001  2.636840e+001  4.826704e+001
      vertex -1.229289e+001  2.622798e+001  4.801000e+001
    endloop
  endfacet
  facet normal  9.234152e-001  2.111905e-001  3.204731e-001
    outer loop
      vertex -1.229289e+001  3.377246e+001  4.303822e+001
      vertex -1.229289e+001  2.622798e+001  4.801000e+001
      vertex -1.200000e+001  3.333594e+001  4.248194e+001
    endloop
  endfacet
  facet normal  9.234152e-001  2.111904e-001  3.204730e-001
    outer loop
      vertex -1.200000e+001  3.333594e+001  4.248194e+001
      vertex -1.229289e+001  2.622798e+001  4.801000e+001
      vertex -1.200000e+001  2.588898e+001  4.738946e+001
    endloop
  endfacet
  facet normal  3.815664e-001  6.287270e-001  6.775762e-001
    outer loop
      vertex -1.300000e+001  4.061197e+001  3.708999e+001
      vertex -1.300000e+001  3.395327e+001  4.326865e+001
      vertex -1.229289e+001  4.039570e+001  3.689248e+001
    endloop
  endfacet
  facet normal  3.815670e-001  6.287267e-001  6.775761e-001
    outer loop
      vertex -1.229289e+001  4.039570e+001  3.689248e+001
      vertex -1.300000e+001  3.395327e+001  4.326865e+001
      vertex -1.229289e+001  3.377246e+001  4.303822e+001
    endloop
  endfacet
  facet normal  9.234152e-001  2.610582e-001  2.813413e-001
    outer loop
      vertex -1.229289e+001  4.039570e+001  3.689248e+001
      vertex -1.229289e+001  3.377246e+001  4.303822e+001
      vertex -1.200000e+001  3.987357e+001  3.641563e+001
    endloop
  endfacet
  facet normal  9.234152e-001  2.610583e-001  2.813414e-001
    outer loop
      vertex -1.200000e+001  3.987357e+001  3.641563e+001
      vertex -1.229289e+001  3.377246e+001  4.303822e+001
      vertex -1.200000e+001  3.333594e+001  4.248194e+001
    endloop
  endfacet
  facet normal  3.815652e-001  7.316777e-001  5.648503e-001
    outer loop
      vertex -1.300000e+001  4.616289e+001  2.989962e+001
      vertex -1.300000e+001  4.061197e+001  3.708999e+001
      vertex -1.229289e+001  4.591706e+001  2.974040e+001
    endloop
  endfacet
  facet normal  3.815661e-001  7.316773e-001  5.648501e-001
    outer loop
      vertex -1.229289e+001  4.591706e+001  2.974040e+001
      vertex -1.300000e+001  4.061197e+001  3.708999e+001
      vertex -1.229289e+001  4.039570e+001  3.689248e+001
    endloop
  endfacet
  facet normal  9.234155e-001  3.038045e-001  2.345351e-001
    outer loop
      vertex -1.229289e+001  4.591706e+001  2.974040e+001
      vertex -1.229289e+001  4.039570e+001  3.689248e+001
      vertex -1.200000e+001  4.532357e+001  2.935599e+001
    endloop
  endfacet
  facet normal  9.234153e-001  3.038048e-001  2.345353e-001
    outer loop
      vertex -1.200000e+001  4.532357e+001  2.935599e+001
      vertex -1.229289e+001  4.039570e+001  3.689248e+001
      vertex -1.200000e+001  3.987357e+001  3.641563e+001
    endloop
  endfacet
  facet normal  3.815637e-001  8.146704e-001  4.367164e-001
    outer loop
      vertex -1.300000e+001  5.045461e+001  2.189367e+001
      vertex -1.300000e+001  4.616289e+001  2.989962e+001
      vertex -1.229289e+001  5.018592e+001  2.177708e+001
    endloop
  endfacet
  facet normal  3.815649e-001  8.146699e-001  4.367163e-001
    outer loop
      vertex -1.229289e+001  5.018592e+001  2.177708e+001
      vertex -1.300000e+001  4.616289e+001  2.989962e+001
      vertex -1.229289e+001  4.591706e+001  2.974040e+001
    endloop
  endfacet
  facet normal  9.234155e-001  3.382643e-001  1.813317e-001
    outer loop
      vertex -1.229289e+001  5.018592e+001  2.177708e+001
      vertex -1.229289e+001  4.591706e+001  2.974040e+001
      vertex -1.200000e+001  4.953725e+001  2.149560e+001
    endloop
  endfacet
  facet normal  9.234155e-001  3.382641e-001  1.813317e-001
    outer loop
      vertex -1.200000e+001  4.953725e+001  2.149560e+001
      vertex -1.229289e+001  4.591706e+001  2.974040e+001
      vertex -1.200000e+001  4.532357e+001  2.935599e+001
    endloop
  endfacet
  facet normal  3.815677e-001  8.754388e-001  2.966697e-001
    outer loop
      vertex -1.300000e+001  5.337005e+001  1.329051e+001
      vertex -1.300000e+001  5.045461e+001  2.189367e+001
      vertex -1.229289e+001  5.308584e+001  1.321974e+001
    endloop
  endfacet
  facet normal  3.815636e-001  8.754406e-001  2.966699e-001
    outer loop
      vertex -1.229289e+001  5.308584e+001  1.321974e+001
      vertex -1.300000e+001  5.045461e+001  2.189367e+001
      vertex -1.229289e+001  5.018592e+001  2.177708e+001
    endloop
  endfacet
  facet normal  9.234157e-001  3.634966e-001  1.231820e-001
    outer loop
      vertex -1.229289e+001  5.308584e+001  1.321974e+001
      vertex -1.229289e+001  5.018592e+001  2.177708e+001
      vertex -1.200000e+001  5.239968e+001  1.304887e+001
    endloop
  endfacet
  facet normal  9.234155e-001  3.634969e-001  1.231820e-001
    outer loop
      vertex -1.200000e+001  5.239968e+001  1.304887e+001
      vertex -1.229289e+001  5.018592e+001  2.177708e+001
      vertex -1.200000e+001  4.953725e+001  2.149560e+001
    endloop
  endfacet
  facet normal  3.815693e-001  9.123285e-001  1.485306e-001
    outer loop
      vertex -1.300000e+001  5.482970e+001  4.324825e+000
      vertex -1.300000e+001  5.337005e+001  1.329051e+001
      vertex -1.229289e+001  5.453771e+001  4.301794e+000
    endloop
  endfacet
  facet normal  3.815679e-001  9.123293e-001  1.485306e-001
    outer loop
      vertex -1.229289e+001  5.453771e+001  4.301794e+000
      vertex -1.300000e+001  5.337005e+001  1.329051e+001
      vertex -1.229289e+001  5.308584e+001  1.321974e+001
    endloop
  endfacet
  facet normal  9.234154e-001  3.788146e-001  6.167242e-002
    outer loop
      vertex -1.229289e+001  5.453771e+001  4.301794e+000
      vertex -1.229289e+001  5.308584e+001  1.321974e+001
      vertex -1.200000e+001  5.383279e+001  4.246192e+000
    endloop
  endfacet
  facet normal  9.234157e-001  3.788140e-001  6.167237e-002
    outer loop
      vertex -1.200000e+001  5.383279e+001  4.246192e+000
      vertex -1.229289e+001  5.308584e+001  1.321974e+001
      vertex -1.200000e+001  5.239968e+001  1.304887e+001
    endloop
  endfacet
  facet normal  3.815660e-001  9.243344e-001 -3.659722e-003
    outer loop
      vertex -1.300000e+001  5.479374e+001 -4.758832e+000
      vertex -1.300000e+001  5.482970e+001  4.324825e+000
      vertex -1.229289e+001  5.450194e+001 -4.733490e+000
    endloop
  endfacet
  facet normal  3.815694e-001  9.243329e-001 -3.659406e-003
    outer loop
      vertex -1.229289e+001  5.450194e+001 -4.733490e+000
      vertex -1.300000e+001  5.482970e+001  4.324825e+000
      vertex -1.229289e+001  5.453771e+001  4.301794e+000
    endloop
  endfacet
  facet normal  9.234156e-001  3.837987e-001 -1.519447e-003
    outer loop
      vertex -1.229289e+001  5.450194e+001 -4.733490e+000
      vertex -1.229289e+001  5.453771e+001  4.301794e+000
      vertex -1.200000e+001  5.379749e+001 -4.672308e+000
    endloop
  endfacet
  facet normal  9.234155e-001  3.837990e-001 -1.519482e-003
    outer loop
      vertex -1.200000e+001  5.379749e+001 -4.672308e+000
      vertex -1.229289e+001  5.453771e+001  4.301794e+000
      vertex -1.200000e+001  5.383279e+001  4.246192e+000
    endloop
  endfacet
  facet normal  3.815648e-001  9.111258e-001 -1.557502e-001
    outer loop
      vertex -1.300000e+001  5.326314e+001 -1.371268e+001
      vertex -1.300000e+001  5.479374e+001 -4.758832e+000
      vertex -1.229289e+001  5.297950e+001 -1.363966e+001
    endloop
  endfacet
  facet normal  3.815659e-001  9.111254e-001 -1.557500e-001
    outer loop
      vertex -1.229289e+001  5.297950e+001 -1.363966e+001
      vertex -1.300000e+001  5.479374e+001 -4.758832e+000
      vertex -1.229289e+001  5.450194e+001 -4.733490e+000
    endloop
  endfacet
  facet normal  9.234152e-001  3.783149e-001 -6.467008e-002
    outer loop
      vertex -1.229289e+001  5.297950e+001 -1.363966e+001
      vertex -1.229289e+001  5.450194e+001 -4.733490e+000
      vertex -1.200000e+001  5.229472e+001 -1.346336e+001
    endloop
  endfacet
  facet normal  9.234156e-001  3.783140e-001 -6.466984e-002
    outer loop
      vertex -1.200000e+001  5.229472e+001 -1.346336e+001
      vertex -1.229289e+001  5.450194e+001 -4.733490e+000
      vertex -1.200000e+001  5.379749e+001 -4.672308e+000
    endloop
  endfacet
  facet normal  3.815688e-001  8.730621e-001 -3.035915e-001
    outer loop
      vertex -1.300000e+001  5.027967e+001 -2.229248e+001
      vertex -1.300000e+001  5.326314e+001 -1.371268e+001
      vertex -1.229289e+001  5.001191e+001 -2.217377e+001
    endloop
  endfacet
  facet normal  3.815649e-001  8.730634e-001 -3.035924e-001
    outer loop
      vertex -1.229289e+001  5.001191e+001 -2.217377e+001
      vertex -1.300000e+001  5.326314e+001 -1.371268e+001
      vertex -1.229289e+001  5.297950e+001 -1.363966e+001
    endloop
  endfacet
  facet normal  9.234152e-001  3.625109e-001 -1.260568e-001
    outer loop
      vertex -1.229289e+001  5.001191e+001 -2.217377e+001
      vertex -1.229289e+001  5.297950e+001 -1.363966e+001
      vertex -1.200000e+001  4.936549e+001 -2.188717e+001
    endloop
  endfacet
  facet normal  9.234152e-001  3.625108e-001 -1.260567e-001
    outer loop
      vertex -1.200000e+001  4.936549e+001 -2.188717e+001
      vertex -1.229289e+001  5.297950e+001 -1.363966e+001
      vertex -1.200000e+001  5.229472e+001 -1.346336e+001
    endloop
  endfacet
  facet normal  3.815670e-001  8.111857e-001 -4.431529e-001
    outer loop
      vertex -1.300000e+001  4.592470e+001 -3.026420e+001
      vertex -1.300000e+001  5.027967e+001 -2.229248e+001
      vertex -1.229289e+001  4.568013e+001 -3.010304e+001
    endloop
  endfacet
  facet normal  3.815688e-001  8.111851e-001 -4.431524e-001
    outer loop
      vertex -1.229289e+001  4.568013e+001 -3.010304e+001
      vertex -1.300000e+001  5.027967e+001 -2.229248e+001
      vertex -1.229289e+001  5.001191e+001 -2.217377e+001
    endloop
  endfacet
  facet normal  9.234155e-001  3.368178e-001 -1.840044e-001
    outer loop
      vertex -1.229289e+001  4.568013e+001 -3.010304e+001
      vertex -1.229289e+001  5.001191e+001 -2.217377e+001
      vertex -1.200000e+001  4.508970e+001 -2.971395e+001
    endloop
  endfacet
  facet normal  9.234152e-001  3.368185e-001 -1.840049e-001
    outer loop
      vertex -1.200000e+001  4.508970e+001 -2.971395e+001
      vertex -1.229289e+001  5.001191e+001 -2.217377e+001
      vertex -1.200000e+001  4.936549e+001 -2.188717e+001
    endloop
  endfacet
  facet normal  3.815645e-001  7.271824e-001 -5.706262e-001
    outer loop
      vertex -1.300000e+001  4.031702e+001 -3.741040e+001
      vertex -1.300000e+001  4.592470e+001 -3.026420e+001
      vertex -1.229289e+001  4.010232e+001 -3.721117e+001
    endloop
  endfacet
  facet normal  3.815670e-001  7.271817e-001 -5.706253e-001
    outer loop
      vertex -1.229289e+001  4.010232e+001 -3.721117e+001
      vertex -1.300000e+001  4.592470e+001 -3.026420e+001
      vertex -1.229289e+001  4.568013e+001 -3.010304e+001
    endloop
  endfacet
  facet normal  9.234154e-001  3.019381e-001 -2.369332e-001
    outer loop
      vertex -1.229289e+001  4.010232e+001 -3.721117e+001
      vertex -1.229289e+001  4.568013e+001 -3.010304e+001
      vertex -1.200000e+001  3.958398e+001 -3.673021e+001
    endloop
  endfacet
  facet normal  9.234154e-001  3.019380e-001 -2.369332e-001
    outer loop
      vertex -1.200000e+001  3.958398e+001 -3.673021e+001
      vertex -1.229289e+001  4.568013e+001 -3.010304e+001
      vertex -1.200000e+001  4.508970e+001 -2.971395e+001
    endloop
  endfacet
  facet normal  3.815680e-001  6.233419e-001 -6.825327e-001
    outer loop
      vertex -1.300000e+001  3.360960e+001 -4.353613e+001
      vertex -1.300000e+001  4.031702e+001 -3.741040e+001
      vertex -1.229289e+001  3.343062e+001 -4.330429e+001
    endloop
  endfacet
  facet normal  3.815649e-001  6.233424e-001 -6.825339e-001
    outer loop
      vertex -1.229289e+001  3.343062e+001 -4.330429e+001
      vertex -1.300000e+001  4.031702e+001 -3.741040e+001
      vertex -1.229289e+001  4.010232e+001 -3.721117e+001
    endloop
  endfacet
  facet normal  9.234156e-001  2.588218e-001 -2.833990e-001
    outer loop
      vertex -1.229289e+001  3.343062e+001 -4.330429e+001
      vertex -1.229289e+001  4.010232e+001 -3.721117e+001
      vertex -1.200000e+001  3.299852e+001 -4.274456e+001
    endloop
  endfacet
  facet normal  9.234154e-001  2.588221e-001 -2.833995e-001
    outer loop
      vertex -1.200000e+001  3.299852e+001 -4.274456e+001
      vertex -1.229289e+001  4.010232e+001 -3.721117e+001
      vertex -1.200000e+001  3.958398e+001 -3.673021e+001
    endloop
  endfacet
  facet normal  3.815666e-001  5.024990e-001 -7.758232e-001
    outer loop
      vertex -1.300000e+001  2.598540e+001 -4.847431e+001
      vertex -1.300000e+001  3.360960e+001 -4.353613e+001
      vertex -1.229289e+001  2.584702e+001 -4.821617e+001
    endloop
  endfacet
  facet normal  3.815682e-001  5.024989e-001 -7.758226e-001
    outer loop
      vertex -1.229289e+001  2.584702e+001 -4.821617e+001
      vertex -1.300000e+001  3.360960e+001 -4.353613e+001
      vertex -1.229289e+001  3.343062e+001 -4.330429e+001
    endloop
  endfacet
  facet normal  9.234150e-001  2.086466e-001 -3.221355e-001
    outer loop
      vertex -1.229289e+001  2.584702e+001 -4.821617e+001
      vertex -1.229289e+001  3.343062e+001 -4.330429e+001
      vertex -1.200000e+001  2.551294e+001 -4.759296e+001
    endloop
  endfacet
  facet normal  9.234156e-001  2.086460e-001 -3.221343e-001
    outer loop
      vertex -1.200000e+001  2.551294e+001 -4.759296e+001
      vertex -1.229289e+001  3.343062e+001 -4.330429e+001
      vertex -1.200000e+001  3.299852e+001 -4.274456e+001
    endloop
  endfacet
  facet normal  3.815667e-001  3.679497e-001 -8.479504e-001
    outer loop
      vertex -1.300000e+001  1.765238e+001 -5.209024e+001
      vertex -1.300000e+001  2.598540e+001 -4.847431e+001
      vertex -1.229289e+001  1.755838e+001 -5.181285e+001
    endloop
  endfacet
  facet normal  3.815663e-001  3.679497e-001 -8.479506e-001
    outer loop
      vertex -1.229289e+001  1.755838e+001 -5.181285e+001
      vertex -1.300000e+001  2.598540e+001 -4.847431e+001
      vertex -1.229289e+001  2.584702e+001 -4.821617e+001
    endloop
  endfacet
  facet normal  9.234158e-001  1.527784e-001 -3.520822e-001
    outer loop
      vertex -1.229289e+001  1.755838e+001 -5.181285e+001
      vertex -1.229289e+001  2.584702e+001 -4.821617e+001
      vertex -1.200000e+001  1.733143e+001 -5.114315e+001
    endloop
  endfacet
  facet normal  9.234149e-001  1.527791e-001 -3.520843e-001
    outer loop
      vertex -1.200000e+001  1.733143e+001 -5.114315e+001
      vertex -1.229289e+001  2.584702e+001 -4.821617e+001
      vertex -1.200000e+001  2.551294e+001 -4.759296e+001
    endloop
  endfacet
  facet normal  3.815650e-001  2.233631e-001 -8.969488e-001
    outer loop
      vertex -1.300000e+001  8.837853e+000 -5.428529e+001
      vertex -1.300000e+001  1.765238e+001 -5.209024e+001
      vertex -1.229289e+001  8.790790e+000 -5.399620e+001
    endloop
  endfacet
  facet normal  3.815666e-001  2.233630e-001 -8.969481e-001
    outer loop
      vertex -1.229289e+001  8.790790e+000 -5.399620e+001
      vertex -1.300000e+001  1.765238e+001 -5.209024e+001
      vertex -1.229289e+001  1.755838e+001 -5.181285e+001
    endloop
  endfacet
  facet normal  9.234153e-001  9.274416e-002 -3.724282e-001
    outer loop
      vertex -1.229289e+001  8.790790e+000 -5.399620e+001
      vertex -1.229289e+001  1.755838e+001 -5.181285e+001
      vertex -1.200000e+001  8.677166e+000 -5.329828e+001
    endloop
  endfacet
  facet normal  9.234159e-001  9.274393e-002 -3.724267e-001
    outer loop
      vertex -1.200000e+001  8.677166e+000 -5.329828e+001
      vertex -1.229289e+001  1.755838e+001 -5.181285e+001
      vertex -1.200000e+001  1.733143e+001 -5.114315e+001
    endloop
  endfacet
  facet normal  3.815688e-001  7.268389e-002 -9.214783e-001
    outer loop
      vertex -1.300000e+001 -2.177474e-001 -5.499957e+001
      vertex -1.300000e+001  8.837853e+000 -5.428529e+001
      vertex -1.229289e+001 -2.165879e-001 -5.470668e+001
    endloop
  endfacet
  facet normal  3.815650e-001  7.268368e-002 -9.214799e-001
    outer loop
      vertex -1.229289e+001 -2.165879e-001 -5.470668e+001
      vertex -1.300000e+001  8.837853e+000 -5.428529e+001
      vertex -1.229289e+001  8.790790e+000 -5.399620e+001
    endloop
  endfacet
  facet normal  9.234151e-001  3.017953e-002 -3.826145e-001
    outer loop
      vertex -1.229289e+001 -2.165879e-001 -5.470668e+001
      vertex -1.229289e+001  8.790790e+000 -5.399620e+001
      vertex -1.200000e+001 -2.137884e-001 -5.399958e+001
    endloop
  endfacet
  facet normal  9.234152e-001  3.017953e-002 -3.826140e-001
    outer loop
      vertex -1.200000e+001 -2.137884e-001 -5.399958e+001
      vertex -1.229289e+001  8.790790e+000 -5.399620e+001
      vertex -1.200000e+001  8.677166e+000 -5.329828e+001
    endloop
  endfacet
  facet normal  3.815697e-001 -7.997767e-002 -9.208736e-001
    outer loop
      vertex -1.300000e+001 -9.267409e+000 -5.421361e+001
      vertex -1.300000e+001 -2.177474e-001 -5.499957e+001
      vertex -1.229289e+001 -9.218057e+000 -5.392490e+001
    endloop
  endfacet
  facet normal  3.815687e-001 -7.997779e-002 -9.208739e-001
    outer loop
      vertex -1.229289e+001 -9.218057e+000 -5.392490e+001
      vertex -1.300000e+001 -2.177474e-001 -5.499957e+001
      vertex -1.229289e+001 -2.165879e-001 -5.470668e+001
    endloop
  endfacet
  facet normal  9.234149e-001 -3.320824e-002 -3.823638e-001
    outer loop
      vertex -1.229289e+001 -9.218057e+000 -5.392490e+001
      vertex -1.229289e+001 -2.165879e-001 -5.470668e+001
      vertex -1.200000e+001 -9.098911e+000 -5.322791e+001
    endloop
  endfacet
  facet normal  9.234151e-001 -3.320820e-002 -3.823635e-001
    outer loop
      vertex -1.200000e+001 -9.098911e+000 -5.322791e+001
      vertex -1.229289e+001 -2.165879e-001 -5.470668e+001
      vertex -1.200000e+001 -2.137884e-001 -5.399958e+001
    endloop
  endfacet
  facet normal  3.815677e-001 -2.304582e-001 -8.951509e-001
    outer loop
      vertex -1.300000e+001 -1.806428e+001 -5.194884e+001
      vertex -1.300000e+001 -9.267409e+000 -5.421361e+001
      vertex -1.229289e+001 -1.796808e+001 -5.167219e+001
    endloop
  endfacet
  facet normal  3.815697e-001 -2.304578e-001 -8.951501e-001
    outer loop
      vertex -1.229289e+001 -1.796808e+001 -5.167219e+001
      vertex -1.300000e+001 -9.267409e+000 -5.421361e+001
      vertex -1.229289e+001 -9.218057e+000 -5.392490e+001
    endloop
  endfacet
  facet normal  9.234149e-001 -9.569039e-002 -3.716830e-001
    outer loop
      vertex -1.229289e+001 -1.796808e+001 -5.167219e+001
      vertex -1.229289e+001 -9.218057e+000 -5.392490e+001
      vertex -1.200000e+001 -1.773584e+001 -5.100431e+001
    endloop
  endfacet
  facet normal  9.234149e-001 -9.569038e-002 -3.716829e-001
    outer loop
      vertex -1.200000e+001 -1.773584e+001 -5.100431e+001
      vertex -1.229289e+001 -9.218057e+000 -5.392490e+001
      vertex -1.200000e+001 -9.098911e+000 -5.322791e+001
    endloop
  endfacet
  facet normal  3.815674e-001  3.746519e-001  8.450102e-001
    outer loop
      vertex -1.300000e+001  2.636840e+001  4.826704e+001
      vertex -1.300000e+001  1.806428e+001  5.194884e+001
      vertex -1.229289e+001  2.622798e+001  4.801000e+001
    endloop
  endfacet
  facet normal  3.815674e-001  3.746519e-001  8.450102e-001
    outer loop
      vertex -1.229289e+001  2.622798e+001  4.801000e+001
      vertex -1.300000e+001  1.806428e+001  5.194884e+001
      vertex -1.229289e+001  1.796808e+001  5.167219e+001
    endloop
  endfacet
  facet normal  9.234152e-001  1.555620e-001  3.508629e-001
    outer loop
      vertex -1.229289e+001  2.622798e+001  4.801000e+001
      vertex -1.229289e+001  1.796808e+001  5.167219e+001
      vertex -1.200000e+001  2.588898e+001  4.738946e+001
    endloop
  endfacet
  facet normal  9.234150e-001  1.555623e-001  3.508634e-001
    outer loop
      vertex -1.200000e+001  2.588898e+001  4.738946e+001
      vertex -1.229289e+001  1.796808e+001  5.167219e+001
      vertex -1.200000e+001  1.773584e+001  5.100431e+001
    endloop
  endfacet
  facet normal  3.815679e-001 -5.086261e-001 -7.718196e-001
    outer loop
      vertex -1.300000e+001 -3.395327e+001 -4.326865e+001
      vertex -1.300000e+001 -2.636840e+001 -4.826704e+001
      vertex -1.229289e+001 -3.377246e+001 -4.303822e+001
    endloop
  endfacet
  facet normal  3.815674e-001 -5.086262e-001 -7.718197e-001
    outer loop
      vertex -1.229289e+001 -3.377246e+001 -4.303822e+001
      vertex -1.300000e+001 -2.636840e+001 -4.826704e+001
      vertex -1.229289e+001 -2.622798e+001 -4.801000e+001
    endloop
  endfacet
  facet normal  9.234152e-001 -2.111905e-001 -3.204731e-001
    outer loop
      vertex -1.229289e+001 -3.377246e+001 -4.303822e+001
      vertex -1.229289e+001 -2.622798e+001 -4.801000e+001
      vertex -1.200000e+001 -3.333594e+001 -4.248194e+001
    endloop
  endfacet
  facet normal  9.234152e-001 -2.111904e-001 -3.204730e-001
    outer loop
      vertex -1.200000e+001 -3.333594e+001 -4.248194e+001
      vertex -1.229289e+001 -2.622798e+001 -4.801000e+001
      vertex -1.200000e+001 -2.588898e+001 -4.738946e+001
    endloop
  endfacet
  facet normal  3.815664e-001 -6.287270e-001 -6.775762e-001
    outer loop
      vertex -1.300000e+001 -4.061197e+001 -3.708999e+001
      vertex -1.300000e+001 -3.395327e+001 -4.326865e+001
      vertex -1.229289e+001 -4.039570e+001 -3.689248e+001
    endloop
  endfacet
  facet normal  3.815670e-001 -6.287267e-001 -6.775761e-001
    outer loop
      vertex -1.229289e+001 -4.039570e+001 -3.689248e+001
      vertex -1.300000e+001 -3.395327e+001 -4.326865e+001
      vertex -1.229289e+001 -3.377246e+001 -4.303822e+001
    endloop
  endfacet
  facet normal  9.234152e-001 -2.610582e-001 -2.813413e-001
    outer loop
      vertex -1.229289e+001 -4.039570e+001 -3.689248e+001
      vertex -1.229289e+001 -3.377246e+001 -4.303822e+001
      vertex -1.200000e+001 -3.987357e+001 -3.641563e+001
    endloop
  endfacet
  facet normal  9.234152e-001 -2.610583e-001 -2.813414e-001
    outer loop
      vertex -1.200000e+001 -3.987357e+001 -3.641563e+001
      vertex -1.229289e+001 -3.377246e+001 -4.303822e+001
      vertex -1.200000e+001 -3.333594e+001 -4.248194e+001
    endloop
  endfacet
  facet normal  3.815652e-001 -7.316777e-001 -5.648503e-001
    outer loop
      vertex -1.300000e+001 -4.616289e+001 -2.989962e+001
      vertex -1.300000e+001 -4.061197e+001 -3.708999e+001
      vertex -1.229289e+001 -4.591706e+001 -2.974040e+001
    endloop
  endfacet
  facet normal  3.815661e-001 -7.316773e-001 -5.648501e-001
    outer loop
      vertex -1.229289e+001 -4.591706e+001 -2.974040e+001
      vertex -1.300000e+001 -4.061197e+001 -3.708999e+001
      vertex -1.229289e+001 -4.039570e+001 -3.689248e+001
    endloop
  endfacet
  facet normal  9.234155e-001 -3.038045e-001 -2.345351e-001
    outer loop
      vertex -1.229289e+001 -4.591706e+001 -2.974040e+001
      vertex -1.229289e+001 -4.039570e+001 -3.689248e+001
      vertex -1.200000e+001 -4.532357e+001 -2.935599e+001
    endloop
  endfacet
  facet normal  9.234153e-001 -3.038048e-001 -2.345353e-001
    outer loop
      vertex -1.200000e+001 -4.532357e+001 -2.935599e+001
      vertex -1.229289e+001 -4.039570e+001 -3.689248e+001
      vertex -1.200000e+001 -3.987357e+001 -3.641563e+001
    endloop
  endfacet
  facet normal  3.815637e-001 -8.146704e-001 -4.367164e-001
    outer loop
      vertex -1.300000e+001 -5.045461e+001 -2.189367e+001
      vertex -1.300000e+001 -4.616289e+001 -2.989962e+001
      vertex -1.229289e+001 -5.018592e+001 -2.177708e+001
    endloop
  endfacet
  facet normal  3.815649e-001 -8.146699e-001 -4.367163e-001
    outer loop
      vertex -1.229289e+001 -5.018592e+001 -2.177708e+001
      vertex -1.300000e+001 -4.616289e+001 -2.989962e+001
      vertex -1.229289e+001 -4.591706e+001 -2.974040e+001
    endloop
  endfacet
  facet normal  9.234155e-001 -3.382643e-001 -1.813317e-001
    outer loop
      vertex -1.229289e+001 -5.018592e+001 -2.177708e+001
      vertex -1.229289e+001 -4.591706e+001 -2.974040e+001
      vertex -1.200000e+001 -4.953725e+001 -2.149560e+001
    endloop
  endfacet
  facet normal  9.234155e-001 -3.382641e-001 -1.813317e-001
    outer loop
      vertex -1.200000e+001 -4.953725e+001 -2.149560e+001
      vertex -1.229289e+001 -4.591706e+001 -2.974040e+001
      vertex -1.200000e+001 -4.532357e+001 -2.935599e+001
    endloop
  endfacet
  facet normal  3.815677e-001 -8.754388e-001 -2.966697e-001
    outer loop
      vertex -1.300000e+001 -5.337005e+001 -1.329051e+001
      vertex -1.300000e+001 -5.045461e+001 -2.189367e+001
      vertex -1.229289e+001 -5.308584e+001 -1.321974e+001
    endloop
  endfacet
  facet normal  3.815636e-001 -8.754406e-001 -2.966699e-001
    outer loop
      vertex -1.229289e+001 -5.308584e+001 -1.321974e+001
      vertex -1.300000e+001 -5.045461e+001 -2.189367e+001
      vertex -1.229289e+001 -5.018592e+001 -2.177708e+001
    endloop
  endfacet
  facet normal  9.234157e-001 -3.634966e-001 -1.231820e-001
    outer loop
      vertex -1.229289e+001 -5.308584e+001 -1.321974e+001
      vertex -1.229289e+001 -5.018592e+001 -2.177708e+001
      vertex -1.200000e+001 -5.239968e+001 -1.304887e+001
    endloop
  endfacet
  facet normal  9.234155e-001 -3.634969e-001 -1.231820e-001
    outer loop
      vertex -1.200000e+001 -5.239968e+001 -1.304887e+001
      vertex -1.229289e+001 -5.018592e+001 -2.177708e+001
      vertex -1.200000e+001 -4.953725e+001 -2.149560e+001
    endloop
  endfacet
  facet normal  3.815693e-001 -9.123285e-001 -1.485306e-001
    outer loop
      vertex -1.300000e+001 -5.482970e+001 -4.324825e+000
      vertex -1.300000e+001 -5.337005e+001 -1.329051e+001
      vertex -1.229289e+001 -5.453771e+001 -4.301794e+000
    endloop
  endfacet
  facet normal  3.815679e-001 -9.123293e-001 -1.485306e-001
    outer loop
      vertex -1.229289e+001 -5.453771e+001 -4.301794e+000
      vertex -1.300000e+001 -5.337005e+001 -1.329051e+001
      vertex -1.229289e+001 -5.308584e+001 -1.321974e+001
    endloop
  endfacet
  facet normal  9.234154e-001 -3.788146e-001 -6.167242e-002
    outer loop
      vertex -1.229289e+001 -5.453771e+001 -4.301794e+000
      vertex -1.229289e+001 -5.308584e+001 -1.321974e+001
      vertex -1.200000e+001 -5.383279e+001 -4.246192e+000
    endloop
  endfacet
  facet normal  9.234157e-001 -3.788140e-001 -6.167237e-002
    outer loop
      vertex -1.200000e+001 -5.383279e+001 -4.246192e+000
      vertex -1.229289e+001 -5.308584e+001 -1.321974e+001
      vertex -1.200000e+001 -5.239968e+001 -1.304887e+001
    endloop
  endfacet
  facet normal  3.815660e-001 -9.243344e-001  3.659722e-003
    outer loop
      vertex -1.300000e+001 -5.479374e+001  4.758832e+000
      vertex -1.300000e+001 -5.482970e+001 -4.324825e+000
      vertex -1.229289e+001 -5.450194e+001  4.733490e+000
    endloop
  endfacet
  facet normal  3.815694e-001 -9.243329e-001  3.659406e-003
    outer loop
      vertex -1.229289e+001 -5.450194e+001  4.733490e+000
      vertex -1.300000e+001 -5.482970e+001 -4.324825e+000
      vertex -1.229289e+001 -5.453771e+001 -4.301794e+000
    endloop
  endfacet
  facet normal  9.234156e-001 -3.837987e-001  1.519447e-003
    outer loop
      vertex -1.229289e+001 -5.450194e+001  4.733490e+000
      vertex -1.229289e+001 -5.453771e+001 -4.301794e+000
      vertex -1.200000e+001 -5.379749e+001  4.672308e+000
    endloop
  endfacet
  facet normal  9.234155e-001 -3.837990e-001  1.519482e-003
    outer loop
      vertex -1.200000e+001 -5.379749e+001  4.672308e+000
      vertex -1.229289e+001 -5.453771e+001 -4.301794e+000
      vertex -1.200000e+001 -5.383279e+001 -4.246192e+000
    endloop
  endfacet
  facet normal  3.815648e-001 -9.111258e-001  1.557502e-001
    outer loop
      vertex -1.300000e+001 -5.326314e+001  1.371268e+001
      vertex -1.300000e+001 -5.479374e+001  4.758832e+000
      vertex -1.229289e+001 -5.297950e+001  1.363966e+001
    endloop
  endfacet
  facet normal  3.815659e-001 -9.111254e-001  1.557500e-001
    outer loop
      vertex -1.229289e+001 -5.297950e+001  1.363966e+001
      vertex -1.300000e+001 -5.479374e+001  4.758832e+000
      vertex -1.229289e+001 -5.450194e+001  4.733490e+000
    endloop
  endfacet
  facet normal  9.234152e-001 -3.783149e-001  6.467008e-002
    outer loop
      vertex -1.229289e+001 -5.297950e+001  1.363966e+001
      vertex -1.229289e+001 -5.450194e+001  4.733490e+000
      vertex -1.200000e+001 -5.229472e+001  1.346336e+001
    endloop
  endfacet
  facet normal  9.234156e-001 -3.783140e-001  6.466984e-002
    outer loop
      vertex -1.200000e+001 -5.229472e+001  1.346336e+001
      vertex -1.229289e+001 -5.450194e+001  4.733490e+000
      vertex -1.200000e+001 -5.379749e+001  4.672308e+000
    endloop
  endfacet
  facet normal  3.815688e-001 -8.730621e-001  3.035915e-001
    outer loop
      vertex -1.300000e+001 -5.027967e+001  2.229248e+001
      vertex -1.300000e+001 -5.326314e+001  1.371268e+001
      vertex -1.229289e+001 -5.001191e+001  2.217377e+001
    endloop
  endfacet
  facet normal  3.815649e-001 -8.730634e-001  3.035924e-001
    outer loop
      vertex -1.229289e+001 -5.001191e+001  2.217377e+001
      vertex -1.300000e+001 -5.326314e+001  1.371268e+001
      vertex -1.229289e+001 -5.297950e+001  1.363966e+001
    endloop
  endfacet
  facet normal  9.234152e-001 -3.625109e-001  1.260568e-001
    outer loop
      vertex -1.229289e+001 -5.001191e+001  2.217377e+001
      vertex -1.229289e+001 -5.297950e+001  1.363966e+001
      vertex -1.200000e+001 -4.936549e+001  2.188717e+001
    endloop
  endfacet
  facet normal  9.234152e-001 -3.625108e-001  1.260567e-001
    outer loop
      vertex -1.200000e+001 -4.936549e+001  2.188717e+001
      vertex -1.229289e+001 -5.297950e+001  1.363966e+001
      vertex -1.200000e+001 -5.229472e+001  1.346336e+001
    endloop
  endfacet
  facet normal  3.815670e-001 -8.111857e-001  4.431529e-001
    outer loop
      vertex -1.300000e+001 -4.592470e+001  3.026420e+001
      vertex -1.300000e+001 -5.027967e+001  2.229248e+001
      vertex -1.229289e+001 -4.568013e+001  3.010304e+001
    endloop
  endfacet
  facet normal  3.815688e-001 -8.111851e-001  4.431524e-001
    outer loop
      vertex -1.229289e+001 -4.568013e+001  3.010304e+001
      vertex -1.300000e+001 -5.027967e+001  2.229248e+001
      vertex -1.229289e+001 -5.001191e+001  2.217377e+001
    endloop
  endfacet
  facet normal  9.234155e-001 -3.368178e-001  1.840044e-001
    outer loop
      vertex -1.229289e+001 -4.568013e+001  3.010304e+001
      vertex -1.229289e+001 -5.001191e+001  2.217377e+001
      vertex -1.200000e+001 -4.508970e+001  2.971395e+001
    endloop
  endfacet
  facet normal  9.234152e-001 -3.368185e-001  1.840049e-001
    outer loop
      vertex -1.200000e+001 -4.508970e+001  2.971395e+001
      vertex -1.229289e+001 -5.001191e+001  2.217377e+001
      vertex -1.200000e+001 -4.936549e+001  2.188717e+001
    endloop
  endfacet
  facet normal  3.815645e-001 -7.271824e-001  5.706262e-001
    outer loop
      vertex -1.300000e+001 -4.031702e+001  3.741040e+001
      vertex -1.300000e+001 -4.592470e+001  3.026420e+001
      vertex -1.229289e+001 -4.010232e+001  3.721117e+001
    endloop
  endfacet
  facet normal  3.815670e-001 -7.271817e-001  5.706253e-001
    outer loop
      vertex -1.229289e+001 -4.010232e+001  3.721117e+001
      vertex -1.300000e+001 -4.592470e+001  3.026420e+001
      vertex -1.229289e+001 -4.568013e+001  3.010304e+001
    endloop
  endfacet
  facet normal  9.234154e-001 -3.019381e-001  2.369332e-001
    outer loop
      vertex -1.229289e+001 -4.010232e+001  3.721117e+001
      vertex -1.229289e+001 -4.568013e+001  3.010304e+001
      vertex -1.200000e+001 -3.958398e+001  3.673021e+001
    endloop
  endfacet
  facet normal  9.234154e-001 -3.019380e-001  2.369332e-001
    outer loop
      vertex -1.200000e+001 -3.958398e+001  3.673021e+001
      vertex -1.229289e+001 -4.568013e+001  3.010304e+001
      vertex -1.200000e+001 -4.508970e+001  2.971395e+001
    endloop
  endfacet
  facet normal  3.815680e-001 -6.233419e-001  6.825327e-001
    outer loop
      vertex -1.300000e+001 -3.360960e+001  4.353613e+001
      vertex -1.300000e+001 -4.031702e+001  3.741040e+001
      vertex -1.229289e+001 -3.343062e+001  4.330429e+001
    endloop
  endfacet
  facet normal  3.815649e-001 -6.233424e-001  6.825339e-001
    outer loop
      vertex -1.229289e+001 -3.343062e+001  4.330429e+001
      vertex -1.300000e+001 -4.031702e+001  3.741040e+001
      vertex -1.229289e+001 -4.010232e+001  3.721117e+001
    endloop
  endfacet
  facet normal  9.234156e-001 -2.588218e-001  2.833990e-001
    outer loop
      vertex -1.229289e+001 -3.343062e+001  4.330429e+001
      vertex -1.229289e+001 -4.010232e+001  3.721117e+001
      vertex -1.200000e+001 -3.299852e+001  4.274456e+001
    endloop
  endfacet
  facet normal  9.234154e-001 -2.588221e-001  2.833995e-001
    outer loop
      vertex -1.200000e+001 -3.299852e+001  4.274456e+001
      vertex -1.229289e+001 -4.010232e+001  3.721117e+001
      vertex -1.200000e+001 -3.958398e+001  3.673021e+001
    endloop
  endfacet
  facet normal  3.815666e-001 -5.024990e-001  7.758232e-001
    outer loop
      vertex -1.300000e+001 -2.598540e+001  4.847431e+001
      vertex -1.300000e+001 -3.360960e+001  4.353613e+001
      vertex -1.229289e+001 -2.584702e+001  4.821617e+001
    endloop
  endfacet
  facet normal  3.815682e-001 -5.024989e-001  7.758226e-001
    outer loop
      vertex -1.229289e+001 -2.584702e+001  4.821617e+001
      vertex -1.300000e+001 -3.360960e+001  4.353613e+001
      vertex -1.229289e+001 -3.343062e+001  4.330429e+001
    endloop
  endfacet
  facet normal  9.234150e-001 -2.086466e-001  3.221355e-001
    outer loop
      vertex -1.229289e+001 -2.584702e+001  4.821617e+001
      vertex -1.229289e+001 -3.343062e+001  4.330429e+001
      vertex -1.200000e+001 -2.551294e+001  4.759296e+001
    endloop
  endfacet
  facet normal  9.234156e-001 -2.086460e-001  3.221343e-001
    outer loop
      vertex -1.200000e+001 -2.551294e+001  4.759296e+001
      vertex -1.229289e+001 -3.343062e+001  4.330429e+001
      vertex -1.200000e+001 -3.299852e+001  4.274456e+001
    endloop
  endfacet
  facet normal  3.815667e-001 -3.679497e-001  8.479504e-001
    outer loop
      vertex -1.300000e+001 -1.765238e+001  5.209024e+001
      vertex -1.300000e+001 -2.598540e+001  4.847431e+001
      vertex -1.229289e+001 -1.755838e+001  5.181285e+001
    endloop
  endfacet
  facet normal  3.815663e-001 -3.679497e-001  8.479506e-001
    outer loop
      vertex -1.229289e+001 -1.755838e+001  5.181285e+001
      vertex -1.300000e+001 -2.598540e+001  4.847431e+001
      vertex -1.229289e+001 -2.584702e+001  4.821617e+001
    endloop
  endfacet
  facet normal  9.234158e-001 -1.527784e-001  3.520822e-001
    outer loop
      vertex -1.229289e+001 -1.755838e+001  5.181285e+001
      vertex -1.229289e+001 -2.584702e+001  4.821617e+001
      vertex -1.200000e+001 -1.733143e+001  5.114315e+001
    endloop
  endfacet
  facet normal  9.234149e-001 -1.527791e-001  3.520843e-001
    outer loop
      vertex -1.200000e+001 -1.733143e+001  5.114315e+001
      vertex -1.229289e+001 -2.584702e+001  4.821617e+001
      vertex -1.200000e+001 -2.551294e+001  4.759296e+001
    endloop
  endfacet
  facet normal  3.815650e-001 -2.233631e-001  8.969488e-001
    outer loop
      vertex -1.300000e+001 -8.837853e+000  5.428529e+001
      vertex -1.300000e+001 -1.765238e+001  5.209024e+001
      vertex -1.229289e+001 -8.790790e+000  5.399620e+001
    endloop
  endfacet
  facet normal  3.815666e-001 -2.233630e-001  8.969481e-001
    outer loop
      vertex -1.229289e+001 -8.790790e+000  5.399620e+001
      vertex -1.300000e+001 -1.765238e+001  5.209024e+001
      vertex -1.229289e+001 -1.755838e+001  5.181285e+001
    endloop
  endfacet
  facet normal  9.234153e-001 -9.274416e-002  3.724282e-001
    outer loop
      vertex -1.229289e+001 -8.790790e+000  5.399620e+001
      vertex -1.229289e+001 -1.755838e+001  5.181285e+001
      vertex -1.200000e+001 -8.677166e+000  5.329828e+001
    endloop
  endfacet
  facet normal  9.234159e-001 -9.274393e-002  3.724267e-001
    outer loop
      vertex -1.200000e+001 -8.677166e+000  5.329828e+001
      vertex -1.229289e+001 -1.755838e+001  5.181285e+001
      vertex -1.200000e+001 -1.733143e+001  5.114315e+001
    endloop
  endfacet
  facet normal  3.815688e-001 -7.268389e-002  9.214783e-001
    outer loop
      vertex -1.300000e+001  2.177474e-001  5.499957e+001
      vertex -1.300000e+001 -8.837853e+000  5.428529e+001
      vertex -1.229289e+001  2.165879e-001  5.470668e+001
    endloop
  endfacet
  facet normal  3.815650e-001 -7.268368e-002  9.214799e-001
    outer loop
      vertex -1.229289e+001  2.165879e-001  5.470668e+001
      vertex -1.300000e+001 -8.837853e+000  5.428529e+001
      vertex -1.229289e+001 -8.790790e+000  5.399620e+001
    endloop
  endfacet
  facet normal  9.234151e-001 -3.017953e-002  3.826145e-001
    outer loop
      vertex -1.229289e+001  2.165879e-001  5.470668e+001
      vertex -1.229289e+001 -8.790790e+000  5.399620e+001
      vertex -1.200000e+001  2.137884e-001  5.399958e+001
    endloop
  endfacet
  facet normal  9.234152e-001 -3.017953e-002  3.826140e-001
    outer loop
      vertex -1.200000e+001  2.137884e-001  5.399958e+001
      vertex -1.229289e+001 -8.790790e+000  5.399620e+001
      vertex -1.200000e+001 -8.677166e+000  5.329828e+001
    endloop
  endfacet
  facet normal  3.815697e-001  7.997767e-002  9.208736e-001
    outer loop
      vertex -1.300000e+001  9.267409e+000  5.421361e+001
      vertex -1.300000e+001  2.177474e-001  5.499957e+001
      vertex -1.229289e+001  9.218057e+000  5.392490e+001
    endloop
  endfacet
  facet normal  3.815687e-001  7.997779e-002  9.208739e-001
    outer loop
      vertex -1.229289e+001  9.218057e+000  5.392490e+001
      vertex -1.300000e+001  2.177474e-001  5.499957e+001
      vertex -1.229289e+001  2.165879e-001  5.470668e+001
    endloop
  endfacet
  facet normal  9.234149e-001  3.320824e-002  3.823638e-001
    outer loop
      vertex -1.229289e+001  9.218057e+000  5.392490e+001
      vertex -1.229289e+001  2.165879e-001  5.470668e+001
      vertex -1.200000e+001  9.098911e+000  5.322791e+001
    endloop
  endfacet
  facet normal  9.234151e-001  3.320820e-002  3.823635e-001
    outer loop
      vertex -1.200000e+001  9.098911e+000  5.322791e+001
      vertex -1.229289e+001  2.165879e-001  5.470668e+001
      vertex -1.200000e+001  2.137884e-001  5.399958e+001
    endloop
  endfacet
  facet normal  3.815677e-001  2.304582e-001  8.951509e-001
    outer loop
      vertex -1.300000e+001  1.806428e+001  5.194884e+001
      vertex -1.300000e+001  9.267409e+000  5.421361e+001
      vertex -1.229289e+001  1.796808e+001  5.167219e+001
    endloop
  endfacet
  facet normal  3.815697e-001  2.304578e-001  8.951501e-001
    outer loop
      vertex -1.229289e+001  1.796808e+001  5.167219e+001
      vertex -1.300000e+001  9.267409e+000  5.421361e+001
      vertex -1.229289e+001  9.218057e+000  5.392490e+001
    endloop
  endfacet
  facet normal  9.234149e-001  9.569039e-002  3.716830e-001
    outer loop
      vertex -1.229289e+001  1.796808e+001  5.167219e+001
      vertex -1.229289e+001  9.218057e+000  5.392490e+001
      vertex -1.200000e+001  1.773584e+001  5.100431e+001
    endloop
  endfacet
  facet normal  9.234149e-001  9.569038e-002  3.716829e-001
    outer loop
      vertex -1.200000e+001  1.773584e+001  5.100431e+001
      vertex -1.229289e+001  9.218057e+000  5.392490e+001
      vertex -1.200000e+001  9.098911e+000  5.322791e+001
    endloop
  endfacet
  facet normal  0.000000e+000 -4.053178e-001 -9.141757e-001
    outer loop
      vertex -1.300000e+001 -2.636840e+001 -4.826704e+001
      vertex -1.400000e+001 -2.636840e+001 -4.826704e+001
      vertex -1.300000e+001 -1.806428e+001 -5.194884e+001
    endloop
  endfacet
  facet normal  -0.000000e+000 -4.053178e-001 -9.141757e-001
    outer loop
      vertex -1.300000e+001 -1.806428e+001 -5.194884e+001
      vertex -1.400000e+001 -2.636840e+001 -4.826704e+001
      vertex -1.400000e+001 -1.806428e+001 -5.194884e+001
    endloop
  endfacet
  facet normal  0.000000e+000 -2.493217e-001 -9.684207e-001
    outer loop
      vertex -1.300000e+001 -1.806428e+001 -5.194884e+001
      vertex -1.400000e+001 -1.806428e+001 -5.194884e+001
      vertex -1.300000e+001 -9.267409e+000 -5.421361e+001
    endloop
  endfacet
  facet normal  -0.000000e+000 -2.493217e-001 -9.684207e-001
    outer loop
      vertex -1.300000e+001 -9.267409e+000 -5.421361e+001
      vertex -1.400000e+001 -1.806428e+001 -5.194884e+001
      vertex -1.400000e+001 -9.267409e+000 -5.421361e+001
    endloop
  endfacet
  facet normal  0.000000e+000 -8.652408e-002 -9.962497e-001
    outer loop
      vertex -1.300000e+001 -9.267409e+000 -5.421361e+001
      vertex -1.400000e+001 -9.267409e+000 -5.421361e+001
      vertex -1.300000e+001 -2.177474e-001 -5.499957e+001
    endloop
  endfacet
  facet normal  -0.000000e+000 -8.652408e-002 -9.962497e-001
    outer loop
      vertex -1.300000e+001 -2.177474e-001 -5.499957e+001
      vertex -1.400000e+001 -9.267409e+000 -5.421361e+001
      vertex -1.400000e+001 -2.177474e-001 -5.499957e+001
    endloop
  endfacet
  facet normal  0.000000e+000  7.863324e-002 -9.969036e-001
    outer loop
      vertex -1.300000e+001 -2.177474e-001 -5.499957e+001
      vertex -1.400000e+001 -2.177474e-001 -5.499957e+001
      vertex -1.300000e+001  8.837853e+000 -5.428529e+001
    endloop
  endfacet
  facet normal  0.000000e+000  7.863324e-002 -9.969036e-001
    outer loop
      vertex -1.300000e+001  8.837853e+000 -5.428529e+001
      vertex -1.400000e+001 -2.177474e-001 -5.499957e+001
      vertex -1.400000e+001  8.837853e+000 -5.428529e+001
    endloop
  endfacet
  facet normal  0.000000e+000  2.416454e-001 -9.703645e-001
    outer loop
      vertex -1.300000e+001  8.837853e+000 -5.428529e+001
      vertex -1.400000e+001  8.837853e+000 -5.428529e+001
      vertex -1.300000e+001  1.765238e+001 -5.209024e+001
    endloop
  endfacet
  facet normal  0.000000e+000  2.416454e-001 -9.703645e-001
    outer loop
      vertex -1.300000e+001  1.765238e+001 -5.209024e+001
      vertex -1.400000e+001  8.837853e+000 -5.428529e+001
      vertex -1.400000e+001  1.765238e+001 -5.209024e+001
    endloop
  endfacet
  facet normal  0.000000e+000  3.980669e-001 -9.173564e-001
    outer loop
      vertex -1.300000e+001  1.765238e+001 -5.209024e+001
      vertex -1.400000e+001  1.765238e+001 -5.209024e+001
      vertex -1.300000e+001  2.598540e+001 -4.847431e+001
    endloop
  endfacet
  facet normal  0.000000e+000  3.980669e-001 -9.173564e-001
    outer loop
      vertex -1.300000e+001  2.598540e+001 -4.847431e+001
      vertex -1.400000e+001  1.765238e+001 -5.209024e+001
      vertex -1.400000e+001  2.598540e+001 -4.847431e+001
    endloop
  endfacet
  facet normal  0.000000e+000  5.436293e-001 -8.393254e-001
    outer loop
      vertex -1.300000e+001  2.598540e+001 -4.847431e+001
      vertex -1.400000e+001  2.598540e+001 -4.847431e+001
      vertex -1.300000e+001  3.360960e+001 -4.353613e+001
    endloop
  endfacet
  facet normal  0.000000e+000  5.436293e-001 -8.393254e-001
    outer loop
      vertex -1.300000e+001  3.360960e+001 -4.353613e+001
      vertex -1.400000e+001  2.598540e+001 -4.847431e+001
      vertex -1.400000e+001  3.360960e+001 -4.353613e+001
    endloop
  endfacet
  facet normal  0.000000e+000  6.743636e-001 -7.383994e-001
    outer loop
      vertex -1.300000e+001  3.360960e+001 -4.353613e+001
      vertex -1.400000e+001  3.360960e+001 -4.353613e+001
      vertex -1.300000e+001  4.031702e+001 -3.741040e+001
    endloop
  endfacet
  facet normal  0.000000e+000  6.743636e-001 -7.383994e-001
    outer loop
      vertex -1.300000e+001  4.031702e+001 -3.741040e+001
      vertex -1.400000e+001  3.360960e+001 -4.353613e+001
      vertex -1.400000e+001  4.031702e+001 -3.741040e+001
    endloop
  endfacet
  facet normal  0.000000e+000  7.867026e-001 -6.173322e-001
    outer loop
      vertex -1.300000e+001  4.031702e+001 -3.741040e+001
      vertex -1.400000e+001  4.031702e+001 -3.741040e+001
      vertex -1.300000e+001  4.592470e+001 -3.026420e+001
    endloop
  endfacet
  facet normal  0.000000e+000  7.867026e-001 -6.173322e-001
    outer loop
      vertex -1.300000e+001  4.592470e+001 -3.026420e+001
      vertex -1.400000e+001  4.031702e+001 -3.741040e+001
      vertex -1.400000e+001  4.592470e+001 -3.026420e+001
    endloop
  endfacet
  facet normal  0.000000e+000  8.775825e-001 -4.794257e-001
    outer loop
      vertex -1.300000e+001  4.592470e+001 -3.026420e+001
      vertex -1.400000e+001  4.592470e+001 -3.026420e+001
      vertex -1.300000e+001  5.027967e+001 -2.229248e+001
    endloop
  endfacet
  facet normal  0.000000e+000  8.775825e-001 -4.794257e-001
    outer loop
      vertex -1.300000e+001  5.027967e+001 -2.229248e+001
      vertex -1.400000e+001  4.592470e+001 -3.026420e+001
      vertex -1.400000e+001  5.027967e+001 -2.229248e+001
    endloop
  endfacet
  facet normal  0.000000e+000  9.445243e-001 -3.284413e-001
    outer loop
      vertex -1.300000e+001  5.027967e+001 -2.229248e+001
      vertex -1.400000e+001  5.027967e+001 -2.229248e+001
      vertex -1.300000e+001  5.326314e+001 -1.371268e+001
    endloop
  endfacet
  facet normal  0.000000e+000  9.445243e-001 -3.284413e-001
    outer loop
      vertex -1.300000e+001  5.326314e+001 -1.371268e+001
      vertex -1.400000e+001  5.027967e+001 -2.229248e+001
      vertex -1.400000e+001  5.326314e+001 -1.371268e+001
    endloop
  endfacet
  facet normal  0.000000e+000  9.857019e-001 -1.684984e-001
    outer loop
      vertex -1.300000e+001  5.326314e+001 -1.371268e+001
      vertex -1.400000e+001  5.326314e+001 -1.371268e+001
      vertex -1.300000e+001  5.479374e+001 -4.758832e+000
    endloop
  endfacet
  facet normal  0.000000e+000  9.857019e-001 -1.684984e-001
    outer loop
      vertex -1.300000e+001  5.479374e+001 -4.758832e+000
      vertex -1.400000e+001  5.326314e+001 -1.371268e+001
      vertex -1.400000e+001  5.479374e+001 -4.758832e+000
    endloop
  endfacet
  facet normal  0.000000e+000  9.999921e-001 -3.959274e-003
    outer loop
      vertex -1.300000e+001  5.479374e+001 -4.758832e+000
      vertex -1.400000e+001  5.479374e+001 -4.758832e+000
      vertex -1.300000e+001  5.482970e+001  4.324825e+000
    endloop
  endfacet
  facet normal  0.000000e+000  9.999921e-001 -3.959274e-003
    outer loop
      vertex -1.300000e+001  5.482970e+001  4.324825e+000
      vertex -1.400000e+001  5.479374e+001 -4.758832e+000
      vertex -1.400000e+001  5.482970e+001  4.324825e+000
    endloop
  endfacet
  facet normal  -0.000000e+000  9.870052e-001  1.606882e-001
    outer loop
      vertex -1.300000e+001  5.482970e+001  4.324825e+000
      vertex -1.400000e+001  5.482970e+001  4.324825e+000
      vertex -1.300000e+001  5.337005e+001  1.329051e+001
    endloop
  endfacet
  facet normal  0.000000e+000  9.870052e-001  1.606882e-001
    outer loop
      vertex -1.300000e+001  5.337005e+001  1.329051e+001
      vertex -1.400000e+001  5.482970e+001  4.324825e+000
      vertex -1.400000e+001  5.337005e+001  1.329051e+001
    endloop
  endfacet
  facet normal  -0.000000e+000  9.470952e-001  3.209527e-001
    outer loop
      vertex -1.300000e+001  5.337005e+001  1.329051e+001
      vertex -1.400000e+001  5.337005e+001  1.329051e+001
      vertex -1.300000e+001  5.045461e+001  2.189367e+001
    endloop
  endfacet
  facet normal  0.000000e+000  9.470952e-001  3.209527e-001
    outer loop
      vertex -1.300000e+001  5.045461e+001  2.189367e+001
      vertex -1.400000e+001  5.337005e+001  1.329051e+001
      vertex -1.400000e+001  5.045461e+001  2.189367e+001
    endloop
  endfacet
  facet normal  -0.000000e+000  8.813512e-001  4.724617e-001
    outer loop
      vertex -1.300000e+001  5.045461e+001  2.189367e+001
      vertex -1.400000e+001  5.045461e+001  2.189367e+001
      vertex -1.300000e+001  4.616289e+001  2.989962e+001
    endloop
  endfacet
  facet normal  0.000000e+000  8.813512e-001  4.724617e-001
    outer loop
      vertex -1.300000e+001  4.616289e+001  2.989962e+001
      vertex -1.400000e+001  5.045461e+001  2.189367e+001
      vertex -1.400000e+001  4.616289e+001  2.989962e+001
    endloop
  endfacet
  facet normal  -0.000000e+000  7.915660e-001  6.110837e-001
    outer loop
      vertex -1.300000e+001  4.616289e+001  2.989962e+001
      vertex -1.400000e+001  4.616289e+001  2.989962e+001
      vertex -1.300000e+001  4.061197e+001  3.708999e+001
    endloop
  endfacet
  facet normal  0.000000e+000  7.915660e-001  6.110837e-001
    outer loop
      vertex -1.300000e+001  4.061197e+001  3.708999e+001
      vertex -1.400000e+001  4.616289e+001  2.989962e+001
      vertex -1.400000e+001  4.061197e+001  3.708999e+001
    endloop
  endfacet
  facet normal  -0.000000e+000  6.801891e-001  7.330367e-001
    outer loop
      vertex -1.300000e+001  4.061197e+001  3.708999e+001
      vertex -1.400000e+001  4.061197e+001  3.708999e+001
      vertex -1.300000e+001  3.395327e+001  4.326865e+001
    endloop
  endfacet
  facet normal  0.000000e+000  6.801891e-001  7.330367e-001
    outer loop
      vertex -1.300000e+001  3.395327e+001  4.326865e+001
      vertex -1.400000e+001  4.061197e+001  3.708999e+001
      vertex -1.400000e+001  3.395327e+001  4.326865e+001
    endloop
  endfacet
  facet normal  -0.000000e+000  5.502581e-001  8.349946e-001
    outer loop
      vertex -1.300000e+001  3.395327e+001  4.326865e+001
      vertex -1.400000e+001  3.395327e+001  4.326865e+001
      vertex -1.300000e+001  2.636840e+001  4.826704e+001
    endloop
  endfacet
  facet normal  0.000000e+000  5.502581e-001  8.349946e-001
    outer loop
      vertex -1.300000e+001  2.636840e+001  4.826704e+001
      vertex -1.400000e+001  3.395327e+001  4.326865e+001
      vertex -1.400000e+001  2.636840e+001  4.826704e+001
    endloop
  endfacet
  facet normal  -0.000000e+000  4.053178e-001  9.141757e-001
    outer loop
      vertex -1.300000e+001  2.636840e+001  4.826704e+001
      vertex -1.400000e+001  2.636840e+001  4.826704e+001
      vertex -1.300000e+001  1.806428e+001  5.194884e+001
    endloop
  endfacet
  facet normal  0.000000e+000  4.053178e-001  9.141757e-001
    outer loop
      vertex -1.300000e+001  1.806428e+001  5.194884e+001
      vertex -1.400000e+001  2.636840e+001  4.826704e+001
      vertex -1.400000e+001  1.806428e+001  5.194884e+001
    endloop
  endfacet
  facet normal  -0.000000e+000  2.493217e-001  9.684207e-001
    outer loop
      vertex -1.300000e+001  1.806428e+001  5.194884e+001
      vertex -1.400000e+001  1.806428e+001  5.194884e+001
      vertex -1.300000e+001  9.267409e+000  5.421361e+001
    endloop
  endfacet
  facet normal  0.000000e+000  2.493217e-001  9.684207e-001
    outer loop
      vertex -1.300000e+001  9.267409e+000  5.421361e+001
      vertex -1.400000e+001  1.806428e+001  5.194884e+001
      vertex -1.400000e+001  9.267409e+000  5.421361e+001
    endloop
  endfacet
  facet normal  -0.000000e+000  8.652408e-002  9.962497e-001
    outer loop
      vertex -1.300000e+001  9.267409e+000  5.421361e+001
      vertex -1.400000e+001  9.267409e+000  5.421361e+001
      vertex -1.300000e+001  2.177474e-001  5.499957e+001
    endloop
  endfacet
  facet normal  0.000000e+000  8.652408e-002  9.962497e-001
    outer loop
      vertex -1.300000e+001  2.177474e-001  5.499957e+001
      vertex -1.400000e+001  9.267409e+000  5.421361e+001
      vertex -1.400000e+001  2.177474e-001  5.499957e+001
    endloop
  endfacet
  facet normal  0.000000e+000 -7.863324e-002  9.969036e-001
    outer loop
      vertex -1.300000e+001  2.177474e-001  5.499957e+001
      vertex -1.400000e+001  2.177474e-001  5.499957e+001
      vertex -1.300000e+001 -8.837853e+000  5.428529e+001
    endloop
  endfacet
  facet normal  0.000000e+000 -7.863324e-002  9.969036e-001
    outer loop
      vertex -1.300000e+001 -8.837853e+000  5.428529e+001
      vertex -1.400000e+001  2.177474e-001  5.499957e+001
      vertex -1.400000e+001 -8.837853e+000  5.428529e+001
    endloop
  endfacet
  facet normal  0.000000e+000 -2.416454e-001  9.703645e-001
    outer loop
      vertex -1.300000e+001 -8.837853e+000  5.428529e+001
      vertex -1.400000e+001 -8.837853e+000  5.428529e+001
      vertex -1.300000e+001 -1.765238e+001  5.209024e+001
    endloop
  endfacet
  facet normal  0.000000e+000 -2.416454e-001  9.703645e-001
    outer loop
      vertex -1.300000e+001 -1.765238e+001  5.209024e+001
      vertex -1.400000e+001 -8.837853e+000  5.428529e+001
      vertex -1.400000e+001 -1.765238e+001  5.209024e+001
    endloop
  endfacet
  facet normal  0.000000e+000 -3.980669e-001  9.173564e-001
    outer loop
      vertex -1.300000e+001 -1.765238e+001  5.209024e+001
      vertex -1.400000e+001 -1.765238e+001  5.209024e+001
      vertex -1.300000e+001 -2.598540e+001  4.847431e+001
    endloop
  endfacet
  facet normal  0.000000e+000 -3.980669e-001  9.173564e-001
    outer loop
      vertex -1.300000e+001 -2.598540e+001  4.847431e+001
      vertex -1.400000e+001 -1.765238e+001  5.209024e+001
      vertex -1.400000e+001 -2.598540e+001  4.847431e+001
    endloop
  endfacet
  facet normal  0.000000e+000 -5.436293e-001  8.393254e-001
    outer loop
      vertex -1.300000e+001 -2.598540e+001  4.847431e+001
      vertex -1.400000e+001 -2.598540e+001  4.847431e+001
      vertex -1.300000e+001 -3.360960e+001  4.353613e+001
    endloop
  endfacet
  facet normal  0.000000e+000 -5.436293e-001  8.393254e-001
    outer loop
      vertex -1.300000e+001 -3.360960e+001  4.353613e+001
      vertex -1.400000e+001 -2.598540e+001  4.847431e+001
      vertex -1.400000e+001 -3.360960e+001  4.353613e+001
    endloop
  endfacet
  facet normal  0.000000e+000 -6.743636e-001  7.383994e-001
    outer loop
      vertex -1.300000e+001 -3.360960e+001  4.353613e+001
      vertex -1.400000e+001 -3.360960e+001  4.353613e+001
      vertex -1.300000e+001 -4.031702e+001  3.741040e+001
    endloop
  endfacet
  facet normal  0.000000e+000 -6.743636e-001  7.383994e-001
    outer loop
      vertex -1.300000e+001 -4.031702e+001  3.741040e+001
      vertex -1.400000e+001 -3.360960e+001  4.353613e+001
      vertex -1.400000e+001 -4.031702e+001  3.741040e+001
    endloop
  endfacet
  facet normal  0.000000e+000 -7.867026e-001  6.173322e-001
    outer loop
      vertex -1.300000e+001 -4.031702e+001  3.741040e+001
      vertex -1.400000e+001 -4.031702e+001  3.741040e+001
      vertex -1.300000e+001 -4.592470e+001  3.026420e+001
    endloop
  endfacet
  facet normal  0.000000e+000 -7.867026e-001  6.173322e-001
    outer loop
      vertex -1.300000e+001 -4.592470e+001  3.026420e+001
      vertex -1.400000e+001 -4.031702e+001  3.741040e+001
      vertex -1.400000e+001 -4.592470e+001  3.026420e+001
    endloop
  endfacet
  facet normal  0.000000e+000 -8.775825e-001  4.794257e-001
    outer loop
      vertex -1.300000e+001 -4.592470e+001  3.026420e+001
      vertex -1.400000e+001 -4.592470e+001  3.026420e+001
      vertex -1.300000e+001 -5.027967e+001  2.229248e+001
    endloop
  endfacet
  facet normal  0.000000e+000 -8.775825e-001  4.794257e-001
    outer loop
      vertex -1.300000e+001 -5.027967e+001  2.229248e+001
      vertex -1.400000e+001 -4.592470e+001  3.026420e+001
      vertex -1.400000e+001 -5.027967e+001  2.229248e+001
    endloop
  endfacet
  facet normal  0.000000e+000 -9.445243e-001  3.284413e-001
    outer loop
      vertex -1.300000e+001 -5.027967e+001  2.229248e+001
      vertex -1.400000e+001 -5.027967e+001  2.229248e+001
      vertex -1.300000e+001 -5.326314e+001  1.371268e+001
    endloop
  endfacet
  facet normal  0.000000e+000 -9.445243e-001  3.284413e-001
    outer loop
      vertex -1.300000e+001 -5.326314e+001  1.371268e+001
      vertex -1.400000e+001 -5.027967e+001  2.229248e+001
      vertex -1.400000e+001 -5.326314e+001  1.371268e+001
    endloop
  endfacet
  facet normal  0.000000e+000 -9.857019e-001  1.684984e-001
    outer loop
      vertex -1.300000e+001 -5.326314e+001  1.371268e+001
      vertex -1.400000e+001 -5.326314e+001  1.371268e+001
      vertex -1.300000e+001 -5.479374e+001  4.758832e+000
    endloop
  endfacet
  facet normal  0.000000e+000 -9.857019e-001  1.684984e-001
    outer loop
      vertex -1.300000e+001 -5.479374e+001  4.758832e+000
      vertex -1.400000e+001 -5.326314e+001  1.371268e+001
      vertex -1.400000e+001 -5.479374e+001  4.758832e+000
    endloop
  endfacet
  facet normal  0.000000e+000 -9.999921e-001  3.959274e-003
    outer loop
      vertex -1.300000e+001 -5.479374e+001  4.758832e+000
      vertex -1.400000e+001 -5.479374e+001  4.758832e+000
      vertex -1.300000e+001 -5.482970e+001 -4.324825e+000
    endloop
  endfacet
  facet normal  0.000000e+000 -9.999921e-001  3.959274e-003
    outer loop
      vertex -1.300000e+001 -5.482970e+001 -4.324825e+000
      vertex -1.400000e+001 -5.479374e+001  4.758832e+000
      vertex -1.400000e+001 -5.482970e+001 -4.324825e+000
    endloop
  endfacet
  facet normal  0.000000e+000 -9.870052e-001 -1.606882e-001
    outer loop
      vertex -1.300000e+001 -5.482970e+001 -4.324825e+000
      vertex -1.400000e+001 -5.482970e+001 -4.324825e+000
      vertex -1.300000e+001 -5.337005e+001 -1.329051e+001
    endloop
  endfacet
  facet normal  -0.000000e+000 -9.870052e-001 -1.606882e-001
    outer loop
      vertex -1.300000e+001 -5.337005e+001 -1.329051e+001
      vertex -1.400000e+001 -5.482970e+001 -4.324825e+000
      vertex -1.400000e+001 -5.337005e+001 -1.329051e+001
    endloop
  endfacet
  facet normal  0.000000e+000 -9.470952e-001 -3.209527e-001
    outer loop
      vertex -1.300000e+001 -5.337005e+001 -1.329051e+001
      vertex -1.400000e+001 -5.337005e+001 -1.329051e+001
      vertex -1.300000e+001 -5.045461e+001 -2.189367e+001
    endloop
  endfacet
  facet normal  -0.000000e+000 -9.470952e-001 -3.209527e-001
    outer loop
      vertex -1.300000e+001 -5.045461e+001 -2.189367e+001
      vertex -1.400000e+001 -5.337005e+001 -1.329051e+001
      vertex -1.400000e+001 -5.045461e+001 -2.189367e+001
    endloop
  endfacet
  facet normal  0.000000e+000 -8.813512e-001 -4.724617e-001
    outer loop
      vertex -1.300000e+001 -5.045461e+001 -2.189367e+001
      vertex -1.400000e+001 -5.045461e+001 -2.189367e+001
      vertex -1.300000e+001 -4.616289e+001 -2.989962e+001
    endloop
  endfacet
  facet normal  -0.000000e+000 -8.813512e-001 -4.724617e-001
    outer loop
      vertex -1.300000e+001 -4.616289e+001 -2.989962e+001
      vertex -1.400000e+001 -5.045461e+001 -2.189367e+001
      vertex -1.400000e+001 -4.616289e+001 -2.989962e+001
    endloop
  endfacet
  facet normal  0.000000e+000 -7.915660e-001 -6.110837e-001
    outer loop
      vertex -1.300000e+001 -4.616289e+001 -2.989962e+001
      vertex -1.400000e+001 -4.616289e+001 -2.989962e+001
      vertex -1.300000e+001 -4.061197e+001 -3.708999e+001
    endloop
  endfacet
  facet normal  -0.000000e+000 -7.915660e-001 -6.110837e-001
    outer loop
      vertex -1.300000e+001 -4.061197e+001 -3.708999e+001
      vertex -1.400000e+001 -4.616289e+001 -2.989962e+001
      vertex -1.400000e+001 -4.061197e+001 -3.708999e+001
    endloop
  endfacet
  facet normal  0.000000e+000 -6.801891e-001 -7.330367e-001
    outer loop
      vertex -1.300000e+001 -4.061197e+001 -3.708999e+001
      vertex -1.400000e+001 -4.061197e+001 -3.708999e+001
      vertex -1.300000e+001 -3.395327e+001 -4.326865e+001
    endloop
  endfacet
  facet normal  -0.000000e+000 -6.801891e-001 -7.330367e-001
    outer loop
      vertex -1.300000e+001 -3.395327e+001 -4.326865e+001
      vertex -1.400000e+001 -4.061197e+001 -3.708999e+001
      vertex -1.400000e+001 -3.395327e+001 -4.326865e+001
    endloop
  endfacet
  facet normal  0.000000e+000 -5.502581e-001 -8.349946e-001
    outer loop
      vertex -1.300000e+001 -3.395327e+001 -4.326865e+001
      vertex -1.400000e+001 -3.395327e+001 -4.326865e+001
      vertex -1.300000e+001 -2.636840e+001 -4.826704e+001
    endloop
  endfacet
  facet normal  -0.000000e+000 -5.502581e-001 -8.349946e-001
    outer loop
      vertex -1.300000e+001 -2.636840e+001 -4.826704e+001
      vertex -1.400000e+001 -3.395327e+001 -4.326865e+001
      vertex -1.400000e+001 -2.636840e+001 -4.826704e+001
    endloop
  endfacet
  facet normal -9.234152e-001 -1.555620e-001 -3.508629e-001
    outer loop
      vertex -1.500000e+001 -2.588898e+001 -4.738946e+001
      vertex -1.500000e+001 -1.773584e+001 -5.100431e+001
      vertex -1.470711e+001 -2.622798e+001 -4.801000e+001
    endloop
  endfacet
  facet normal -9.234150e-001 -1.555622e-001 -3.508634e-001
    outer loop
      vertex -1.470711e+001 -2.622798e+001 -4.801000e+001
      vertex -1.500000e+001 -1.773584e+001 -5.100431e+001
      vertex -1.470711e+001 -1.796808e+001 -5.167219e+001
    endloop
  endfacet
  facet normal -3.815674e-001 -3.746519e-001 -8.450102e-001
    outer loop
      vertex -1.470711e+001 -2.622798e+001 -4.801000e+001
      vertex -1.470711e+001 -1.796808e+001 -5.167219e+001
      vertex -1.400000e+001 -2.636840e+001 -4.826704e+001
    endloop
  endfacet
  facet normal -3.815674e-001 -3.746519e-001 -8.450102e-001
    outer loop
      vertex -1.400000e+001 -2.636840e+001 -4.826704e+001
      vertex -1.470711e+001 -1.796808e+001 -5.167219e+001
      vertex -1.400000e+001 -1.806428e+001 -5.194884e+001
    endloop
  endfacet
  facet normal -9.234152e-001  2.111905e-001  3.204731e-001
    outer loop
      vertex -1.500000e+001  3.333594e+001  4.248194e+001
      vertex -1.500000e+001  2.588898e+001  4.738946e+001
      vertex -1.470711e+001  3.377246e+001  4.303822e+001
    endloop
  endfacet
  facet normal -9.234152e-001  2.111905e-001  3.204730e-001
    outer loop
      vertex -1.470711e+001  3.377246e+001  4.303822e+001
      vertex -1.500000e+001  2.588898e+001  4.738946e+001
      vertex -1.470711e+001  2.622798e+001  4.801000e+001
    endloop
  endfacet
  facet normal -3.815679e-001  5.086262e-001  7.718196e-001
    outer loop
      vertex -1.470711e+001  3.377246e+001  4.303822e+001
      vertex -1.470711e+001  2.622798e+001  4.801000e+001
      vertex -1.400000e+001  3.395327e+001  4.326865e+001
    endloop
  endfacet
  facet normal -3.815674e-001  5.086262e-001  7.718198e-001
    outer loop
      vertex -1.400000e+001  3.395327e+001  4.326865e+001
      vertex -1.470711e+001  2.622798e+001  4.801000e+001
      vertex -1.400000e+001  2.636840e+001  4.826704e+001
    endloop
  endfacet
  facet normal -9.234152e-001  2.610582e-001  2.813413e-001
    outer loop
      vertex -1.500000e+001  3.987357e+001  3.641563e+001
      vertex -1.500000e+001  3.333594e+001  4.248194e+001
      vertex -1.470711e+001  4.039570e+001  3.689248e+001
    endloop
  endfacet
  facet normal -9.234152e-001  2.610583e-001  2.813414e-001
    outer loop
      vertex -1.470711e+001  4.039570e+001  3.689248e+001
      vertex -1.500000e+001  3.333594e+001  4.248194e+001
      vertex -1.470711e+001  3.377246e+001  4.303822e+001
    endloop
  endfacet
  facet normal -3.815665e-001  6.287270e-001  6.775762e-001
    outer loop
      vertex -1.470711e+001  4.039570e+001  3.689248e+001
      vertex -1.470711e+001  3.377246e+001  4.303822e+001
      vertex -1.400000e+001  4.061197e+001  3.708999e+001
    endloop
  endfacet
  facet normal -3.815671e-001  6.287268e-001  6.775760e-001
    outer loop
      vertex -1.400000e+001  4.061197e+001  3.708999e+001
      vertex -1.470711e+001  3.377246e+001  4.303822e+001
      vertex -1.400000e+001  3.395327e+001  4.326865e+001
    endloop
  endfacet
  facet normal -9.234155e-001  3.038045e-001  2.345351e-001
    outer loop
      vertex -1.500000e+001  4.532357e+001  2.935599e+001
      vertex -1.500000e+001  3.987357e+001  3.641563e+001
      vertex -1.470711e+001  4.591706e+001  2.974040e+001
    endloop
  endfacet
  facet normal -9.234153e-001  3.038048e-001  2.345353e-001
    outer loop
      vertex -1.470711e+001  4.591706e+001  2.974040e+001
      vertex -1.500000e+001  3.987357e+001  3.641563e+001
      vertex -1.470711e+001  4.039570e+001  3.689248e+001
    endloop
  endfacet
  facet normal -3.815652e-001  7.316776e-001  5.648503e-001
    outer loop
      vertex -1.470711e+001  4.591706e+001  2.974040e+001
      vertex -1.470711e+001  4.039570e+001  3.689248e+001
      vertex -1.400000e+001  4.616289e+001  2.989962e+001
    endloop
  endfacet
  facet normal -3.815661e-001  7.316773e-001  5.648500e-001
    outer loop
      vertex -1.400000e+001  4.616289e+001  2.989962e+001
      vertex -1.470711e+001  4.039570e+001  3.689248e+001
      vertex -1.400000e+001  4.061197e+001  3.708999e+001
    endloop
  endfacet
  facet normal -9.234155e-001  3.382642e-001  1.813318e-001
    outer loop
      vertex -1.500000e+001  4.953725e+001  2.149560e+001
      vertex -1.500000e+001  4.532357e+001  2.935599e+001
      vertex -1.470711e+001  5.018592e+001  2.177708e+001
    endloop
  endfacet
  facet normal -9.234155e-001  3.382641e-001  1.813316e-001
    outer loop
      vertex -1.470711e+001  5.018592e+001  2.177708e+001
      vertex -1.500000e+001  4.532357e+001  2.935599e+001
      vertex -1.470711e+001  4.591706e+001  2.974040e+001
    endloop
  endfacet
  facet normal -3.815637e-001  8.146704e-001  4.367166e-001
    outer loop
      vertex -1.470711e+001  5.018592e+001  2.177708e+001
      vertex -1.470711e+001  4.591706e+001  2.974040e+001
      vertex -1.400000e+001  5.045461e+001  2.189367e+001
    endloop
  endfacet
  facet normal -3.815650e-001  8.146700e-001  4.367162e-001
    outer loop
      vertex -1.400000e+001  5.045461e+001  2.189367e+001
      vertex -1.470711e+001  4.591706e+001  2.974040e+001
      vertex -1.400000e+001  4.616289e+001  2.989962e+001
    endloop
  endfacet
  facet normal -9.234156e-001  3.634965e-001  1.231819e-001
    outer loop
      vertex -1.500000e+001  5.239968e+001  1.304887e+001
      vertex -1.500000e+001  4.953725e+001  2.149560e+001
      vertex -1.470711e+001  5.308584e+001  1.321974e+001
    endloop
  endfacet
  facet normal -9.234155e-001  3.634969e-001  1.231821e-001
    outer loop
      vertex -1.470711e+001  5.308584e+001  1.321974e+001
      vertex -1.500000e+001  4.953725e+001  2.149560e+001
      vertex -1.470711e+001  5.018592e+001  2.177708e+001
    endloop
  endfacet
  facet normal -3.815678e-001  8.754389e-001  2.966694e-001
    outer loop
      vertex -1.470711e+001  5.308584e+001  1.321974e+001
      vertex -1.470711e+001  5.018592e+001  2.177708e+001
      vertex -1.400000e+001  5.337005e+001  1.329051e+001
    endloop
  endfacet
  facet normal -3.815635e-001  8.754405e-001  2.966703e-001
    outer loop
      vertex -1.400000e+001  5.337005e+001  1.329051e+001
      vertex -1.470711e+001  5.018592e+001  2.177708e+001
      vertex -1.400000e+001  5.045461e+001  2.189367e+001
    endloop
  endfacet
  facet normal -9.234155e-001  3.788145e-001  6.167246e-002
    outer loop
      vertex -1.500000e+001  5.383279e+001  4.246192e+000
      vertex -1.500000e+001  5.239968e+001  1.304887e+001
      vertex -1.470711e+001  5.453771e+001  4.301794e+000
    endloop
  endfacet
  facet normal -9.234158e-001  3.788139e-001  6.167230e-002
    outer loop
      vertex -1.470711e+001  5.453771e+001  4.301794e+000
      vertex -1.500000e+001  5.239968e+001  1.304887e+001
      vertex -1.470711e+001  5.308584e+001  1.321974e+001
    endloop
  endfacet
  facet normal -3.815694e-001  9.123286e-001  1.485305e-001
    outer loop
      vertex -1.470711e+001  5.453771e+001  4.301794e+000
      vertex -1.470711e+001  5.308584e+001  1.321974e+001
      vertex -1.400000e+001  5.482970e+001  4.324825e+000
    endloop
  endfacet
  facet normal -3.815679e-001  9.123292e-001  1.485307e-001
    outer loop
      vertex -1.400000e+001  5.482970e+001  4.324825e+000
      vertex -1.470711e+001  5.308584e+001  1.321974e+001
      vertex -1.400000e+001  5.337005e+001  1.329051e+001
    endloop
  endfacet
  facet normal -9.234156e-001  3.837986e-001 -1.519480e-003
    outer loop
      vertex -1.500000e+001  5.379749e+001 -4.672308e+000
      vertex -1.500000e+001  5.383279e+001  4.246192e+000
      vertex -1.470711e+001  5.450194e+001 -4.733490e+000
    endloop
  endfacet
  facet normal -9.234154e-001  3.837990e-001 -1.519448e-003
    outer loop
      vertex -1.470711e+001  5.450194e+001 -4.733490e+000
      vertex -1.500000e+001  5.383279e+001  4.246192e+000
      vertex -1.470711e+001  5.453771e+001  4.301794e+000
    endloop
  endfacet
  facet normal -3.815660e-001  9.243345e-001 -3.659412e-003
    outer loop
      vertex -1.470711e+001  5.450194e+001 -4.733490e+000
      vertex -1.470711e+001  5.453771e+001  4.301794e+000
      vertex -1.400000e+001  5.479374e+001 -4.758832e+000
    endloop
  endfacet
  facet normal -3.815693e-001  9.243330e-001 -3.659716e-003
    outer loop
      vertex -1.400000e+001  5.479374e+001 -4.758832e+000
      vertex -1.470711e+001  5.453771e+001  4.301794e+000
      vertex -1.400000e+001  5.482970e+001  4.324825e+000
    endloop
  endfacet
  facet normal -9.234152e-001  3.783149e-001 -6.467000e-002
    outer loop
      vertex -1.500000e+001  5.229472e+001 -1.346336e+001
      vertex -1.500000e+001  5.379749e+001 -4.672308e+000
      vertex -1.470711e+001  5.297950e+001 -1.363966e+001
    endloop
  endfacet
  facet normal -9.234155e-001  3.783140e-001 -6.466992e-002
    outer loop
      vertex -1.470711e+001  5.297950e+001 -1.363966e+001
      vertex -1.500000e+001  5.379749e+001 -4.672308e+000
      vertex -1.470711e+001  5.450194e+001 -4.733490e+000
    endloop
  endfacet
  facet normal -3.815648e-001  9.111258e-001 -1.557501e-001
    outer loop
      vertex -1.470711e+001  5.297950e+001 -1.363966e+001
      vertex -1.470711e+001  5.450194e+001 -4.733490e+000
      vertex -1.400000e+001  5.326314e+001 -1.371268e+001
    endloop
  endfacet
  facet normal -3.815659e-001  9.111254e-001 -1.557501e-001
    outer loop
      vertex -1.400000e+001  5.326314e+001 -1.371268e+001
      vertex -1.470711e+001  5.450194e+001 -4.733490e+000
      vertex -1.400000e+001  5.479374e+001 -4.758832e+000
    endloop
  endfacet
  facet normal -9.234152e-001  3.625109e-001 -1.260567e-001
    outer loop
      vertex -1.500000e+001  4.936549e+001 -2.188717e+001
      vertex -1.500000e+001  5.229472e+001 -1.346336e+001
      vertex -1.470711e+001  5.001191e+001 -2.217377e+001
    endloop
  endfacet
  facet normal -9.234152e-001  3.625108e-001 -1.260567e-001
    outer loop
      vertex -1.470711e+001  5.001191e+001 -2.217377e+001
      vertex -1.500000e+001  5.229472e+001 -1.346336e+001
      vertex -1.470711e+001  5.297950e+001 -1.363966e+001
    endloop
  endfacet
  facet normal -3.815688e-001  8.730620e-001 -3.035919e-001
    outer loop
      vertex -1.470711e+001  5.001191e+001 -2.217377e+001
      vertex -1.470711e+001  5.297950e+001 -1.363966e+001
      vertex -1.400000e+001  5.027967e+001 -2.229248e+001
    endloop
  endfacet
  facet normal -3.815649e-001  8.730636e-001 -3.035921e-001
    outer loop
      vertex -1.400000e+001  5.027967e+001 -2.229248e+001
      vertex -1.470711e+001  5.297950e+001 -1.363966e+001
      vertex -1.400000e+001  5.326314e+001 -1.371268e+001
    endloop
  endfacet
  facet normal -9.234154e-001  3.368178e-001 -1.840045e-001
    outer loop
      vertex -1.500000e+001  4.508970e+001 -2.971395e+001
      vertex -1.500000e+001  4.936549e+001 -2.188717e+001
      vertex -1.470711e+001  4.568013e+001 -3.010304e+001
    endloop
  endfacet
  facet normal -9.234151e-001  3.368185e-001 -1.840048e-001
    outer loop
      vertex -1.470711e+001  4.568013e+001 -3.010304e+001
      vertex -1.500000e+001  4.936549e+001 -2.188717e+001
      vertex -1.470711e+001  5.001191e+001 -2.217377e+001
    endloop
  endfacet
  facet normal -3.815670e-001  8.111857e-001 -4.431527e-001
    outer loop
      vertex -1.470711e+001  4.568013e+001 -3.010304e+001
      vertex -1.470711e+001  5.001191e+001 -2.217377e+001
      vertex -1.400000e+001  4.592470e+001 -3.026420e+001
    endloop
  endfacet
  facet normal -3.815688e-001  8.111850e-001 -4.431525e-001
    outer loop
      vertex -1.400000e+001  4.592470e+001 -3.026420e+001
      vertex -1.470711e+001  5.001191e+001 -2.217377e+001
      vertex -1.400000e+001  5.027967e+001 -2.229248e+001
    endloop
  endfacet
  facet normal -9.234154e-001  3.019381e-001 -2.369332e-001
    outer loop
      vertex -1.500000e+001  3.958398e+001 -3.673021e+001
      vertex -1.500000e+001  4.508970e+001 -2.971395e+001
      vertex -1.470711e+001  4.010232e+001 -3.721117e+001
    endloop
  endfacet
  facet normal -9.234154e-001  3.019380e-001 -2.369332e-001
    outer loop
      vertex -1.470711e+001  4.010232e+001 -3.721117e+001
      vertex -1.500000e+001  4.508970e+001 -2.971395e+001
      vertex -1.470711e+001  4.568013e+001 -3.010304e+001
    endloop
  endfacet
  facet normal -3.815645e-001  7.271826e-001 -5.706260e-001
    outer loop
      vertex -1.470711e+001  4.010232e+001 -3.721117e+001
      vertex -1.470711e+001  4.568013e+001 -3.010304e+001
      vertex -1.400000e+001  4.031702e+001 -3.741040e+001
    endloop
  endfacet
  facet normal -3.815671e-001  7.271816e-001 -5.706255e-001
    outer loop
      vertex -1.400000e+001  4.031702e+001 -3.741040e+001
      vertex -1.470711e+001  4.568013e+001 -3.010304e+001
      vertex -1.400000e+001  4.592470e+001 -3.026420e+001
    endloop
  endfacet
  facet normal -9.234156e-001  2.588217e-001 -2.833990e-001
    outer loop
      vertex -1.500000e+001  3.299852e+001 -4.274456e+001
      vertex -1.500000e+001  3.958398e+001 -3.673021e+001
      vertex -1.470711e+001  3.343062e+001 -4.330429e+001
    endloop
  endfacet
  facet normal -9.234152e-001  2.588221e-001 -2.833994e-001
    outer loop
      vertex -1.470711e+001  3.343062e+001 -4.330429e+001
      vertex -1.500000e+001  3.958398e+001 -3.673021e+001
      vertex -1.470711e+001  4.010232e+001 -3.721117e+001
    endloop
  endfacet
  facet normal -3.815680e-001  6.233416e-001 -6.825330e-001
    outer loop
      vertex -1.470711e+001  3.343062e+001 -4.330429e+001
      vertex -1.470711e+001  4.010232e+001 -3.721117e+001
      vertex -1.400000e+001  3.360960e+001 -4.353613e+001
    endloop
  endfacet
  facet normal -3.815648e-001  6.233427e-001 -6.825337e-001
    outer loop
      vertex -1.400000e+001  3.360960e+001 -4.353613e+001
      vertex -1.470711e+001  4.010232e+001 -3.721117e+001
      vertex -1.400000e+001  4.031702e+001 -3.741040e+001
    endloop
  endfacet
  facet normal -9.234149e-001  2.086467e-001 -3.221355e-001
    outer loop
      vertex -1.500000e+001  2.551294e+001 -4.759296e+001
      vertex -1.500000e+001  3.299852e+001 -4.274456e+001
      vertex -1.470711e+001  2.584702e+001 -4.821617e+001
    endloop
  endfacet
  facet normal -9.234155e-001  2.086459e-001 -3.221344e-001
    outer loop
      vertex -1.470711e+001  2.584702e+001 -4.821617e+001
      vertex -1.500000e+001  3.299852e+001 -4.274456e+001
      vertex -1.470711e+001  3.343062e+001 -4.330429e+001
    endloop
  endfacet
  facet normal -3.815666e-001  5.024992e-001 -7.758231e-001
    outer loop
      vertex -1.470711e+001  2.584702e+001 -4.821617e+001
      vertex -1.470711e+001  3.343062e+001 -4.330429e+001
      vertex -1.400000e+001  2.598540e+001 -4.847431e+001
    endloop
  endfacet
  facet normal -3.815682e-001  5.024987e-001 -7.758227e-001
    outer loop
      vertex -1.400000e+001  2.598540e+001 -4.847431e+001
      vertex -1.470711e+001  3.343062e+001 -4.330429e+001
      vertex -1.400000e+001  3.360960e+001 -4.353613e+001
    endloop
  endfacet
  facet normal -9.234159e-001  1.527783e-001 -3.520823e-001
    outer loop
      vertex -1.500000e+001  1.733143e+001 -5.114315e+001
      vertex -1.500000e+001  2.551294e+001 -4.759296e+001
      vertex -1.470711e+001  1.755838e+001 -5.181285e+001
    endloop
  endfacet
  facet normal -9.234150e-001  1.527793e-001 -3.520842e-001
    outer loop
      vertex -1.470711e+001  1.755838e+001 -5.181285e+001
      vertex -1.500000e+001  2.551294e+001 -4.759296e+001
      vertex -1.470711e+001  2.584702e+001 -4.821617e+001
    endloop
  endfacet
  facet normal -3.815667e-001  3.679497e-001 -8.479504e-001
    outer loop
      vertex -1.470711e+001  1.755838e+001 -5.181285e+001
      vertex -1.470711e+001  2.584702e+001 -4.821617e+001
      vertex -1.400000e+001  1.765238e+001 -5.209024e+001
    endloop
  endfacet
  facet normal -3.815663e-001  3.679498e-001 -8.479505e-001
    outer loop
      vertex -1.400000e+001  1.765238e+001 -5.209024e+001
      vertex -1.470711e+001  2.584702e+001 -4.821617e+001
      vertex -1.400000e+001  2.598540e+001 -4.847431e+001
    endloop
  endfacet
  facet normal -9.234152e-001  9.274428e-002 -3.724281e-001
    outer loop
      vertex -1.500000e+001  8.677166e+000 -5.329828e+001
      vertex -1.500000e+001  1.733143e+001 -5.114315e+001
      vertex -1.470711e+001  8.790790e+000 -5.399620e+001
    endloop
  endfacet
  facet normal -9.234158e-001  9.274378e-002 -3.724267e-001
    outer loop
      vertex -1.470711e+001  8.790790e+000 -5.399620e+001
      vertex -1.500000e+001  1.733143e+001 -5.114315e+001
      vertex -1.470711e+001  1.755838e+001 -5.181285e+001
    endloop
  endfacet
  facet normal -3.815649e-001  2.233632e-001 -8.969488e-001
    outer loop
      vertex -1.470711e+001  8.790790e+000 -5.399620e+001
      vertex -1.470711e+001  1.755838e+001 -5.181285e+001
      vertex -1.400000e+001  8.837853e+000 -5.428529e+001
    endloop
  endfacet
  facet normal -3.815666e-001  2.233629e-001 -8.969482e-001
    outer loop
      vertex -1.400000e+001  8.837853e+000 -5.428529e+001
      vertex -1.470711e+001  1.755838e+001 -5.181285e+001
      vertex -1.400000e+001  1.765238e+001 -5.209024e+001
    endloop
  endfacet
  facet normal -9.234150e-001  3.017958e-002 -3.826145e-001
    outer loop
      vertex -1.500000e+001 -2.137884e-001 -5.399958e+001
      vertex -1.500000e+001  8.677166e+000 -5.329828e+001
      vertex -1.470711e+001 -2.165879e-001 -5.470668e+001
    endloop
  endfacet
  facet normal -9.234152e-001  3.017948e-002 -3.826139e-001
    outer loop
      vertex -1.470711e+001 -2.165879e-001 -5.470668e+001
      vertex -1.500000e+001  8.677166e+000 -5.329828e+001
      vertex -1.470711e+001  8.790790e+000 -5.399620e+001
    endloop
  endfacet
  facet normal -3.815688e-001  7.268356e-002 -9.214784e-001
    outer loop
      vertex -1.470711e+001 -2.165879e-001 -5.470668e+001
      vertex -1.470711e+001  8.790790e+000 -5.399620e+001
      vertex -1.400000e+001 -2.177474e-001 -5.499957e+001
    endloop
  endfacet
  facet normal -3.815650e-001  7.268401e-002 -9.214799e-001
    outer loop
      vertex -1.400000e+001 -2.177474e-001 -5.499957e+001
      vertex -1.470711e+001  8.790790e+000 -5.399620e+001
      vertex -1.400000e+001  8.837853e+000 -5.428529e+001
    endloop
  endfacet
  facet normal -9.234150e-001 -3.320822e-002 -3.823638e-001
    outer loop
      vertex -1.500000e+001 -9.098911e+000 -5.322791e+001
      vertex -1.500000e+001 -2.137884e-001 -5.399958e+001
      vertex -1.470711e+001 -9.218057e+000 -5.392490e+001
    endloop
  endfacet
  facet normal -9.234151e-001 -3.320822e-002 -3.823635e-001
    outer loop
      vertex -1.470711e+001 -9.218057e+000 -5.392490e+001
      vertex -1.500000e+001 -2.137884e-001 -5.399958e+001
      vertex -1.470711e+001 -2.165879e-001 -5.470668e+001
    endloop
  endfacet
  facet normal -3.815697e-001 -7.997775e-002 -9.208735e-001
    outer loop
      vertex -1.470711e+001 -9.218057e+000 -5.392490e+001
      vertex -1.470711e+001 -2.165879e-001 -5.470668e+001
      vertex -1.400000e+001 -9.267409e+000 -5.421361e+001
    endloop
  endfacet
  facet normal -3.815687e-001 -7.997770e-002 -9.208739e-001
    outer loop
      vertex -1.400000e+001 -9.267409e+000 -5.421361e+001
      vertex -1.470711e+001 -2.165879e-001 -5.470668e+001
      vertex -1.400000e+001 -2.177474e-001 -5.499957e+001
    endloop
  endfacet
  facet normal -9.234149e-001 -9.569039e-002 -3.716830e-001
    outer loop
      vertex -1.500000e+001 -1.773584e+001 -5.100431e+001
      vertex -1.500000e+001 -9.098911e+000 -5.322791e+001
      vertex -1.470711e+001 -1.796808e+001 -5.167219e+001
    endloop
  endfacet
  facet normal -9.234149e-001 -9.569038e-002 -3.716830e-001
    outer loop
      vertex -1.470711e+001 -1.796808e+001 -5.167219e+001
      vertex -1.500000e+001 -9.098911e+000 -5.322791e+001
      vertex -1.470711e+001 -9.218057e+000 -5.392490e+001
    endloop
  endfacet
  facet normal -3.815677e-001 -2.304581e-001 -8.951509e-001
    outer loop
      vertex -1.470711e+001 -1.796808e+001 -5.167219e+001
      vertex -1.470711e+001 -9.218057e+000 -5.392490e+001
      vertex -1.400000e+001 -1.806428e+001 -5.194884e+001
    endloop
  endfacet
  facet normal -3.815697e-001 -2.304580e-001 -8.951501e-001
    outer loop
      vertex -1.400000e+001 -1.806428e+001 -5.194884e+001
      vertex -1.470711e+001 -9.218057e+000 -5.392490e+001
      vertex -1.400000e+001 -9.267409e+000 -5.421361e+001
    endloop
  endfacet
  facet normal -9.234152e-001  1.555620e-001  3.508629e-001
    outer loop
      vertex -1.500000e+001  2.588898e+001  4.738946e+001
      vertex -1.500000e+001  1.773584e+001  5.100431e+001
      vertex -1.470711e+001  2.622798e+001  4.801000e+001
    endloop
  endfacet
  facet normal -9.234150e-001  1.555622e-001  3.508634e-001
    outer loop
      vertex -1.470711e+001  2.622798e+001  4.801000e+001
      vertex -1.500000e+001  1.773584e+001  5.100431e+001
      vertex -1.470711e+001  1.796808e+001  5.167219e+001
    endloop
  endfacet
  facet normal -3.815674e-001  3.746519e-001  8.450102e-001
    outer loop
      vertex -1.470711e+001  2.622798e+001  4.801000e+001
      vertex -1.470711e+001  1.796808e+001  5.167219e+001
      vertex -1.400000e+001  2.636840e+001  4.826704e+001
    endloop
  endfacet
  facet normal -3.815674e-001  3.746519e-001  8.450102e-001
    outer loop
      vertex -1.400000e+001  2.636840e+001  4.826704e+001
      vertex -1.470711e+001  1.796808e+001  5.167219e+001
      vertex -1.400000e+001  1.806428e+001  5.194884e+001
    endloop
  endfacet
  facet normal -9.234152e-001 -2.111905e-001 -3.204731e-001
    outer loop
      vertex -1.500000e+001 -3.333594e+001 -4.248194e+001
      vertex -1.500000e+001 -2.588898e+001 -4.738946e+001
      vertex -1.470711e+001 -3.377246e+001 -4.303822e+001
    endloop
  endfacet
  facet normal -9.234152e-001 -2.111905e-001 -3.204730e-001
    outer loop
      vertex -1.470711e+001 -3.377246e+001 -4.303822e+001
      vertex -1.500000e+001 -2.588898e+001 -4.738946e+001
      vertex -1.470711e+001 -2.622798e+001 -4.801000e+001
    endloop
  endfacet
  facet normal -3.815679e-001 -5.086262e-001 -7.718196e-001
    outer loop
      vertex -1.470711e+001 -3.377246e+001 -4.303822e+001
      vertex -1.470711e+001 -2.622798e+001 -4.801000e+001
      vertex -1.400000e+001 -3.395327e+001 -4.326865e+001
    endloop
  endfacet
  facet normal -3.815674e-001 -5.086262e-001 -7.718198e-001
    outer loop
      vertex -1.400000e+001 -3.395327e+001 -4.326865e+001
      vertex -1.470711e+001 -2.622798e+001 -4.801000e+001
      vertex -1.400000e+001 -2.636840e+001 -4.826704e+001
    endloop
  endfacet
  facet normal -9.234152e-001 -2.610582e-001 -2.813413e-001
    outer loop
      vertex -1.500000e+001 -3.987357e+001 -3.641563e+001
      vertex -1.500000e+001 -3.333594e+001 -4.248194e+001
      vertex -1.470711e+001 -4.039570e+001 -3.689248e+001
    endloop
  endfacet
  facet normal -9.234152e-001 -2.610583e-001 -2.813414e-001
    outer loop
      vertex -1.470711e+001 -4.039570e+001 -3.689248e+001
      vertex -1.500000e+001 -3.333594e+001 -4.248194e+001
      vertex -1.470711e+001 -3.377246e+001 -4.303822e+001
    endloop
  endfacet
  facet normal -3.815665e-001 -6.287270e-001 -6.775762e-001
    outer loop
      vertex -1.470711e+001 -4.039570e+001 -3.689248e+001
      vertex -1.470711e+001 -3.377246e+001 -4.303822e+001
      vertex -1.400000e+001 -4.061197e+001 -3.708999e+001
    endloop
  endfacet
  facet normal -3.815671e-001 -6.287268e-001 -6.775760e-001
    outer loop
      vertex -1.400000e+001 -4.061197e+001 -3.708999e+001
      vertex -1.470711e+001 -3.377246e+001 -4.303822e+001
      vertex -1.400000e+001 -3.395327e+001 -4.326865e+001
    endloop
  endfacet
  facet normal -9.234155e-001 -3.038045e-001 -2.345351e-001
    outer loop
      vertex -1.500000e+001 -4.532357e+001 -2.935599e+001
      vertex -1.500000e+001 -3.987357e+001 -3.641563e+001
      vertex -1.470711e+001 -4.591706e+001 -2.974040e+001
    endloop
  endfacet
  facet normal -9.234153e-001 -3.038048e-001 -2.345353e-001
    outer loop
      vertex -1.470711e+001 -4.591706e+001 -2.974040e+001
      vertex -1.500000e+001 -3.987357e+001 -3.641563e+001
      vertex -1.470711e+001 -4.039570e+001 -3.689248e+001
    endloop
  endfacet
  facet normal -3.815652e-001 -7.316776e-001 -5.648503e-001
    outer loop
      vertex -1.470711e+001 -4.591706e+001 -2.974040e+001
      vertex -1.470711e+001 -4.039570e+001 -3.689248e+001
      vertex -1.400000e+001 -4.616289e+001 -2.989962e+001
    endloop
  endfacet
  facet normal -3.815661e-001 -7.316773e-001 -5.648500e-001
    outer loop
      vertex -1.400000e+001 -4.616289e+001 -2.989962e+001
      vertex -1.470711e+001 -4.039570e+001 -3.689248e+001
      vertex -1.400000e+001 -4.061197e+001 -3.708999e+001
    endloop
  endfacet
  facet normal -9.234155e-001 -3.382642e-001 -1.813318e-001
    outer loop
      vertex -1.500000e+001 -4.953725e+001 -2.149560e+001
      vertex -1.500000e+001 -4.532357e+001 -2.935599e+001
      vertex -1.470711e+001 -5.018592e+001 -2.177708e+001
    endloop
  endfacet
  facet normal -9.234155e-001 -3.382641e-001 -1.813316e-001
    outer loop
      vertex -1.470711e+001 -5.018592e+001 -2.177708e+001
      vertex -1.500000e+001 -4.532357e+001 -2.935599e+001
      vertex -1.470711e+001 -4.591706e+001 -2.974040e+001
    endloop
  endfacet
  facet normal -3.815637e-001 -8.146704e-001 -4.367166e-001
    outer loop
      vertex -1.470711e+001 -5.018592e+001 -2.177708e+001
      vertex -1.470711e+001 -4.591706e+001 -2.974040e+001
      vertex -1.400000e+001 -5.045461e+001 -2.189367e+001
    endloop
  endfacet
  facet normal -3.815650e-001 -8.146700e-001 -4.367162e-001
    outer loop
      vertex -1.400000e+001 -5.045461e+001 -2.189367e+001
      vertex -1.470711e+001 -4.591706e+001 -2.974040e+001
      vertex -1.400000e+001 -4.616289e+001 -2.989962e+001
    endloop
  endfacet
  facet normal -9.234156e-001 -3.634965e-001 -1.231819e-001
    outer loop
      vertex -1.500000e+001 -5.239968e+001 -1.304887e+001
      vertex -1.500000e+001 -4.953725e+001 -2.149560e+001
      vertex -1.470711e+001 -5.308584e+001 -1.321974e+001
    endloop
  endfacet
  facet normal -9.234155e-001 -3.634969e-001 -1.231821e-001
    outer loop
      vertex -1.470711e+001 -5.308584e+001 -1.321974e+001
      vertex -1.500000e+001 -4.953725e+001 -2.149560e+001
      vertex -1.470711e+001 -5.018592e+001 -2.177708e+001
    endloop
  endfacet
  facet normal -3.815678e-001 -8.754389e-001 -2.966694e-001
    outer loop
      vertex -1.470711e+001 -5.308584e+001 -1.321974e+001
      vertex -1.470711e+001 -5.018592e+001 -2.177708e+001
      vertex -1.400000e+001 -5.337005e+001 -1.329051e+001
    endloop
  endfacet
  facet normal -3.815635e-001 -8.754405e-001 -2.966703e-001
    outer loop
      vertex -1.400000e+001 -5.337005e+001 -1.329051e+001
      vertex -1.470711e+001 -5.018592e+001 -2.177708e+001
      vertex -1.400000e+001 -5.045461e+001 -2.189367e+001
    endloop
  endfacet
  facet normal -9.234155e-001 -3.788145e-001 -6.167246e-002
    outer loop
      vertex -1.500000e+001 -5.383279e+001 -4.246192e+000
      vertex -1.500000e+001 -5.239968e+001 -1.304887e+001
      vertex -1.470711e+001 -5.453771e+001 -4.301794e+000
    endloop
  endfacet
  facet normal -9.234158e-001 -3.788139e-001 -6.167230e-002
    outer loop
      vertex -1.470711e+001 -5.453771e+001 -4.301794e+000
      vertex -1.500000e+001 -5.239968e+001 -1.304887e+001
      vertex -1.470711e+001 -5.308584e+001 -1.321974e+001
    endloop
  endfacet
  facet normal -3.815694e-001 -9.123286e-001 -1.485305e-001
    outer loop
      vertex -1.470711e+001 -5.453771e+001 -4.301794e+000
      vertex -1.470711e+001 -5.308584e+001 -1.321974e+001
      vertex -1.400000e+001 -5.482970e+001 -4.324825e+000
    endloop
  endfacet
  facet normal -3.815679e-001 -9.123292e-001 -1.485307e-001
    outer loop
      vertex -1.400000e+001 -5.482970e+001 -4.324825e+000
      vertex -1.470711e+001 -5.308584e+001 -1.321974e+001
      vertex -1.400000e+001 -5.337005e+001 -1.329051e+001
    endloop
  endfacet
  facet normal -9.234156e-001 -3.837986e-001  1.519480e-003
    outer loop
      vertex -1.500000e+001 -5.379749e+001  4.672308e+000
      vertex -1.500000e+001 -5.383279e+001 -4.246192e+000
      vertex -1.470711e+001 -5.450194e+001  4.733490e+000
    endloop
  endfacet
  facet normal -9.234154e-001 -3.837990e-001  1.519448e-003
    outer loop
      vertex -1.470711e+001 -5.450194e+001  4.733490e+000
      vertex -1.500000e+001 -5.383279e+001 -4.246192e+000
      vertex -1.470711e+001 -5.453771e+001 -4.301794e+000
    endloop
  endfacet
  facet normal -3.815660e-001 -9.243345e-001  3.659412e-003
    outer loop
      vertex -1.470711e+001 -5.450194e+001  4.733490e+000
      vertex -1.470711e+001 -5.453771e+001 -4.301794e+000
      vertex -1.400000e+001 -5.479374e+001  4.758832e+000
    endloop
  endfacet
  facet normal -3.815693e-001 -9.243330e-001  3.659716e-003
    outer loop
      vertex -1.400000e+001 -5.479374e+001  4.758832e+000
      vertex -1.470711e+001 -5.453771e+001 -4.301794e+000
      vertex -1.400000e+001 -5.482970e+001 -4.324825e+000
    endloop
  endfacet
  facet normal -9.234152e-001 -3.783149e-001  6.467000e-002
    outer loop
      vertex -1.500000e+001 -5.229472e+001  1.346336e+001
      vertex -1.500000e+001 -5.379749e+001  4.672308e+000
      vertex -1.470711e+001 -5.297950e+001  1.363966e+001
    endloop
  endfacet
  facet normal -9.234155e-001 -3.783140e-001  6.466992e-002
    outer loop
      vertex -1.470711e+001 -5.297950e+001  1.363966e+001
      vertex -1.500000e+001 -5.379749e+001  4.672308e+000
      vertex -1.470711e+001 -5.450194e+001  4.733490e+000
    endloop
  endfacet
  facet normal -3.815648e-001 -9.111258e-001  1.557501e-001
    outer loop
      vertex -1.470711e+001 -5.297950e+001  1.363966e+001
      vertex -1.470711e+001 -5.450194e+001  4.733490e+000
      vertex -1.400000e+001 -5.326314e+001  1.371268e+001
    endloop
  endfacet
  facet normal -3.815659e-001 -9.111254e-001  1.557501e-001
    outer loop
      vertex -1.400000e+001 -5.326314e+001  1.371268e+001
      vertex -1.470711e+001 -5.450194e+001  4.733490e+000
      vertex -1.400000e+001 -5.479374e+001  4.758832e+000
    endloop
  endfacet
  facet normal -9.234152e-001 -3.625109e-001  1.260567e-001
    outer loop
      vertex -1.500000e+001 -4.936549e+001  2.188717e+001
      vertex -1.500000e+001 -5.229472e+001  1.346336e+001
      vertex -1.470711e+001 -5.001191e+001  2.217377e+001
    endloop
  endfacet
  facet normal -9.234152e-001 -3.625108e-001  1.260567e-001
    outer loop
      vertex -1.470711e+001 -5.001191e+001  2.217377e+001
      vertex -1.500000e+001 -5.229472e+001  1.346336e+001
      vertex -1.470711e+001 -5.297950e+001  1.363966e+001
    endloop
  endfacet
  facet normal -3.815688e-001 -8.730620e-001  3.035919e-001
    outer loop
      vertex -1.470711e+001 -5.001191e+001  2.217377e+001
      vertex -1.470711e+001 -5.297950e+001  1.363966e+001
      vertex -1.400000e+001 -5.027967e+001  2.229248e+001
    endloop
  endfacet
  facet normal -3.815649e-001 -8.730636e-001  3.035921e-001
    outer loop
      vertex -1.400000e+001 -5.027967e+001  2.229248e+001
      vertex -1.470711e+001 -5.297950e+001  1.363966e+001
      vertex -1.400000e+001 -5.326314e+001  1.371268e+001
    endloop
  endfacet
  facet normal -9.234154e-001 -3.368178e-001  1.840045e-001
    outer loop
      vertex -1.500000e+001 -4.508970e+001  2.971395e+001
      vertex -1.500000e+001 -4.936549e+001  2.188717e+001
      vertex -1.470711e+001 -4.568013e+001  3.010304e+001
    endloop
  endfacet
  facet normal -9.234151e-001 -3.368185e-001  1.840048e-001
    outer loop
      vertex -1.470711e+001 -4.568013e+001  3.010304e+001
      vertex -1.500000e+001 -4.936549e+001  2.188717e+001
      vertex -1.470711e+001 -5.001191e+001  2.217377e+001
    endloop
  endfacet
  facet normal -3.815670e-001 -8.111857e-001  4.431527e-001
    outer loop
      vertex -1.470711e+001 -4.568013e+001  3.010304e+001
      vertex -1.470711e+001 -5.001191e+001  2.217377e+001
      vertex -1.400000e+001 -4.592470e+001  3.026420e+001
    endloop
  endfacet
  facet normal -3.815688e-001 -8.111850e-001  4.431525e-001
    outer loop
      vertex -1.400000e+001 -4.592470e+001  3.026420e+001
      vertex -1.470711e+001 -5.001191e+001  2.217377e+001
      vertex -1.400000e+001 -5.027967e+001  2.229248e+001
    endloop
  endfacet
  facet normal -9.234154e-001 -3.019381e-001  2.369332e-001
    outer loop
      vertex -1.500000e+001 -3.958398e+001  3.673021e+001
      vertex -1.500000e+001 -4.508970e+001  2.971395e+001
      vertex -1.470711e+001 -4.010232e+001  3.721117e+001
    endloop
  endfacet
  facet normal -9.234154e-001 -3.019380e-001  2.369332e-001
    outer loop
      vertex -1.470711e+001 -4.010232e+001  3.721117e+001
      vertex -1.500000e+001 -4.508970e+001  2.971395e+001
      vertex -1.470711e+001 -4.568013e+001  3.010304e+001
    endloop
  endfacet
  facet normal -3.815645e-001 -7.271826e-001  5.706260e-001
    outer loop
      vertex -1.470711e+001 -4.010232e+001  3.721117e+001
      vertex -1.470711e+001 -4.568013e+001  3.010304e+001
      vertex -1.400000e+001 -4.031702e+001  3.741040e+001
    endloop
  endfacet
  facet normal -3.815671e-001 -7.271816e-001  5.706255e-001
    outer loop
      vertex -1.400000e+001 -4.031702e+001  3.741040e+001
      vertex -1.470711e+001 -4.568013e+001  3.010304e+001
      vertex -1.400000e+001 -4.592470e+001  3.026420e+001
    endloop
  endfacet
  facet normal -9.234156e-001 -2.588217e-001  2.833990e-001
    outer loop
      vertex -1.500000e+001 -3.299852e+001  4.274456e+001
      vertex -1.500000e+001 -3.958398e+001  3.673021e+001
      vertex -1.470711e+001 -3.343062e+001  4.330429e+001
    endloop
  endfacet
  facet normal -9.234152e-001 -2.588221e-001  2.833994e-001
    outer loop
      vertex -1.470711e+001 -3.343062e+001  4.330429e+001
      vertex -1.500000e+001 -3.958398e+001  3.673021e+001
      vertex -1.470711e+001 -4.010232e+001  3.721117e+001
    endloop
  endfacet
  facet normal -3.815680e-001 -6.233416e-001  6.825330e-001
    outer loop
      vertex -1.470711e+001 -3.343062e+001  4.330429e+001
      vertex -1.470711e+001 -4.010232e+001  3.721117e+001
      vertex -1.400000e+001 -3.360960e+001  4.353613e+001
    endloop
  endfacet
  facet normal -3.815648e-001 -6.233427e-001  6.825337e-001
    outer loop
      vertex -1.400000e+001 -3.360960e+001  4.353613e+001
      vertex -1.470711e+001 -4.010232e+001  3.721117e+001
      vertex -1.400000e+001 -4.031702e+001  3.741040e+001
    endloop
  endfacet
  facet normal -9.234149e-001 -2.086467e-001  3.221355e-001
    outer loop
      vertex -1.500000e+001 -2.551294e+001  4.759296e+001
      vertex -1.500000e+001 -3.299852e+001  4.274456e+001
      vertex -1.470711e+001 -2.584702e+001  4.821617e+001
    endloop
  endfacet
  facet normal -9.234155e-001 -2.086459e-001  3.221344e-001
    outer loop
      vertex -1.470711e+001 -2.584702e+001  4.821617e+001
      vertex -1.500000e+001 -3.299852e+001  4.274456e+001
      vertex -1.470711e+001 -3.343062e+001  4.330429e+001
    endloop
  endfacet
  facet normal -3.815666e-001 -5.024992e-001  7.758231e-001
    outer loop
      vertex -1.470711e+001 -2.584702e+001  4.821617e+001
      vertex -1.470711e+001 -3.343062e+001  4.330429e+001
      vertex -1.400000e+001 -2.598540e+001  4.847431e+001
    endloop
  endfacet
  facet normal -3.815682e-001 -5.024987e-001  7.758227e-001
    outer loop
      vertex -1.400000e+001 -2.598540e+001  4.847431e+001
      vertex -1.470711e+001 -3.343062e+001  4.330429e+001
      vertex -1.400000e+001 -3.360960e+001  4.353613e+001
    endloop
  endfacet
  facet normal -9.234159e-001 -1.527783e-001  3.520823e-001
    outer loop
      vertex -1.500000e+001 -1.733143e+001  5.114315e+001
      vertex -1.500000e+001 -2.551294e+001  4.759296e+001
      vertex -1.470711e+001 -1.755838e+001  5.181285e+001
    endloop
  endfacet
  facet normal -9.234150e-001 -1.527793e-001  3.520842e-001
    outer loop
      vertex -1.470711e+001 -1.755838e+001  5.181285e+001
      vertex -1.500000e+001 -2.551294e+001  4.759296e+001
      vertex -1.470711e+001 -2.584702e+001  4.821617e+001
    endloop
  endfacet
  facet normal -3.815667e-001 -3.679497e-001  8.479504e-001
    outer loop
      vertex -1.470711e+001 -1.755838e+001  5.181285e+001
      vertex -1.470711e+001 -2.584702e+001  4.821617e+001
      vertex -1.400000e+001 -1.765238e+001  5.209024e+001
    endloop
  endfacet
  facet normal -3.815663e-001 -3.679498e-001  8.479505e-001
    outer loop
      vertex -1.400000e+001 -1.765238e+001  5.209024e+001
      vertex -1.470711e+001 -2.584702e+001  4.821617e+001
      vertex -1.400000e+001 -2.598540e+001  4.847431e+001
    endloop
  endfacet
  facet normal -9.234152e-001 -9.274428e-002  3.724281e-001
    outer loop
      vertex -1.500000e+001 -8.677166e+000  5.329828e+001
      vertex -1.500000e+001 -1.733143e+001  5.114315e+001
      vertex -1.470711e+001 -8.790790e+000  5.399620e+001
    endloop
  endfacet
  facet normal -9.234158e-001 -9.274378e-002  3.724267e-001
    outer loop
      vertex -1.470711e+001 -8.790790e+000  5.399620e+001
      vertex -1.500000e+001 -1.733143e+001  5.114315e+001
      vertex -1.470711e+001 -1.755838e+001  5.181285e+001
    endloop
  endfacet
  facet normal -3.815649e-001 -2.233632e-001  8.969488e-001
    outer loop
      vertex -1.470711e+001 -8.790790e+000  5.399620e+001
      vertex -1.470711e+001 -1.755838e+001  5.181285e+001
      vertex -1.400000e+001 -8.837853e+000  5.428529e+001
    endloop
  endfacet
  facet normal -3.815666e-001 -2.233629e-001  8.969482e-001
    outer loop
      vertex -1.400000e+001 -8.837853e+000  5.428529e+001
      vertex -1.470711e+001 -1.755838e+001  5.181285e+001
      vertex -1.400000e+001 -1.765238e+001  5.209024e+001
    endloop
  endfacet
  facet normal -9.234150e-001 -3.017958e-002  3.826145e-001
    outer loop
      vertex -1.500000e+001  2.137884e-001  5.399958e+001
      vertex -1.500000e+001 -8.677166e+000  5.329828e+001
      vertex -1.470711e+001  2.165879e-001  5.470668e+001
    endloop
  endfacet
  facet normal -9.234152e-001 -3.017948e-002  3.826139e-001
    outer loop
      vertex -1.470711e+001  2.165879e-001  5.470668e+001
      vertex -1.500000e+001 -8.677166e+000  5.329828e+001
      vertex -1.470711e+001 -8.790790e+000  5.399620e+001
    endloop
  endfacet
  facet normal -3.815688e-001 -7.268356e-002  9.214784e-001
    outer loop
      vertex -1.470711e+001  2.165879e-001  5.470668e+001
      vertex -1.470711e+001 -8.790790e+000  5.399620e+001
      vertex -1.400000e+001  2.177474e-001  5.499957e+001
    endloop
  endfacet
  facet normal -3.815650e-001 -7.268401e-002  9.214799e-001
    outer loop
      vertex -1.400000e+001  2.177474e-001  5.499957e+001
      vertex -1.470711e+001 -8.790790e+000  5.399620e+001
      vertex -1.400000e+001 -8.837853e+000  5.428529e+001
    endloop
  endfacet
  facet normal -9.234150e-001  3.320822e-002  3.823638e-001
    outer loop
      vertex -1.500000e+001  9.098911e+000  5.322791e+001
      vertex -1.500000e+001  2.137884e-001  5.399958e+001
      vertex -1.470711e+001  9.218057e+000  5.392490e+001
    endloop
  endfacet
  facet normal -9.234151e-001  3.320822e-002  3.823635e-001
    outer loop
      vertex -1.470711e+001  9.218057e+000  5.392490e+001
      vertex -1.500000e+001  2.137884e-001  5.399958e+001
      vertex -1.470711e+001  2.165879e-001  5.470668e+001
    endloop
  endfacet
  facet normal -3.815697e-001  7.997775e-002  9.208735e-001
    outer loop
      vertex -1.470711e+001  9.218057e+000  5.392490e+001
      vertex -1.470711e+001  2.165879e-001  5.470668e+001
      vertex -1.400000e+001  9.267409e+000  5.421361e+001
    endloop
  endfacet
  facet normal -3.815687e-001  7.997770e-002  9.208739e-001
    outer loop
      vertex -1.400000e+001  9.267409e+000  5.421361e+001
      vertex -1.470711e+001  2.165879e-001  5.470668e+001
      vertex -1.400000e+001  2.177474e-001  5.499957e+001
    endloop
  endfacet
  facet normal -9.234149e-001  9.569039e-002  3.716830e-001
    outer loop
      vertex -1.500000e+001  1.773584e+001  5.100431e+001
      vertex -1.500000e+001  9.098911e+000  5.322791e+001
      vertex -1.470711e+001  1.796808e+001  5.167219e+001
    endloop
  endfacet
  facet normal -9.234149e-001  9.569038e-002  3.716830e-001
    outer loop
      vertex -1.470711e+001  1.796808e+001  5.167219e+001
      vertex -1.500000e+001  9.098911e+000  5.322791e+001
      vertex -1.470711e+001  9.218057e+000  5.392490e+001
    endloop
  endfacet
  facet normal -3.815677e-001  2.304581e-001  8.951509e-001
    outer loop
      vertex -1.470711e+001  1.796808e+001  5.167219e+001
      vertex -1.470711e+001  9.218057e+000  5.392490e+001
      vertex -1.400000e+001  1.806428e+001  5.194884e+001
    endloop
  endfacet
  facet normal -3.815697e-001  2.304580e-001  8.951501e-001
    outer loop
      vertex -1.400000e+001  1.806428e+001  5.194884e+001
      vertex -1.470711e+001  9.218057e+000  5.392490e+001
      vertex -1.400000e+001  9.267409e+000  5.421361e+001
    endloop
  endfacet
  facet normal -9.999999e-001  0.000000e+000  0.000000e+000
    outer loop
      vertex -1.500000e+001 -2.260592e+000 -5.049343e+001
      vertex -1.500000e+001  6.209056e+000 -5.016118e+001
      vertex -1.500000e+001 -2.137884e-001 -5.399958e+001
    endloop
  endfacet
  facet normal -1.000000e+000  0.000000e+000  0.000000e+000
    outer loop
      vertex -1.500000e+001 -2.260592e+000 -5.049343e+001
      vertex -1.500000e+001 -2.137884e-001 -5.399958e+001
      vertex -1.500000e+001 -9.098911e+000 -5.322791e+001
    endloop
  endfacet
  facet normal -1.000000e+000  0.000000e+000  0.000000e+000
    outer loop
      vertex -1.500000e+001 -2.260592e+000 -5.049343e+001
      vertex -1.500000e+001 -9.098911e+000 -5.322791e+001
      vertex -1.500000e+001 -1.773584e+001 -5.100431e+001
    endloop
  endfacet
  facet normal -1.000000e+000  0.000000e+000  0.000000e+000
    outer loop
      vertex -1.500000e+001 -2.260592e+000 -5.049343e+001
      vertex -1.500000e+001 -1.773584e+001 -5.100431e+001
      vertex -1.500000e+001 -9.867780e+000 -4.957140e+001
    endloop
  endfacet
  facet normal -1.000000e+000  0.000000e+000  0.000000e+000
    outer loop
      vertex -1.500000e+001  9.098911e+000  5.322791e+001
      vertex -1.500000e+001  1.773584e+001  5.100431e+001
      vertex -1.500000e+001  2.137884e-001  5.399958e+001
    endloop
  endfacet
  facet normal -9.999999e-001  0.000000e+000  0.000000e+000
    outer loop
      vertex -1.500000e+001  2.137884e-001  5.399958e+001
      vertex -1.500000e+001  1.773584e+001  5.100431e+001
      vertex -1.500000e+001  7.599884e+000  4.996937e+001
    endloop
  endfacet
  facet normal -1.000000e+000  0.000000e+000  0.000000e+000
    outer loop
      vertex -1.500000e+001  2.137884e-001  5.399958e+001
      vertex -1.500000e+001  7.599884e+000  4.996937e+001
      vertex -1.500000e+001 -8.677166e+000  5.329828e+001
    endloop
  endfacet
  facet normal -1.000000e+000  0.000000e+000  0.000000e+000
    outer loop
      vertex -1.500000e+001 -8.677166e+000  5.329828e+001
      vertex -1.500000e+001  7.599884e+000  4.996937e+001
      vertex -1.500000e+001 -1.192666e+000  5.052993e+001
    endloop
  endfacet
  facet normal -1.000000e+000  0.000000e+000  0.000000e+000
    outer loop
      vertex -1.500000e+001 -8.677166e+000  5.329828e+001
      vertex -1.500000e+001 -1.192666e+000  5.052993e+001
      vertex -1.500000e+001 -1.733143e+001  5.114315e+001
    endloop
  endfacet
  facet normal -9.999999e-001  0.000000e+000  0.000000e+000
    outer loop
      vertex -1.500000e+001 -1.733143e+001  5.114315e+001
      vertex -1.500000e+001 -1.192666e+000  5.052993e+001
      vertex -1.500000e+001 -9.948977e+000  4.955516e+001
    endloop
  endfacet
  facet normal -1.000000e+000  0.000000e+000  0.000000e+000
    outer loop
      vertex -1.500000e+001  8.677166e+000 -5.329828e+001
      vertex -1.500000e+001 -2.137884e-001 -5.399958e+001
      vertex -1.500000e+001  1.733143e+001 -5.114315e+001
    endloop
  endfacet
  facet normal -1.000000e+000  -0.000000e+000  0.000000e+000
    outer loop
      vertex -1.500000e+001  1.733143e+001 -5.114315e+001
      vertex -1.500000e+001 -2.137884e-001 -5.399958e+001
      vertex -1.500000e+001  6.209056e+000 -5.016118e+001
    endloop
  endfacet
  facet normal -1.000000e+000  0.000000e+000  0.000000e+000
    outer loop
      vertex -1.500000e+001  1.733143e+001 -5.114315e+001
      vertex -1.500000e+001  6.209056e+000 -5.016118e+001
      vertex -1.500000e+001  2.551294e+001 -4.759296e+001
    endloop
  endfacet
  facet normal -1.000000e+000  0.000000e+000  0.000000e+000
    outer loop
      vertex -1.500000e+001  2.551294e+001 -4.759296e+001
      vertex -1.500000e+001  6.209056e+000 -5.016118e+001
      vertex -1.500000e+001  1.450409e+001 -4.841826e+001
    endloop
  endfacet
  facet normal -9.999999e-001  0.000000e+000  0.000000e+000
    outer loop
      vertex -1.500000e+001  2.551294e+001 -4.759296e+001
      vertex -1.500000e+001  1.450409e+001 -4.841826e+001
      vertex -1.500000e+001  3.299852e+001 -4.274456e+001
    endloop
  endfacet
  facet normal -9.999999e-001  0.000000e+000  0.000000e+000
    outer loop
      vertex -1.500000e+001  3.299852e+001 -4.274456e+001
      vertex -1.500000e+001  1.450409e+001 -4.841826e+001
      vertex -1.500000e+001  2.239122e+001 -4.531368e+001
    endloop
  endfacet
  facet normal -1.000000e+000  0.000000e+000  0.000000e+000
    outer loop
      vertex -1.500000e+001  3.299852e+001 -4.274456e+001
      vertex -1.500000e+001  2.239122e+001 -4.531368e+001
      vertex -1.500000e+001  2.964865e+001 -4.093475e+001
    endloop
  endfacet
  facet normal -1.000000e+000  0.000000e+000  0.000000e+000
    outer loop
      vertex -1.500000e+001 -9.867780e+000 -4.957140e+001
      vertex -1.500000e+001 -1.773584e+001 -5.100431e+001
      vertex -1.500000e+001 -1.724816e+001 -4.750997e+001
    endloop
  endfacet
  facet normal -9.999999e-001  -0.000000e+000  0.000000e+000
    outer loop
      vertex -1.500000e+001 -1.724816e+001 -4.750997e+001
      vertex -1.500000e+001 -1.773584e+001 -5.100431e+001
      vertex -1.500000e+001 -2.588898e+001 -4.738946e+001
    endloop
  endfacet
  facet normal -1.000000e+000  0.000000e+000  0.000000e+000
    outer loop
      vertex -1.500000e+001 -1.724816e+001 -4.750997e+001
      vertex -1.500000e+001 -2.588898e+001 -4.738946e+001
      vertex -1.500000e+001 -2.423209e+001 -4.435654e+001
    endloop
  endfacet
  facet normal -1.000000e+000  -0.000000e+000  0.000000e+000
    outer loop
      vertex -1.500000e+001 -2.423209e+001 -4.435654e+001
      vertex -1.500000e+001 -2.588898e+001 -4.738946e+001
      vertex -1.500000e+001 -3.333594e+001 -4.248194e+001
    endloop
  endfacet
  facet normal -1.000000e+000  0.000000e+000  0.000000e+000
    outer loop
      vertex -1.500000e+001 -2.423209e+001 -4.435654e+001
      vertex -1.500000e+001 -3.333594e+001 -4.248194e+001
      vertex -1.500000e+001 -3.156638e+001 -3.947480e+001
    endloop
  endfacet
  facet normal -1.000000e+000  -0.000000e+000  0.000000e+000
    outer loop
      vertex -1.500000e+001 -3.156638e+001 -3.947480e+001
      vertex -1.500000e+001 -3.333594e+001 -4.248194e+001
      vertex -1.500000e+001 -3.987357e+001 -3.641563e+001
    endloop
  endfacet
  facet normal -1.000000e+000  0.000000e+000  0.000000e+000
    outer loop
      vertex -1.500000e+001 -3.156638e+001 -3.947480e+001
      vertex -1.500000e+001 -3.987357e+001 -3.641563e+001
      vertex -1.500000e+001 -3.794154e+001 -3.339365e+001
    endloop
  endfacet
  facet normal -1.000000e+000  0.000000e+000  0.000000e+000
    outer loop
      vertex -1.500000e+001 -3.794154e+001 -3.339365e+001
      vertex -1.500000e+001 -3.987357e+001 -3.641563e+001
      vertex -1.500000e+001 -4.316387e+001 -2.629784e+001
    endloop
  endfacet
  facet normal -1.000000e+000  0.000000e+000  -0.000000e+000
    outer loop
      vertex -1.500000e+001 -4.316387e+001 -2.629784e+001
      vertex -1.500000e+001 -3.987357e+001 -3.641563e+001
      vertex -1.500000e+001 -4.532357e+001 -2.935599e+001
    endloop
  endfacet
  facet normal -1.000000e+000  0.000000e+000  0.000000e+000
    outer loop
      vertex -1.500000e+001 -4.316387e+001 -2.629784e+001
      vertex -1.500000e+001 -4.532357e+001 -2.935599e+001
      vertex -1.500000e+001 -4.707469e+001 -1.840299e+001
    endloop
  endfacet
  facet normal -1.000000e+000  0.000000e+000  -0.000000e+000
    outer loop
      vertex -1.500000e+001 -4.707469e+001 -1.840299e+001
      vertex -1.500000e+001 -4.532357e+001 -2.935599e+001
      vertex -1.500000e+001 -4.953725e+001 -2.149560e+001
    endloop
  endfacet
  facet normal -9.999999e-001  0.000000e+000  0.000000e+000
    outer loop
      vertex -1.500000e+001 -4.707469e+001 -1.840299e+001
      vertex -1.500000e+001 -4.953725e+001 -2.149560e+001
      vertex -1.500000e+001 -4.955516e+001 -9.948977e+000
    endloop
  endfacet
  facet normal -1.000000e+000  0.000000e+000  -0.000000e+000
    outer loop
      vertex -1.500000e+001 -4.955516e+001 -9.948977e+000
      vertex -1.500000e+001 -4.953725e+001 -2.149560e+001
      vertex -1.500000e+001 -5.239968e+001 -1.304887e+001
    endloop
  endfacet
  facet normal -1.000000e+000  0.000000e+000  0.000000e+000
    outer loop
      vertex -1.500000e+001 -4.955516e+001 -9.948977e+000
      vertex -1.500000e+001 -5.239968e+001 -1.304887e+001
      vertex -1.500000e+001 -5.052993e+001 -1.192666e+000
    endloop
  endfacet
  facet normal -1.000000e+000  0.000000e+000  0.000000e+000
    outer loop
      vertex -1.500000e+001 -5.052993e+001 -1.192666e+000
      vertex -1.500000e+001 -5.239968e+001 -1.304887e+001
      vertex -1.500000e+001 -5.383279e+001 -4.246192e+000
    endloop
  endfacet
  facet normal -1.000000e+000  0.000000e+000  0.000000e+000
    outer loop
      vertex -1.500000e+001 -5.052993e+001 -1.192666e+000
      vertex -1.500000e+001 -5.383279e+001 -4.246192e+000
      vertex -1.500000e+001 -4.996937e+001  7.599884e+000
    endloop
  endfacet
  facet normal -1.000000e+000  0.000000e+000  0.000000e+000
    outer loop
      vertex -1.500000e+001 -4.996937e+001  7.599884e+000
      vertex -1.500000e+001 -5.383279e+001 -4.246192e+000
      vertex -1.500000e+001 -5.379749e+001  4.672308e+000
    endloop
  endfacet
  facet normal -1.000000e+000  0.000000e+000  0.000000e+000
    outer loop
      vertex -1.500000e+001 -4.996937e+001  7.599884e+000
      vertex -1.500000e+001 -5.379749e+001  4.672308e+000
      vertex -1.500000e+001 -4.789052e+001  1.616151e+001
    endloop
  endfacet
  facet normal -1.000000e+000  0.000000e+000  0.000000e+000
    outer loop
      vertex -1.500000e+001 -4.789052e+001  1.616151e+001
      vertex -1.500000e+001 -5.379749e+001  4.672308e+000
      vertex -1.500000e+001 -5.229472e+001  1.346336e+001
    endloop
  endfacet
  facet normal -9.999999e-001  0.000000e+000  0.000000e+000
    outer loop
      vertex -1.500000e+001 -4.789052e+001  1.616151e+001
      vertex -1.500000e+001 -5.229472e+001  1.346336e+001
      vertex -1.500000e+001 -4.435654e+001  2.423209e+001
    endloop
  endfacet
  facet normal -1.000000e+000  0.000000e+000  0.000000e+000
    outer loop
      vertex -1.500000e+001 -4.435654e+001  2.423209e+001
      vertex -1.500000e+001 -5.229472e+001  1.346336e+001
      vertex -1.500000e+001 -4.936549e+001  2.188717e+001
    endloop
  endfacet
  facet normal -9.999999e-001  0.000000e+000  0.000000e+000
    outer loop
      vertex -1.500000e+001 -4.435654e+001  2.423209e+001
      vertex -1.500000e+001 -4.936549e+001  2.188717e+001
      vertex -1.500000e+001 -3.947480e+001  3.156638e+001
    endloop
  endfacet
  facet normal -1.000000e+000  0.000000e+000  0.000000e+000
    outer loop
      vertex -1.500000e+001 -3.947480e+001  3.156638e+001
      vertex -1.500000e+001 -4.936549e+001  2.188717e+001
      vertex -1.500000e+001 -4.508970e+001  2.971395e+001
    endloop
  endfacet
  facet normal -9.999999e-001  0.000000e+000  0.000000e+000
    outer loop
      vertex -1.500000e+001 -3.947480e+001  3.156638e+001
      vertex -1.500000e+001 -4.508970e+001  2.971395e+001
      vertex -1.500000e+001 -3.339365e+001  3.794154e+001
    endloop
  endfacet
  facet normal -1.000000e+000  0.000000e+000  0.000000e+000
    outer loop
      vertex -1.500000e+001 -3.339365e+001  3.794154e+001
      vertex -1.500000e+001 -4.508970e+001  2.971395e+001
      vertex -1.500000e+001 -3.958398e+001  3.673021e+001
    endloop
  endfacet
  facet normal -1.000000e+000  0.000000e+000  0.000000e+000
    outer loop
      vertex -1.500000e+001 -3.339365e+001  3.794154e+001
      vertex -1.500000e+001 -3.958398e+001  3.673021e+001
      vertex -1.500000e+001 -2.629784e+001  4.316387e+001
    endloop
  endfacet
  facet normal -1.000000e+000  0.000000e+000  0.000000e+000
    outer loop
      vertex -1.500000e+001 -2.629784e+001  4.316387e+001
      vertex -1.500000e+001 -3.958398e+001  3.673021e+001
      vertex -1.500000e+001 -3.299852e+001  4.274456e+001
    endloop
  endfacet
  facet normal -1.000000e+000  0.000000e+000  0.000000e+000
    outer loop
      vertex -1.500000e+001 -2.629784e+001  4.316387e+001
      vertex -1.500000e+001 -3.299852e+001  4.274456e+001
      vertex -1.500000e+001 -1.840299e+001  4.707469e+001
    endloop
  endfacet
  facet normal -1.000000e+000  -0.000000e+000  0.000000e+000
    outer loop
      vertex -1.500000e+001 -1.840299e+001  4.707469e+001
      vertex -1.500000e+001 -3.299852e+001  4.274456e+001
      vertex -1.500000e+001 -2.551294e+001  4.759296e+001
    endloop
  endfacet
  facet normal -1.000000e+000  0.000000e+000  0.000000e+000
    outer loop
      vertex -1.500000e+001 -1.840299e+001  4.707469e+001
      vertex -1.500000e+001 -2.551294e+001  4.759296e+001
      vertex -1.500000e+001 -9.948977e+000  4.955516e+001
    endloop
  endfacet
  facet normal -1.000000e+000  -0.000000e+000  0.000000e+000
    outer loop
      vertex -1.500000e+001 -9.948977e+000  4.955516e+001
      vertex -1.500000e+001 -2.551294e+001  4.759296e+001
      vertex -1.500000e+001 -1.733143e+001  5.114315e+001
    endloop
  endfacet
  facet normal -1.000000e+000  0.000000e+000  0.000000e+000
    outer loop
      vertex -1.500000e+001  3.299852e+001 -4.274456e+001
      vertex -1.500000e+001  2.964865e+001 -4.093475e+001
      vertex -1.500000e+001  3.958398e+001 -3.673021e+001
    endloop
  endfacet
  facet normal -9.999999e-001  -0.000000e+000  0.000000e+000
    outer loop
      vertex -1.500000e+001  3.958398e+001 -3.673021e+001
      vertex -1.500000e+001  2.964865e+001 -4.093475e+001
      vertex -1.500000e+001  3.607228e+001 -3.540462e+001
    endloop
  endfacet
  facet normal -1.000000e+000  0.000000e+000  0.000000e+000
    outer loop
      vertex -1.500000e+001  3.958398e+001 -3.673021e+001
      vertex -1.500000e+001  3.607228e+001 -3.540462e+001
      vertex -1.500000e+001  4.508970e+001 -2.971395e+001
    endloop
  endfacet
  facet normal -1.000000e+000  -0.000000e+000  0.000000e+000
    outer loop
      vertex -1.500000e+001  4.508970e+001 -2.971395e+001
      vertex -1.500000e+001  3.607228e+001 -3.540462e+001
      vertex -1.500000e+001  4.148145e+001 -2.887881e+001
    endloop
  endfacet
  facet normal -1.000000e+000  0.000000e+000  0.000000e+000
    outer loop
      vertex -1.500000e+001  4.508970e+001 -2.971395e+001
      vertex -1.500000e+001  4.148145e+001 -2.887881e+001
      vertex -1.500000e+001  4.936549e+001 -2.188717e+001
    endloop
  endfacet
  facet normal -9.999999e-001  -0.000000e+000  0.000000e+000
    outer loop
      vertex -1.500000e+001  4.936549e+001 -2.188717e+001
      vertex -1.500000e+001  4.148145e+001 -2.887881e+001
      vertex -1.500000e+001  4.572404e+001 -2.154084e+001
    endloop
  endfacet
  facet normal -1.000000e+000  0.000000e+000  0.000000e+000
    outer loop
      vertex -1.500000e+001  4.936549e+001 -2.188717e+001
      vertex -1.500000e+001  4.572404e+001 -2.154084e+001
      vertex -1.500000e+001  5.229472e+001 -1.346336e+001
    endloop
  endfacet
  facet normal -1.000000e+000  0.000000e+000  0.000000e+000
    outer loop
      vertex -1.500000e+001  5.229472e+001 -1.346336e+001
      vertex -1.500000e+001  4.572404e+001 -2.154084e+001
      vertex -1.500000e+001  4.868075e+001 -1.359709e+001
    endloop
  endfacet
  facet normal -9.999999e-001  0.000000e+000  0.000000e+000
    outer loop
      vertex -1.500000e+001  5.229472e+001 -1.346336e+001
      vertex -1.500000e+001  4.868075e+001 -1.359709e+001
      vertex -1.500000e+001  5.379749e+001 -4.672308e+000
    endloop
  endfacet
  facet normal -1.000000e+000  0.000000e+000  0.000000e+000
    outer loop
      vertex -1.500000e+001  5.379749e+001 -4.672308e+000
      vertex -1.500000e+001  4.868075e+001 -1.359709e+001
      vertex -1.500000e+001  5.026841e+001 -5.270947e+000
    endloop
  endfacet
  facet normal -9.999999e-001  0.000000e+000  0.000000e+000
    outer loop
      vertex -1.500000e+001  5.379749e+001 -4.672308e+000
      vertex -1.500000e+001  5.026841e+001 -5.270947e+000
      vertex -1.500000e+001  5.383279e+001  4.246192e+000
    endloop
  endfacet
  facet normal -1.000000e+000  0.000000e+000  0.000000e+000
    outer loop
      vertex -1.500000e+001  5.383279e+001  4.246192e+000
      vertex -1.500000e+001  5.026841e+001 -5.270947e+000
      vertex -1.500000e+001  5.044239e+001  3.203429e+000
    endloop
  endfacet
  facet normal -1.000000e+000  0.000000e+000  0.000000e+000
    outer loop
      vertex -1.500000e+001  5.383279e+001  4.246192e+000
      vertex -1.500000e+001  5.044239e+001  3.203429e+000
      vertex -1.500000e+001  5.239968e+001  1.304887e+001
    endloop
  endfacet
  facet normal -1.000000e+000  0.000000e+000  0.000000e+000
    outer loop
      vertex -1.500000e+001  5.239968e+001  1.304887e+001
      vertex -1.500000e+001  5.044239e+001  3.203429e+000
      vertex -1.500000e+001  4.919778e+001  1.158772e+001
    endloop
  endfacet
  facet normal -1.000000e+000  0.000000e+000  0.000000e+000
    outer loop
      vertex -1.500000e+001  5.239968e+001  1.304887e+001
      vertex -1.500000e+001  4.919778e+001  1.158772e+001
      vertex -1.500000e+001  4.953725e+001  2.149560e+001
    endloop
  endfacet
  facet normal -1.000000e+000  0.000000e+000  0.000000e+000
    outer loop
      vertex -1.500000e+001  4.953725e+001  2.149560e+001
      vertex -1.500000e+001  4.919778e+001  1.158772e+001
      vertex -1.500000e+001  4.656958e+001  1.964612e+001
    endloop
  endfacet
  facet normal -1.000000e+000  0.000000e+000  0.000000e+000
    outer loop
      vertex -1.500000e+001  4.953725e+001  2.149560e+001
      vertex -1.500000e+001  4.656958e+001  1.964612e+001
      vertex -1.500000e+001  4.532357e+001  2.935599e+001
    endloop
  endfacet
  facet normal -9.999999e-001  0.000000e+000  -0.000000e+000
    outer loop
      vertex -1.500000e+001  4.532357e+001  2.935599e+001
      vertex -1.500000e+001  4.656958e+001  1.964612e+001
      vertex -1.500000e+001  4.263172e+001  2.715203e+001
    endloop
  endfacet
  facet normal -1.000000e+000  0.000000e+000  0.000000e+000
    outer loop
      vertex -1.500000e+001  4.532357e+001  2.935599e+001
      vertex -1.500000e+001  4.263172e+001  2.715203e+001
      vertex -1.500000e+001  3.987357e+001  3.641563e+001
    endloop
  endfacet
  facet normal -1.000000e+000  0.000000e+000  -0.000000e+000
    outer loop
      vertex -1.500000e+001  3.987357e+001  3.641563e+001
      vertex -1.500000e+001  4.263172e+001  2.715203e+001
      vertex -1.500000e+001  3.749494e+001  3.389434e+001
    endloop
  endfacet
  facet normal -1.000000e+000  0.000000e+000  0.000000e+000
    outer loop
      vertex -1.500000e+001  3.987357e+001  3.641563e+001
      vertex -1.500000e+001  3.749494e+001  3.389434e+001
      vertex -1.500000e+001  3.333594e+001  4.248194e+001
    endloop
  endfacet
  facet normal -1.000000e+000  0.000000e+000  -0.000000e+000
    outer loop
      vertex -1.500000e+001  3.333594e+001  4.248194e+001
      vertex -1.500000e+001  3.749494e+001  3.389434e+001
      vertex -1.500000e+001  3.130369e+001  3.968344e+001
    endloop
  endfacet
  facet normal -1.000000e+000  0.000000e+000  0.000000e+000
    outer loop
      vertex -1.500000e+001  3.333594e+001  4.248194e+001
      vertex -1.500000e+001  3.130369e+001  3.968344e+001
      vertex -1.500000e+001  2.423209e+001  4.435654e+001
    endloop
  endfacet
  facet normal -1.000000e+000  0.000000e+000  0.000000e+000
    outer loop
      vertex -1.500000e+001  3.333594e+001  4.248194e+001
      vertex -1.500000e+001  2.423209e+001  4.435654e+001
      vertex -1.500000e+001  2.588898e+001  4.738946e+001
    endloop
  endfacet
  facet normal -1.000000e+000  -0.000000e+000  0.000000e+000
    outer loop
      vertex -1.500000e+001  2.588898e+001  4.738946e+001
      vertex -1.500000e+001  2.423209e+001  4.435654e+001
      vertex -1.500000e+001  1.616151e+001  4.789052e+001
    endloop
  endfacet
  facet normal -1.000000e+000  0.000000e+000  0.000000e+000
    outer loop
      vertex -1.500000e+001  2.588898e+001  4.738946e+001
      vertex -1.500000e+001  1.616151e+001  4.789052e+001
      vertex -1.500000e+001  1.773584e+001  5.100431e+001
    endloop
  endfacet
  facet normal -1.000000e+000  0.000000e+000  0.000000e+000
    outer loop
      vertex -1.500000e+001  1.773584e+001  5.100431e+001
      vertex -1.500000e+001  1.616151e+001  4.789052e+001
      vertex -1.500000e+001  7.599884e+000  4.996937e+001
    endloop
  endfacet
  facet normal -9.838631e-001  2.152876e-002  1.776228e-001
    outer loop
      vertex -1.480899e+001 -2.213480e+000 -4.944111e+001
      vertex -1.500000e+001 -2.260592e+000 -5.049343e+001
      vertex -1.480899e+001 -9.662128e+000 -4.853830e+001
    endloop
  endfacet
  facet normal -9.838631e-001  2.152888e-002  1.776232e-001
    outer loop
      vertex -1.480899e+001 -9.662128e+000 -4.853830e+001
      vertex -1.500000e+001 -2.260592e+000 -5.049343e+001
      vertex -1.500000e+001 -9.867780e+000 -4.957140e+001
    endloop
  endfacet
  facet normal -9.838631e-001  4.813302e-002  1.723273e-001
    outer loop
      vertex -1.480899e+001 -9.662128e+000 -4.853830e+001
      vertex -1.500000e+001 -9.867780e+000 -4.957140e+001
      vertex -1.480899e+001 -1.688869e+001 -4.651983e+001
    endloop
  endfacet
  facet normal -9.838631e-001  4.813301e-002  1.723273e-001
    outer loop
      vertex -1.480899e+001 -1.688869e+001 -4.651983e+001
      vertex -1.500000e+001 -9.867780e+000 -4.957140e+001
      vertex -1.500000e+001 -1.724816e+001 -4.750997e+001
    endloop
  endfacet
  facet normal -9.838631e-001  7.363079e-002  1.630705e-001
    outer loop
      vertex -1.480899e+001 -1.688869e+001 -4.651983e+001
      vertex -1.500000e+001 -1.724816e+001 -4.750997e+001
      vertex -1.480899e+001 -2.372707e+001 -4.343212e+001
    endloop
  endfacet
  facet normal -9.838630e-001  7.363078e-002  1.630705e-001
    outer loop
      vertex -1.480899e+001 -2.372707e+001 -4.343212e+001
      vertex -1.500000e+001 -1.724816e+001 -4.750997e+001
      vertex -1.500000e+001 -2.423209e+001 -4.435654e+001
    endloop
  endfacet
  facet normal -9.838428e-001 -7.017805e-003  1.788972e-001
    outer loop
      vertex -1.480899e+001 -2.213480e+000 -4.944111e+001
      vertex -1.500000e+001  6.209056e+000 -5.016118e+001
      vertex -1.500000e+001 -2.260592e+000 -5.049343e+001
    endloop
  endfacet
  facet normal -9.851660e-001 -7.686020e-003  1.714321e-001
    outer loop
      vertex -1.480899e+001 -2.213480e+000 -4.944111e+001
      vertex -1.480899e+001  6.629018e+000 -4.904466e+001
      vertex -1.500000e+001  6.209056e+000 -5.016118e+001
    endloop
  endfacet
  facet normal -9.851660e-001 -9.540908e-002 -1.426367e-001
    outer loop
      vertex -1.480899e+001  2.372707e+001  4.343212e+001
      vertex -1.500000e+001  3.130369e+001  3.968344e+001
      vertex -1.480899e+001  3.108429e+001  3.851091e+001
    endloop
  endfacet
  facet normal -9.838427e-001 -9.870601e-002 -1.493677e-001
    outer loop
      vertex -1.480899e+001  2.372707e+001  4.343212e+001
      vertex -1.500000e+001  2.423209e+001  4.435654e+001
      vertex -1.500000e+001  3.130369e+001  3.968344e+001
    endloop
  endfacet
  facet normal -9.861973e-001 -1.150996e-001 -1.190250e-001
    outer loop
      vertex -1.500000e+001  3.749494e+001  3.389434e+001
      vertex -1.480899e+001  3.744720e+001  3.235784e+001
      vertex -1.480899e+001  3.108429e+001  3.851091e+001
    endloop
  endfacet
  facet normal -9.824575e-001 -1.273678e-001 -1.362155e-001
    outer loop
      vertex -1.500000e+001  3.749494e+001  3.389434e+001
      vertex -1.480899e+001  3.108429e+001  3.851091e+001
      vertex -1.500000e+001  3.130369e+001  3.968344e+001
    endloop
  endfacet
  facet normal -9.869890e-001 -1.305744e-001 -9.382553e-002
    outer loop
      vertex -1.500000e+001  4.263172e+001  2.715203e+001
      vertex -1.480899e+001  4.261229e+001  2.516973e+001
      vertex -1.480899e+001  3.744720e+001  3.235784e+001
    endloop
  endfacet
  facet normal -9.811246e-001 -1.538202e-001 -1.171915e-001
    outer loop
      vertex -1.500000e+001  4.263172e+001  2.715203e+001
      vertex -1.480899e+001  3.744720e+001  3.235784e+001
      vertex -1.500000e+001  3.749494e+001  3.389434e+001
    endloop
  endfacet
  facet normal -9.875874e-001 -1.418418e-001 -6.746824e-002
    outer loop
      vertex -1.500000e+001  4.656958e+001  1.964612e+001
      vertex -1.480899e+001  4.641433e+001  1.717652e+001
      vertex -1.480899e+001  4.261229e+001  2.516973e+001
    endloop
  endfacet
  facet normal -9.798951e-001 -1.766752e-001 -9.269004e-002
    outer loop
      vertex -1.500000e+001  4.656958e+001  1.964612e+001
      vertex -1.480899e+001  4.261229e+001  2.516973e+001
      vertex -1.500000e+001  4.263172e+001  2.715203e+001
    endloop
  endfacet
  facet normal -9.880251e-001 -1.489115e-001 -4.039544e-002
    outer loop
      vertex -1.500000e+001  4.919778e+001  1.158772e+001
      vertex -1.480899e+001  4.873170e+001  8.633879e+000
      vertex -1.480899e+001  4.641433e+001  1.717652e+001
    endloop
  endfacet
  facet normal -9.788237e-001 -1.946161e-001 -6.347269e-002
    outer loop
      vertex -1.500000e+001  4.919778e+001  1.158772e+001
      vertex -1.480899e+001  4.641433e+001  1.717652e+001
      vertex -1.500000e+001  4.656958e+001  1.964612e+001
    endloop
  endfacet
  facet normal -9.883238e-001 -1.518076e-001 -1.305829e-002
    outer loop
      vertex -1.500000e+001  5.044239e+001  3.203429e+000
      vertex -1.480899e+001  4.949029e+001 -1.849361e-001
      vertex -1.480899e+001  4.873170e+001  8.633879e+000
    endloop
  endfacet
  facet normal -9.779633e-001 -2.065136e-001 -3.065601e-002
    outer loop
      vertex -1.500000e+001  5.044239e+001  3.203429e+000
      vertex -1.480899e+001  4.873170e+001  8.633879e+000
      vertex -1.500000e+001  4.919778e+001  1.158772e+001
    endloop
  endfacet
  facet normal -9.884977e-001 -1.505781e-001  1.408699e-002
    outer loop
      vertex -1.500000e+001  5.026841e+001 -5.270947e+000
      vertex -1.480899e+001  4.866582e+001 -8.997835e+000
      vertex -1.480899e+001  4.949029e+001 -1.849361e-001
    endloop
  endfacet
  facet normal -9.773607e-001 -2.115353e-001  4.342674e-003
    outer loop
      vertex -1.500000e+001  5.026841e+001 -5.270947e+000
      vertex -1.480899e+001  4.949029e+001 -1.849361e-001
      vertex -1.500000e+001  5.044239e+001  3.203429e+000
    endloop
  endfacet
  facet normal -9.885550e-001 -1.453003e-001  4.058402e-002
    outer loop
      vertex -1.500000e+001  4.868075e+001 -1.359709e+001
      vertex -1.480899e+001  4.628466e+001 -1.752292e+001
      vertex -1.480899e+001  4.866582e+001 -8.997835e+000
    endloop
  endfacet
  facet normal -9.770502e-001 -2.092394e-001  3.989859e-002
    outer loop
      vertex -1.500000e+001  4.868075e+001 -1.359709e+001
      vertex -1.480899e+001  4.866582e+001 -8.997835e+000
      vertex -1.500000e+001  5.026841e+001 -5.270947e+000
    endloop
  endfacet
  facet normal -9.884977e-001 -1.360835e-001  6.598091e-002
    outer loop
      vertex -1.500000e+001  4.572404e+001 -2.154084e+001
      vertex -1.480899e+001  4.242299e+001 -2.548749e+001
      vertex -1.480899e+001  4.628466e+001 -1.752292e+001
    endloop
  endfacet
  facet normal -9.770501e-001 -1.996299e-001  7.430328e-002
    outer loop
      vertex -1.500000e+001  4.572404e+001 -2.154084e+001
      vertex -1.480899e+001  4.628466e+001 -1.752292e+001
      vertex -1.500000e+001  4.868075e+001 -1.359709e+001
    endloop
  endfacet
  facet normal -9.883239e-001 -1.230685e-001  8.983434e-002
    outer loop
      vertex -1.500000e+001  4.148145e+001 -2.887881e+001
      vertex -1.480899e+001  3.720433e+001 -3.263680e+001
      vertex -1.480899e+001  4.242299e+001 -2.548749e+001
    endloop
  endfacet
  facet normal -9.773607e-001 -1.831685e-001  1.059027e-001
    outer loop
      vertex -1.500000e+001  4.148145e+001 -2.887881e+001
      vertex -1.480899e+001  4.242299e+001 -2.548749e+001
      vertex -1.500000e+001  4.572404e+001 -2.154084e+001
    endloop
  endfacet
  facet normal -9.880251e-001 -1.064254e-001  1.117138e-001
    outer loop
      vertex -1.500000e+001  3.607228e+001 -3.540462e+001
      vertex -1.480899e+001  3.079561e+001 -3.874214e+001
      vertex -1.480899e+001  3.720433e+001 -3.263680e+001
    endloop
  endfacet
  facet normal -9.779634e-001 -1.607370e-001  1.332331e-001
    outer loop
      vertex -1.500000e+001  3.607228e+001 -3.540462e+001
      vertex -1.480899e+001  3.720433e+001 -3.263680e+001
      vertex -1.500000e+001  4.148145e+001 -2.887881e+001
    endloop
  endfacet
  facet normal -9.875874e-001 -8.635014e-002  1.312048e-001
    outer loop
      vertex -1.500000e+001  2.964865e+001 -4.093475e+001
      vertex -1.480899e+001  2.340182e+001 -4.360823e+001
      vertex -1.480899e+001  3.079561e+001 -3.874214e+001
    endloop
  endfacet
  facet normal -9.788237e-001 -1.335565e-001  1.551350e-001
    outer loop
      vertex -1.500000e+001  2.964865e+001 -4.093475e+001
      vertex -1.480899e+001  3.079561e+001 -3.874214e+001
      vertex -1.500000e+001  3.607228e+001 -3.540462e+001
    endloop
  endfacet
  facet normal -9.869889e-001 -6.305529e-002  1.479086e-001
    outer loop
      vertex -1.500000e+001  2.239122e+001 -4.531368e+001
      vertex -1.480899e+001  1.525947e+001 -4.707941e+001
      vertex -1.480899e+001  2.340182e+001 -4.360823e+001
    endloop
  endfacet
  facet normal -9.798951e-001 -1.030721e-001  1.708268e-001
    outer loop
      vertex -1.500000e+001  2.239122e+001 -4.531368e+001
      vertex -1.480899e+001  2.340182e+001 -4.360823e+001
      vertex -1.500000e+001  2.964865e+001 -4.093475e+001
    endloop
  endfacet
  facet normal -9.861974e-001 -3.676205e-002  1.614418e-001
    outer loop
      vertex -1.500000e+001  1.450409e+001 -4.841826e+001
      vertex -1.480899e+001  6.629018e+000 -4.904466e+001
      vertex -1.480899e+001  1.525947e+001 -4.707941e+001
    endloop
  endfacet
  facet normal -9.811245e-001 -7.082845e-002  1.799386e-001
    outer loop
      vertex -1.500000e+001  1.450409e+001 -4.841826e+001
      vertex -1.480899e+001  1.525947e+001 -4.707941e+001
      vertex -1.500000e+001  2.239122e+001 -4.531368e+001
    endloop
  endfacet
  facet normal -9.824575e-001 -3.834647e-002  1.825013e-001
    outer loop
      vertex -1.500000e+001  6.209056e+000 -5.016118e+001
      vertex -1.480899e+001  6.629018e+000 -4.904466e+001
      vertex -1.500000e+001  1.450409e+001 -4.841826e+001
    endloop
  endfacet
  facet normal -9.838337e-001 -7.183344e-002 -1.640464e-001
    outer loop
      vertex -1.500000e+001  2.423209e+001  4.435654e+001
      vertex -1.480899e+001  1.582470e+001  4.689245e+001
      vertex -1.500000e+001  1.616151e+001  4.789052e+001
    endloop
  endfacet
  facet normal -9.838337e-001 -7.183342e-002 -1.640464e-001
    outer loop
      vertex -1.500000e+001  2.423209e+001  4.435654e+001
      vertex -1.480899e+001  2.372707e+001  4.343212e+001
      vertex -1.480899e+001  1.582470e+001  4.689245e+001
    endloop
  endfacet
  facet normal -9.838337e-001  9.922846e-002  1.490803e-001
    outer loop
      vertex -1.480899e+001 -2.372707e+001 -4.343212e+001
      vertex -1.500000e+001 -3.156638e+001 -3.947480e+001
      vertex -1.480899e+001 -3.090851e+001 -3.865212e+001
    endloop
  endfacet
  facet normal -9.838337e-001  9.922848e-002  1.490804e-001
    outer loop
      vertex -1.480899e+001 -2.372707e+001 -4.343212e+001
      vertex -1.500000e+001 -2.423209e+001 -4.435654e+001
      vertex -1.500000e+001 -3.156638e+001 -3.947480e+001
    endloop
  endfacet
  facet normal -9.838337e-001  1.236086e-001  1.295847e-001
    outer loop
      vertex -1.500000e+001 -3.794154e+001 -3.339365e+001
      vertex -1.480899e+001 -3.715081e+001 -3.269770e+001
      vertex -1.480899e+001 -3.090851e+001 -3.865212e+001
    endloop
  endfacet
  facet normal -9.838337e-001  1.236085e-001  1.295847e-001
    outer loop
      vertex -1.500000e+001 -3.794154e+001 -3.339365e+001
      vertex -1.480899e+001 -3.090851e+001 -3.865212e+001
      vertex -1.500000e+001 -3.156638e+001 -3.947480e+001
    endloop
  endfacet
  facet normal -9.838337e-001  1.442325e-001  1.061514e-001
    outer loop
      vertex -1.500000e+001 -4.316387e+001 -2.629784e+001
      vertex -1.480899e+001 -4.226431e+001 -2.574978e+001
      vertex -1.480899e+001 -3.715081e+001 -3.269770e+001
    endloop
  endfacet
  facet normal -9.838337e-001  1.442328e-001  1.061517e-001
    outer loop
      vertex -1.500000e+001 -4.316387e+001 -2.629784e+001
      vertex -1.480899e+001 -3.715081e+001 -3.269770e+001
      vertex -1.500000e+001 -3.794154e+001 -3.339365e+001
    endloop
  endfacet
  facet normal -9.838337e-001  1.604744e-001  7.949314e-002
    outer loop
      vertex -1.500000e+001 -4.707469e+001 -1.840299e+001
      vertex -1.480899e+001 -4.609362e+001 -1.801946e+001
      vertex -1.480899e+001 -4.226431e+001 -2.574978e+001
    endloop
  endfacet
  facet normal -9.838337e-001  1.604742e-001  7.949298e-002
    outer loop
      vertex -1.500000e+001 -4.707469e+001 -1.840299e+001
      vertex -1.480899e+001 -4.226431e+001 -2.574978e+001
      vertex -1.500000e+001 -4.316387e+001 -2.629784e+001
    endloop
  endfacet
  facet normal -9.838338e-001  1.718401e-001  5.041923e-002
    outer loop
      vertex -1.500000e+001 -4.955516e+001 -9.948977e+000
      vertex -1.480899e+001 -4.852240e+001 -9.741633e+000
      vertex -1.480899e+001 -4.609362e+001 -1.801946e+001
    endloop
  endfacet
  facet normal -9.838337e-001  1.718404e-001  5.041933e-002
    outer loop
      vertex -1.500000e+001 -4.955516e+001 -9.948977e+000
      vertex -1.480899e+001 -4.609362e+001 -1.801946e+001
      vertex -1.500000e+001 -4.707469e+001 -1.840299e+001
    endloop
  endfacet
  facet normal -9.838337e-001  1.779849e-001  1.981358e-002
    outer loop
      vertex -1.500000e+001 -5.052993e+001 -1.192666e+000
      vertex -1.480899e+001 -4.947685e+001 -1.167810e+000
      vertex -1.480899e+001 -4.852240e+001 -9.741633e+000
    endloop
  endfacet
  facet normal -9.838338e-001  1.779847e-001  1.981352e-002
    outer loop
      vertex -1.500000e+001 -5.052993e+001 -1.192666e+000
      vertex -1.480899e+001 -4.852240e+001 -9.741633e+000
      vertex -1.500000e+001 -4.955516e+001 -9.948977e+000
    endloop
  endfacet
  facet normal -9.838337e-001  1.787219e-001 -1.139415e-002
    outer loop
      vertex -1.500000e+001 -4.996937e+001  7.599884e+000
      vertex -1.480899e+001 -4.892798e+001  7.441497e+000
      vertex -1.480899e+001 -4.947685e+001 -1.167810e+000
    endloop
  endfacet
  facet normal -9.838337e-001  1.787215e-001 -1.139417e-002
    outer loop
      vertex -1.500000e+001 -4.996937e+001  7.599884e+000
      vertex -1.480899e+001 -4.947685e+001 -1.167810e+000
      vertex -1.500000e+001 -5.052993e+001 -1.192666e+000
    endloop
  endfacet
  facet normal -9.838337e-001  1.740279e-001 -4.225582e-002
    outer loop
      vertex -1.500000e+001 -4.789052e+001  1.616151e+001
      vertex -1.480899e+001 -4.689245e+001  1.582470e+001
      vertex -1.480899e+001 -4.892798e+001  7.441497e+000
    endloop
  endfacet
  facet normal -9.838336e-001  1.740281e-001 -4.225584e-002
    outer loop
      vertex -1.500000e+001 -4.789052e+001  1.616151e+001
      vertex -1.480899e+001 -4.892798e+001  7.441497e+000
      vertex -1.500000e+001 -4.996937e+001  7.599884e+000
    endloop
  endfacet
  facet normal -9.838337e-001  1.640464e-001 -7.183342e-002
    outer loop
      vertex -1.500000e+001 -4.435654e+001  2.423209e+001
      vertex -1.480899e+001 -4.343212e+001  2.372707e+001
      vertex -1.480899e+001 -4.689245e+001  1.582470e+001
    endloop
  endfacet
  facet normal -9.838337e-001  1.640464e-001 -7.183344e-002
    outer loop
      vertex -1.500000e+001 -4.435654e+001  2.423209e+001
      vertex -1.480899e+001 -4.689245e+001  1.582470e+001
      vertex -1.500000e+001 -4.789052e+001  1.616151e+001
    endloop
  endfacet
  facet normal -9.838337e-001  1.490803e-001 -9.922846e-002
    outer loop
      vertex -1.500000e+001 -3.947480e+001  3.156638e+001
      vertex -1.480899e+001 -3.865212e+001  3.090851e+001
      vertex -1.480899e+001 -4.343212e+001  2.372707e+001
    endloop
  endfacet
  facet normal -9.838337e-001  1.490804e-001 -9.922848e-002
    outer loop
      vertex -1.500000e+001 -3.947480e+001  3.156638e+001
      vertex -1.480899e+001 -4.343212e+001  2.372707e+001
      vertex -1.500000e+001 -4.435654e+001  2.423209e+001
    endloop
  endfacet
  facet normal -9.838337e-001  1.295847e-001 -1.236086e-001
    outer loop
      vertex -1.500000e+001 -3.339365e+001  3.794154e+001
      vertex -1.480899e+001 -3.269770e+001  3.715081e+001
      vertex -1.480899e+001 -3.865212e+001  3.090851e+001
    endloop
  endfacet
  facet normal -9.838337e-001  1.295847e-001 -1.236085e-001
    outer loop
      vertex -1.500000e+001 -3.339365e+001  3.794154e+001
      vertex -1.480899e+001 -3.865212e+001  3.090851e+001
      vertex -1.500000e+001 -3.947480e+001  3.156638e+001
    endloop
  endfacet
  facet normal -9.838337e-001  1.061514e-001 -1.442325e-001
    outer loop
      vertex -1.500000e+001 -2.629784e+001  4.316387e+001
      vertex -1.480899e+001 -2.574978e+001  4.226431e+001
      vertex -1.480899e+001 -3.269770e+001  3.715081e+001
    endloop
  endfacet
  facet normal -9.838337e-001  1.061517e-001 -1.442328e-001
    outer loop
      vertex -1.500000e+001 -2.629784e+001  4.316387e+001
      vertex -1.480899e+001 -3.269770e+001  3.715081e+001
      vertex -1.500000e+001 -3.339365e+001  3.794154e+001
    endloop
  endfacet
  facet normal -9.838337e-001  7.949314e-002 -1.604744e-001
    outer loop
      vertex -1.500000e+001 -1.840299e+001  4.707469e+001
      vertex -1.480899e+001 -1.801946e+001  4.609362e+001
      vertex -1.480899e+001 -2.574978e+001  4.226431e+001
    endloop
  endfacet
  facet normal -9.838337e-001  7.949298e-002 -1.604742e-001
    outer loop
      vertex -1.500000e+001 -1.840299e+001  4.707469e+001
      vertex -1.480899e+001 -2.574978e+001  4.226431e+001
      vertex -1.500000e+001 -2.629784e+001  4.316387e+001
    endloop
  endfacet
  facet normal -9.838338e-001  5.041923e-002 -1.718401e-001
    outer loop
      vertex -1.500000e+001 -9.948977e+000  4.955516e+001
      vertex -1.480899e+001 -9.741633e+000  4.852240e+001
      vertex -1.480899e+001 -1.801946e+001  4.609362e+001
    endloop
  endfacet
  facet normal -9.838337e-001  5.041933e-002 -1.718404e-001
    outer loop
      vertex -1.500000e+001 -9.948977e+000  4.955516e+001
      vertex -1.480899e+001 -1.801946e+001  4.609362e+001
      vertex -1.500000e+001 -1.840299e+001  4.707469e+001
    endloop
  endfacet
  facet normal -9.838337e-001  1.981358e-002 -1.779849e-001
    outer loop
      vertex -1.500000e+001 -1.192666e+000  5.052993e+001
      vertex -1.480899e+001 -1.167810e+000  4.947685e+001
      vertex -1.480899e+001 -9.741633e+000  4.852240e+001
    endloop
  endfacet
  facet normal -9.838338e-001  1.981352e-002 -1.779847e-001
    outer loop
      vertex -1.500000e+001 -1.192666e+000  5.052993e+001
      vertex -1.480899e+001 -9.741633e+000  4.852240e+001
      vertex -1.500000e+001 -9.948977e+000  4.955516e+001
    endloop
  endfacet
  facet normal -9.838337e-001 -1.139415e-002 -1.787219e-001
    outer loop
      vertex -1.500000e+001  7.599884e+000  4.996937e+001
      vertex -1.480899e+001  7.441497e+000  4.892798e+001
      vertex -1.480899e+001 -1.167810e+000  4.947685e+001
    endloop
  endfacet
  facet normal -9.838337e-001 -1.139417e-002 -1.787215e-001
    outer loop
      vertex -1.500000e+001  7.599884e+000  4.996937e+001
      vertex -1.480899e+001 -1.167810e+000  4.947685e+001
      vertex -1.500000e+001 -1.192666e+000  5.052993e+001
    endloop
  endfacet
  facet normal -9.838337e-001 -4.225582e-002 -1.740279e-001
    outer loop
      vertex -1.500000e+001  1.616151e+001  4.789052e+001
      vertex -1.480899e+001  1.582470e+001  4.689245e+001
      vertex -1.480899e+001  7.441497e+000  4.892798e+001
    endloop
  endfacet
  facet normal -9.838336e-001 -4.225584e-002 -1.740281e-001
    outer loop
      vertex -1.500000e+001  1.616151e+001  4.789052e+001
      vertex -1.480899e+001  7.441497e+000  4.892798e+001
      vertex -1.500000e+001  7.599884e+000  4.996937e+001
    endloop
  endfacet
  facet normal -9.358643e-001 -1.959063e-001 -2.928801e-001
    outer loop
      vertex -1.480899e+001  2.372707e+001  4.343212e+001
      vertex -1.480899e+001  3.108429e+001  3.851091e+001
      vertex -1.219101e+001  2.038008e+001  3.730548e+001
    endloop
  endfacet
  facet normal -9.362189e-001 -1.961385e-001 -2.915887e-001
    outer loop
      vertex -1.480899e+001  3.108429e+001  3.851091e+001
      vertex -1.219101e+001  2.687062e+001  3.293959e+001
      vertex -1.219101e+001  2.038008e+001  3.730548e+001
    endloop
  endfacet
  facet normal -9.380745e-001  1.367015e-001  3.183221e-001
    outer loop
      vertex -1.219101e+001 -1.301873e+001 -4.046676e+001
      vertex -1.480899e+001 -1.688869e+001 -4.651983e+001
      vertex -1.219101e+001 -2.038008e+001 -3.730548e+001
    endloop
  endfacet
  facet normal -9.359958e-001  1.448603e-001  3.208230e-001
    outer loop
      vertex -1.480899e+001 -1.688869e+001 -4.651983e+001
      vertex -1.480899e+001 -2.372707e+001 -4.343212e+001
      vertex -1.219101e+001 -2.038008e+001 -3.730548e+001
    endloop
  endfacet
  facet normal -9.365758e-001 -2.455790e-001 -2.500335e-001
    outer loop
      vertex -1.480899e+001  3.744720e+001  3.235784e+001
      vertex -1.219101e+001  3.245129e+001  2.745833e+001
      vertex -1.219101e+001  2.687062e+001  3.293959e+001
    endloop
  endfacet
  facet normal -9.355433e-001 -2.455368e-001 -2.539106e-001
    outer loop
      vertex -1.219101e+001  2.687062e+001  3.293959e+001
      vertex -1.480899e+001  3.108429e+001  3.851091e+001
      vertex -1.480899e+001  3.744720e+001  3.235784e+001
    endloop
  endfacet
  facet normal -9.369082e-001 -2.865065e-001 -2.002923e-001
    outer loop
      vertex -1.480899e+001  4.261229e+001  2.516973e+001
      vertex -1.219101e+001  3.693314e+001  2.104731e+001
      vertex -1.219101e+001  3.245129e+001  2.745833e+001
    endloop
  endfacet
  facet normal -9.352391e-001 -2.874928e-001 -2.065809e-001
    outer loop
      vertex -1.219101e+001  3.245129e+001  2.745833e+001
      vertex -1.480899e+001  3.744720e+001  3.235784e+001
      vertex -1.480899e+001  4.261229e+001  2.516973e+001
    endloop
  endfacet
  facet normal -9.372166e-001 -3.176020e-001 -1.440622e-001
    outer loop
      vertex -1.480899e+001  4.641433e+001  1.717652e+001
      vertex -1.219101e+001  4.016440e+001  1.392361e+001
      vertex -1.219101e+001  3.693314e+001  2.104731e+001
    endloop
  endfacet
  facet normal -9.349526e-001 -3.203767e-001 -1.523899e-001
    outer loop
      vertex -1.219101e+001  3.693314e+001  2.104731e+001
      vertex -1.480899e+001  4.261229e+001  2.516973e+001
      vertex -1.480899e+001  4.641433e+001  1.717652e+001
    endloop
  endfacet
  facet normal -9.375015e-001 -3.378774e-001 -8.324470e-002
    outer loop
      vertex -1.480899e+001  4.873170e+001  8.633879e+000
      vertex -1.219101e+001  4.203566e+001  6.328451e+000
      vertex -1.219101e+001  4.016440e+001  1.392361e+001
    endloop
  endfacet
  facet normal -9.346835e-001 -3.430817e-001 -9.306829e-002
    outer loop
      vertex -1.219101e+001  4.016440e+001  1.392361e+001
      vertex -1.480899e+001  4.641433e+001  1.717652e+001
      vertex -1.480899e+001  4.873170e+001  8.633879e+000
    endloop
  endfacet
  facet normal -9.377633e-001 -3.467052e-001 -1.988457e-002
    outer loop
      vertex -1.480899e+001  4.949029e+001 -1.849361e-001
      vertex -1.219101e+001  4.248356e+001 -1.480999e+000
      vertex -1.219101e+001  4.203566e+001  6.328451e+000
    endloop
  endfacet
  facet normal -9.344326e-001 -3.548298e-001 -3.052200e-002
    outer loop
      vertex -1.219101e+001  4.203566e+001  6.328451e+000
      vertex -1.480899e+001  4.873170e+001  8.633879e+000
      vertex -1.480899e+001  4.949029e+001 -1.849361e-001
    endloop
  endfacet
  facet normal -9.380024e-001 -3.438378e-001  4.389782e-002
    outer loop
      vertex -1.480899e+001  4.866582e+001 -8.997835e+000
      vertex -1.219101e+001  4.149293e+001 -9.240302e+000
      vertex -1.219101e+001  4.248356e+001 -1.480999e+000
    endloop
  endfacet
  facet normal -9.342001e-001 -3.551987e-001  3.322979e-002
    outer loop
      vertex -1.219101e+001  4.248356e+001 -1.480999e+000
      vertex -1.480899e+001  4.949029e+001 -1.849361e-001
      vertex -1.480899e+001  4.866582e+001 -8.997835e+000
    endloop
  endfacet
  facet normal -9.382192e-001 -3.294142e-001  1.059772e-001
    outer loop
      vertex -1.480899e+001  4.628466e+001 -1.752292e+001
      vertex -1.219101e+001  3.909731e+001 -1.668672e+001
      vertex -1.219101e+001  4.149293e+001 -9.240302e+000
    endloop
  endfacet
  facet normal -9.339862e-001 -3.441373e-001  9.612148e-002
    outer loop
      vertex -1.219101e+001  4.149293e+001 -9.240302e+000
      vertex -1.480899e+001  4.866582e+001 -8.997835e+000
      vertex -1.480899e+001  4.628466e+001 -1.752292e+001
    endloop
  endfacet
  facet normal -9.384138e-001 -3.039538e-001  1.642912e-001
    outer loop
      vertex -1.480899e+001  4.242299e+001 -2.548749e+001
      vertex -1.219101e+001  3.537782e+001 -2.356811e+001
      vertex -1.219101e+001  3.909731e+001 -1.668672e+001
    endloop
  endfacet
  facet normal -9.337913e-001 -3.219689e-001  1.561085e-001
    outer loop
      vertex -1.219101e+001  3.909731e+001 -1.668672e+001
      vertex -1.480899e+001  4.628466e+001 -1.752292e+001
      vertex -1.480899e+001  4.242299e+001 -2.548749e+001
    endloop
  endfacet
  facet normal -9.385867e-001 -2.683387e-001  2.169084e-001
    outer loop
      vertex -1.480899e+001  3.720433e+001 -3.263680e+001
      vertex -1.219101e+001  3.046041e+001 -2.965146e+001
      vertex -1.219101e+001  3.537782e+001 -2.356811e+001
    endloop
  endfacet
  facet normal -9.336157e-001 -2.893814e-001  2.112352e-001
    outer loop
      vertex -1.219101e+001  3.537782e+001 -2.356811e+001
      vertex -1.480899e+001  4.242299e+001 -2.548749e+001
      vertex -1.480899e+001  3.720433e+001 -3.263680e+001
    endloop
  endfacet
  facet normal -9.387382e-001 -2.237831e-001  2.620909e-001
    outer loop
      vertex -1.480899e+001  3.079561e+001 -3.874214e+001
      vertex -1.219101e+001  2.451159e+001 -3.473080e+001
      vertex -1.219101e+001  3.046041e+001 -2.965146e+001
    endloop
  endfacet
  facet normal -9.334594e-001 -2.474059e-001  2.596997e-001
    outer loop
      vertex -1.219101e+001  3.046041e+001 -2.965146e+001
      vertex -1.480899e+001  3.720433e+001 -3.263680e+001
      vertex -1.480899e+001  3.079561e+001 -3.874214e+001
    endloop
  endfacet
  facet normal -9.388685e-001 -1.717937e-001  2.983504e-001
    outer loop
      vertex -1.480899e+001  2.340182e+001 -4.360823e+001
      vertex -1.219101e+001  1.773278e+001 -3.863411e+001
      vertex -1.219101e+001  2.451159e+001 -3.473080e+001
    endloop
  endfacet
  facet normal -9.333228e-001 -1.973831e-001  2.999139e-001
    outer loop
      vertex -1.219101e+001  2.451159e+001 -3.473080e+001
      vertex -1.480899e+001  3.079561e+001 -3.874214e+001
      vertex -1.480899e+001  2.340182e+001 -4.360823e+001
    endloop
  endfacet
  facet normal -9.389775e-001 -1.141189e-001  3.244966e-001
    outer loop
      vertex -1.480899e+001  1.525947e+001 -4.707941e+001
      vertex -1.219101e+001  1.035353e+001 -4.122925e+001
      vertex -1.219101e+001  1.773278e+001 -3.863411e+001
    endloop
  endfacet
  facet normal -9.332061e-001 -1.409204e-001  3.305566e-001
    outer loop
      vertex -1.219101e+001  1.773278e+001 -3.863411e+001
      vertex -1.480899e+001  2.340182e+001 -4.360823e+001
      vertex -1.480899e+001  1.525947e+001 -4.707941e+001
    endloop
  endfacet
  facet normal -9.390659e-001 -5.269134e-002  3.396749e-001
    outer loop
      vertex -1.480899e+001  6.629018e+000 -4.904466e+001
      vertex -1.219101e+001  2.623692e+000 -4.242832e+001
      vertex -1.219101e+001  1.035353e+001 -4.122925e+001
    endloop
  endfacet
  facet normal -9.331095e-001 -7.983937e-002  3.506173e-001
    outer loop
      vertex -1.219101e+001  1.035353e+001 -4.122925e+001
      vertex -1.480899e+001  1.525947e+001 -4.707941e+001
      vertex -1.480899e+001  6.629018e+000 -4.904466e+001
    endloop
  endfacet
  facet normal -9.330329e-001 -1.611476e-002  3.594301e-001
    outer loop
      vertex -1.219101e+001  2.623692e+000 -4.242832e+001
      vertex -1.480899e+001  6.629018e+000 -4.904466e+001
      vertex -1.480899e+001 -2.213480e+000 -4.944111e+001
    endloop
  endfacet
  facet normal -9.344675e-001  9.578244e-002  3.429233e-001
    outer loop
      vertex -1.219101e+001 -1.301873e+001 -4.046676e+001
      vertex -1.480899e+001 -9.662128e+000 -4.853830e+001
      vertex -1.480899e+001 -1.688869e+001 -4.651983e+001
    endloop
  endfacet
  facet normal -9.391332e-001  1.043461e-002  3.433947e-001
    outer loop
      vertex -1.219101e+001 -5.194983e+000 -4.219074e+001
      vertex -1.219101e+001  2.623692e+000 -4.242832e+001
      vertex -1.480899e+001 -2.213480e+000 -4.944111e+001
    endloop
  endfacet
  facet normal -9.339113e-001  4.301654e-002  3.549075e-001
    outer loop
      vertex -1.219101e+001 -5.194983e+000 -4.219074e+001
      vertex -1.480899e+001 -2.213480e+000 -4.944111e+001
      vertex -1.480899e+001 -9.662128e+000 -4.853830e+001
    endloop
  endfacet
  facet normal -9.391899e-001  7.389563e-002  3.353532e-001
    outer loop
      vertex -1.219101e+001 -5.194983e+000 -4.219074e+001
      vertex -1.480899e+001 -9.662128e+000 -4.853830e+001
      vertex -1.219101e+001 -1.301873e+001 -4.046676e+001
    endloop
  endfacet
  facet normal -9.358878e-001  1.952042e-001  2.932738e-001
    outer loop
      vertex -1.480899e+001 -2.372707e+001 -4.343212e+001
      vertex -1.480899e+001 -3.090851e+001 -3.865212e+001
      vertex -1.219101e+001 -2.038008e+001 -3.730548e+001
    endloop
  endfacet
  facet normal -9.365683e-001  1.956945e-001  2.907635e-001
    outer loop
      vertex -1.480899e+001 -3.090851e+001 -3.865212e+001
      vertex -1.219101e+001 -2.688793e+001 -3.292545e+001
      vertex -1.219101e+001 -2.038008e+001 -3.730548e+001
    endloop
  endfacet
  facet normal -9.365683e-001 -1.389349e-001 -3.217714e-001
    outer loop
      vertex -1.219101e+001  1.317820e+001  4.041511e+001
      vertex -1.480899e+001  1.582470e+001  4.689245e+001
      vertex -1.219101e+001  2.038008e+001  3.730548e+001
    endloop
  endfacet
  facet normal -9.358878e-001 -1.413121e-001 -3.227152e-001
    outer loop
      vertex -1.480899e+001  1.582470e+001  4.689245e+001
      vertex -1.480899e+001  2.372707e+001  4.343212e+001
      vertex -1.219101e+001  2.038008e+001  3.730548e+001
    endloop
  endfacet
  facet normal -9.352857e-001  2.442662e-001  2.560759e-001
    outer loop
      vertex -1.480899e+001 -3.090851e+001 -3.865212e+001
      vertex -1.480899e+001 -3.715081e+001 -3.269770e+001
      vertex -1.219101e+001 -2.688793e+001 -3.292545e+001
    endloop
  endfacet
  facet normal -9.347519e-001  2.861558e-001  2.106033e-001
    outer loop
      vertex -1.480899e+001 -3.715081e+001 -3.269770e+001
      vertex -1.480899e+001 -4.226431e+001 -2.574978e+001
      vertex -1.219101e+001 -3.248015e+001 -2.742419e+001
    endloop
  endfacet
  facet normal -9.372064e-001  2.445910e-001  2.486350e-001
    outer loop
      vertex -1.219101e+001 -2.688793e+001 -3.292545e+001
      vertex -1.480899e+001 -3.715081e+001 -3.269770e+001
      vertex -1.219101e+001 -3.248015e+001 -2.742419e+001
    endloop
  endfacet
  facet normal -9.342892e-001  3.194679e-001  1.582526e-001
    outer loop
      vertex -1.480899e+001 -4.226431e+001 -2.574978e+001
      vertex -1.480899e+001 -4.609362e+001 -1.801946e+001
      vertex -1.219101e+001 -3.696629e+001 -2.098903e+001
    endloop
  endfacet
  facet normal -9.377521e-001  2.849074e-001  1.986175e-001
    outer loop
      vertex -1.219101e+001 -3.248015e+001 -2.742419e+001
      vertex -1.480899e+001 -4.226431e+001 -2.574978e+001
      vertex -1.219101e+001 -3.696629e+001 -2.098903e+001
    endloop
  endfacet
  facet normal -9.339000e-001  3.430720e-001  1.006600e-001
    outer loop
      vertex -1.480899e+001 -4.609362e+001 -1.801946e+001
      vertex -1.480899e+001 -4.852240e+001 -9.741633e+000
      vertex -1.219101e+001 -4.019360e+001 -1.383911e+001
    endloop
  endfacet
  facet normal -9.382084e-001  3.154266e-001  1.423761e-001
    outer loop
      vertex -1.219101e+001 -3.696629e+001 -2.098903e+001
      vertex -1.480899e+001 -4.609362e+001 -1.801946e+001
      vertex -1.219101e+001 -4.019360e+001 -1.383911e+001
    endloop
  endfacet
  facet normal -9.335861e-001  3.561532e-001  3.964758e-002
    outer loop
      vertex -1.480899e+001 -4.852240e+001 -9.741633e+000
      vertex -1.480899e+001 -4.947685e+001 -1.167810e+000
      vertex -1.219101e+001 -4.205215e+001 -6.217922e+000
    endloop
  endfacet
  facet normal -9.385783e-001  3.352416e-001  8.175445e-002
    outer loop
      vertex -1.219101e+001 -4.019360e+001 -1.383911e+001
      vertex -1.480899e+001 -4.852240e+001 -9.741633e+000
      vertex -1.219101e+001 -4.205215e+001 -6.217922e+000
    endloop
  endfacet
  facet normal -9.333492e-001  3.582423e-001 -2.283922e-002
    outer loop
      vertex -1.480899e+001 -4.947685e+001 -1.167810e+000
      vertex -1.480899e+001 -4.892798e+001  7.441497e+000
      vertex -1.219101e+001 -4.247868e+001  1.615013e+000
    endloop
  endfacet
  facet normal -9.388638e-001  3.437794e-001  1.871958e-002
    outer loop
      vertex -1.219101e+001 -4.205215e+001 -6.217922e+000
      vertex -1.480899e+001 -4.947685e+001 -1.167810e+000
      vertex -1.219101e+001 -4.247868e+001  1.615013e+000
    endloop
  endfacet
  facet normal -9.331906e-001  3.492341e-001 -8.479775e-002
    outer loop
      vertex -1.480899e+001 -4.892798e+001  7.441497e+000
      vertex -1.480899e+001 -4.689245e+001  1.582470e+001
      vertex -1.219101e+001 -4.145864e+001  9.392951e+000
    endloop
  endfacet
  facet normal -9.390667e-001  3.408167e-001 -4.469645e-002
    outer loop
      vertex -1.219101e+001 -4.247868e+001  1.615013e+000
      vertex -1.480899e+001 -4.892798e+001  7.441497e+000
      vertex -1.219101e+001 -4.145864e+001  9.392951e+000
    endloop
  endfacet
  facet normal -9.331112e-001  3.293927e-001 -1.442361e-001
    outer loop
      vertex -1.480899e+001 -4.689245e+001  1.582470e+001
      vertex -1.480899e+001 -4.343212e+001  2.372707e+001
      vertex -1.219101e+001 -3.902678e+001  1.685102e+001
    endloop
  endfacet
  facet normal -9.391878e-001  3.264858e-001 -1.064576e-001
    outer loop
      vertex -1.219101e+001 -4.145864e+001  9.392951e+000
      vertex -1.480899e+001 -4.689245e+001  1.582470e+001
      vertex -1.219101e+001 -3.902678e+001  1.685102e+001
    endloop
  endfacet
  facet normal -9.331111e-001  2.993421e-001 -1.992433e-001
    outer loop
      vertex -1.480899e+001 -4.343212e+001  2.372707e+001
      vertex -1.480899e+001 -3.865212e+001  3.090851e+001
      vertex -1.219101e+001 -3.526590e+001  2.373525e+001
    endloop
  endfacet
  facet normal -9.392282e-001  3.012684e-001 -1.645837e-001
    outer loop
      vertex -1.219101e+001 -3.902678e+001  1.685102e+001
      vertex -1.480899e+001 -4.343212e+001  2.372707e+001
      vertex -1.219101e+001 -3.526590e+001  2.373525e+001
    endloop
  endfacet
  facet normal -9.331906e-001  2.600469e-001 -2.480541e-001
    outer loop
      vertex -1.480899e+001 -3.865212e+001  3.090851e+001
      vertex -1.480899e+001 -3.269770e+001  3.715081e+001
      vertex -1.219101e+001 -3.030409e+001  2.981121e+001
    endloop
  endfacet
  facet normal -9.391879e-001  2.659821e-001 -2.172091e-001
    outer loop
      vertex -1.219101e+001 -3.526590e+001  2.373525e+001
      vertex -1.480899e+001 -3.865212e+001  3.090851e+001
      vertex -1.219101e+001 -3.030409e+001  2.981121e+001
    endloop
  endfacet
  facet normal -9.333492e-001  2.127777e-001 -2.891104e-001
    outer loop
      vertex -1.480899e+001 -3.269770e+001  3.715081e+001
      vertex -1.480899e+001 -2.574978e+001  4.226431e+001
      vertex -1.219101e+001 -2.431031e+001  3.487198e+001
    endloop
  endfacet
  facet normal -9.390666e-001  2.217549e-001 -2.626379e-001
    outer loop
      vertex -1.219101e+001 -3.030409e+001  2.981121e+001
      vertex -1.480899e+001 -3.269770e+001  3.715081e+001
      vertex -1.219101e+001 -2.431031e+001  3.487198e+001
    endloop
  endfacet
  facet normal -9.335861e-001  1.590681e-001 -3.211141e-001
    outer loop
      vertex -1.480899e+001 -2.574978e+001  4.226431e+001
      vertex -1.480899e+001 -1.801946e+001  4.609362e+001
      vertex -1.219101e+001 -1.748867e+001  3.874522e+001
    endloop
  endfacet
  facet normal -9.388639e-001  1.699927e-001 -2.993947e-001
    outer loop
      vertex -1.219101e+001 -2.431031e+001  3.487198e+001
      vertex -1.480899e+001 -2.574978e+001  4.226431e+001
      vertex -1.219101e+001 -1.748867e+001  3.874522e+001
    endloop
  endfacet
  facet normal -9.339000e-001  1.006600e-001 -3.430720e-001
    outer loop
      vertex -1.480899e+001 -1.801946e+001  4.609362e+001
      vertex -1.480899e+001 -9.741633e+000  4.852240e+001
      vertex -1.219101e+001 -1.007148e+001  4.129905e+001
    endloop
  endfacet
  facet normal -9.385783e-001  1.123379e-001 -3.262681e-001
    outer loop
      vertex -1.219101e+001 -1.748867e+001  3.874522e+001
      vertex -1.480899e+001 -1.801946e+001  4.609362e+001
      vertex -1.219101e+001 -1.007148e+001  4.129905e+001
    endloop
  endfacet
  facet normal -9.342893e-001  3.944430e-002 -3.543272e-001
    outer loop
      vertex -1.480899e+001 -9.741633e+000  4.852240e+001
      vertex -1.480899e+001 -1.167810e+000  4.947685e+001
      vertex -1.219101e+001 -2.311314e+000  4.244648e+001
    endloop
  endfacet
  facet normal -9.382085e-001  5.062036e-002 -3.423485e-001
    outer loop
      vertex -1.219101e+001 -1.007148e+001  4.129905e+001
      vertex -1.480899e+001 -9.741633e+000  4.852240e+001
      vertex -1.219101e+001 -2.311314e+000  4.244648e+001
    endloop
  endfacet
  facet normal -9.347519e-001 -2.260581e-002 -3.545813e-001
    outer loop
      vertex -1.480899e+001 -1.167810e+000  4.947685e+001
      vertex -1.480899e+001  7.441497e+000  4.892798e+001
      vertex -1.219101e+001  5.527562e+000  4.214846e+001
    endloop
  endfacet
  facet normal -9.377520e-001 -1.319471e-002 -3.470548e-001
    outer loop
      vertex -1.219101e+001 -2.311314e+000  4.244648e+001
      vertex -1.480899e+001 -1.167810e+000  4.947685e+001
      vertex -1.219101e+001  5.527562e+000  4.214846e+001
    endloop
  endfacet
  facet normal -9.352856e-001 -8.350287e-002 -3.439013e-001
    outer loop
      vertex -1.480899e+001  7.441497e+000  4.892798e+001
      vertex -1.480899e+001  1.582470e+001  4.689245e+001
      vertex -1.219101e+001  1.317820e+001  4.041511e+001
    endloop
  endfacet
  facet normal -9.372064e-001 -7.706606e-002 -3.401543e-001
    outer loop
      vertex -1.219101e+001  5.527562e+000  4.214846e+001
      vertex -1.480899e+001  7.441497e+000  4.892798e+001
      vertex -1.219101e+001  1.317820e+001  4.041511e+001
    endloop
  endfacet
  facet normal -9.838133e-001  3.856121e-002  1.749985e-001
    outer loop
      vertex -1.219101e+001 -5.194983e+000 -4.219074e+001
      vertex -1.219101e+001 -1.301873e+001 -4.046676e+001
      vertex -1.200000e+001 -5.066253e+000 -4.114526e+001
    endloop
  endfacet
  facet normal -9.838132e-001  3.856122e-002  1.749986e-001
    outer loop
      vertex -1.200000e+001 -5.066253e+000 -4.114526e+001
      vertex -1.219101e+001 -1.301873e+001 -4.046676e+001
      vertex -1.200000e+001 -1.269613e+001 -3.946401e+001
    endloop
  endfacet
  facet normal -9.838133e-001  7.071042e-002  1.646557e-001
    outer loop
      vertex -1.219101e+001 -1.301873e+001 -4.046676e+001
      vertex -1.219101e+001 -2.038008e+001 -3.730548e+001
      vertex -1.200000e+001 -1.269613e+001 -3.946401e+001
    endloop
  endfacet
  facet normal -9.838132e-001  7.071040e-002  1.646557e-001
    outer loop
      vertex -1.200000e+001 -1.269613e+001 -3.946401e+001
      vertex -1.219101e+001 -2.038008e+001 -3.730548e+001
      vertex -1.200000e+001 -1.987506e+001 -3.638106e+001
    endloop
  endfacet
  facet normal -9.838198e-001 -1.777180e-001  2.268927e-002
    outer loop
      vertex -1.219101e+001  4.149293e+001 -9.240302e+000
      vertex -1.200000e+001  4.143083e+001 -1.444301e+000
      vertex -1.219101e+001  4.248356e+001 -1.480999e+000
    endloop
  endfacet
  facet normal -9.838198e-001 -1.788665e-001 -1.025856e-002
    outer loop
      vertex -1.219101e+001  4.248356e+001 -1.480999e+000
      vertex -1.200000e+001  4.143083e+001 -1.444301e+000
      vertex -1.200000e+001  4.099403e+001  6.171633e+000
    endloop
  endfacet
  facet normal -9.838199e-001 -1.788662e-001 -1.025851e-002
    outer loop
      vertex -1.219101e+001  4.248356e+001 -1.480999e+000
      vertex -1.200000e+001  4.099403e+001  6.171633e+000
      vertex -1.219101e+001  4.203566e+001  6.328451e+000
    endloop
  endfacet
  facet normal -9.838200e-001 -1.739583e-001 -4.285899e-002
    outer loop
      vertex -1.219101e+001  4.203566e+001  6.328451e+000
      vertex -1.200000e+001  4.099403e+001  6.171633e+000
      vertex -1.200000e+001  3.916914e+001  1.357859e+001
    endloop
  endfacet
  facet normal -9.838199e-001 -1.739586e-001 -4.285912e-002
    outer loop
      vertex -1.219101e+001  4.203566e+001  6.328451e+000
      vertex -1.200000e+001  3.916914e+001  1.357859e+001
      vertex -1.219101e+001  4.016440e+001  1.392361e+001
    endloop
  endfacet
  facet normal -9.838198e-001 -1.631602e-001 -7.400837e-002
    outer loop
      vertex -1.219101e+001  4.016440e+001  1.392361e+001
      vertex -1.200000e+001  3.916914e+001  1.357859e+001
      vertex -1.200000e+001  3.601795e+001  2.052576e+001
    endloop
  endfacet
  facet normal -9.838199e-001 -1.631602e-001 -7.400841e-002
    outer loop
      vertex -1.219101e+001  4.016440e+001  1.392361e+001
      vertex -1.200000e+001  3.601795e+001  2.052576e+001
      vertex -1.219101e+001  3.693314e+001  2.104731e+001
    endloop
  endfacet
  facet normal -9.838198e-001 -1.468371e-001 -1.026517e-001
    outer loop
      vertex -1.219101e+001  3.693314e+001  2.104731e+001
      vertex -1.200000e+001  3.601795e+001  2.052576e+001
      vertex -1.200000e+001  3.164716e+001  2.677792e+001
    endloop
  endfacet
  facet normal -9.838199e-001 -1.468367e-001 -1.026513e-001
    outer loop
      vertex -1.219101e+001  3.693314e+001  2.104731e+001
      vertex -1.200000e+001  3.164716e+001  2.677792e+001
      vertex -1.219101e+001  3.245129e+001  2.745833e+001
    endloop
  endfacet
  facet normal -9.838200e-001 -1.255417e-001 -1.278188e-001
    outer loop
      vertex -1.219101e+001  3.245129e+001  2.745833e+001
      vertex -1.200000e+001  3.164716e+001  2.677792e+001
      vertex -1.200000e+001  2.620477e+001  3.212335e+001
    endloop
  endfacet
  facet normal -9.838198e-001 -1.255418e-001 -1.278190e-001
    outer loop
      vertex -1.219101e+001  3.245129e+001  2.745833e+001
      vertex -1.200000e+001  2.620477e+001  3.212335e+001
      vertex -1.219101e+001  2.687062e+001  3.293959e+001
    endloop
  endfacet
  facet normal -9.838198e-001 -9.999569e-002 -1.486583e-001
    outer loop
      vertex -1.219101e+001  2.687062e+001  3.293959e+001
      vertex -1.200000e+001  2.620477e+001  3.212335e+001
      vertex -1.200000e+001  1.987506e+001  3.638106e+001
    endloop
  endfacet
  facet normal -9.838198e-001 -9.999572e-002 -1.486584e-001
    outer loop
      vertex -1.219101e+001  2.687062e+001  3.293959e+001
      vertex -1.200000e+001  1.987506e+001  3.638106e+001
      vertex -1.219101e+001  2.038008e+001  3.730548e+001
    endloop
  endfacet
  facet normal -9.838198e-001 -1.777179e-001  2.268927e-002
    outer loop
      vertex -1.200000e+001  4.143083e+001 -1.444301e+000
      vertex -1.219101e+001  4.149293e+001 -9.240302e+000
      vertex -1.200000e+001  4.046474e+001 -9.011330e+000
    endloop
  endfacet
  facet normal -9.838198e-001 -1.705516e-001  5.486889e-002
    outer loop
      vertex -1.200000e+001  4.046474e+001 -9.011330e+000
      vertex -1.219101e+001  4.149293e+001 -9.240302e+000
      vertex -1.219101e+001  3.909731e+001 -1.668672e+001
    endloop
  endfacet
  facet normal -9.838198e-001 -1.705519e-001  5.486894e-002
    outer loop
      vertex -1.200000e+001  4.046474e+001 -9.011330e+000
      vertex -1.219101e+001  3.909731e+001 -1.668672e+001
      vertex -1.200000e+001  3.812849e+001 -1.627323e+001
    endloop
  endfacet
  facet normal -9.838198e-001 -1.576106e-001  8.519071e-002
    outer loop
      vertex -1.200000e+001  3.812849e+001 -1.627323e+001
      vertex -1.219101e+001  3.909731e+001 -1.668672e+001
      vertex -1.219101e+001  3.537782e+001 -2.356811e+001
    endloop
  endfacet
  facet normal -9.838198e-001 -1.576104e-001  8.519065e-002
    outer loop
      vertex -1.200000e+001  3.812849e+001 -1.627323e+001
      vertex -1.219101e+001  3.537782e+001 -2.356811e+001
      vertex -1.200000e+001  3.450117e+001 -2.298410e+001
    endloop
  endfacet
  facet normal -9.838198e-001 -1.393324e-001  1.126277e-001
    outer loop
      vertex -1.200000e+001  3.450117e+001 -2.298410e+001
      vertex -1.219101e+001  3.537782e+001 -2.356811e+001
      vertex -1.219101e+001  3.046041e+001 -2.965146e+001
    endloop
  endfacet
  facet normal -9.838198e-001 -1.393323e-001  1.126276e-001
    outer loop
      vertex -1.200000e+001  3.450117e+001 -2.298410e+001
      vertex -1.219101e+001  3.046041e+001 -2.965146e+001
      vertex -1.200000e+001  2.970561e+001 -2.891671e+001
    endloop
  endfacet
  facet normal -9.838198e-001 -1.163363e-001  1.362510e-001
    outer loop
      vertex -1.200000e+001  2.970561e+001 -2.891671e+001
      vertex -1.219101e+001  3.046041e+001 -2.965146e+001
      vertex -1.219101e+001  2.451159e+001 -3.473080e+001
    endloop
  endfacet
  facet normal -9.838198e-001 -1.163364e-001  1.362511e-001
    outer loop
      vertex -1.200000e+001  2.970561e+001 -2.891671e+001
      vertex -1.219101e+001  2.451159e+001 -3.473080e+001
      vertex -1.200000e+001  2.390420e+001 -3.387018e+001
    endloop
  endfacet
  facet normal -9.838198e-001 -8.940110e-002  1.552610e-001
    outer loop
      vertex -1.200000e+001  2.390420e+001 -3.387018e+001
      vertex -1.219101e+001  2.451159e+001 -3.473080e+001
      vertex -1.219101e+001  1.773278e+001 -3.863411e+001
    endloop
  endfacet
  facet normal -9.838200e-001 -8.940076e-002  1.552606e-001
    outer loop
      vertex -1.200000e+001  2.390420e+001 -3.387018e+001
      vertex -1.219101e+001  1.773278e+001 -3.863411e+001
      vertex -1.200000e+001  1.729337e+001 -3.767677e+001
    endloop
  endfacet
  facet normal -9.838199e-001 -5.943846e-002  1.690130e-001
    outer loop
      vertex -1.200000e+001  1.729337e+001 -3.767677e+001
      vertex -1.219101e+001  1.773278e+001 -3.863411e+001
      vertex -1.219101e+001  1.035353e+001 -4.122925e+001
    endloop
  endfacet
  facet normal -9.838200e-001 -5.943840e-002  1.690129e-001
    outer loop
      vertex -1.200000e+001  1.729337e+001 -3.767677e+001
      vertex -1.219101e+001  1.035353e+001 -4.122925e+001
      vertex -1.200000e+001  1.009697e+001 -4.020760e+001
    endloop
  endfacet
  facet normal -9.838199e-001 -2.746333e-002  1.770425e-001
    outer loop
      vertex -1.200000e+001  1.009697e+001 -4.020760e+001
      vertex -1.219101e+001  1.035353e+001 -4.122925e+001
      vertex -1.219101e+001  2.623692e+000 -4.242832e+001
    endloop
  endfacet
  facet normal -9.838198e-001 -2.746352e-002  1.770431e-001
    outer loop
      vertex -1.200000e+001  1.009697e+001 -4.020760e+001
      vertex -1.219101e+001  2.623692e+000 -4.242832e+001
      vertex -1.200000e+001  2.558677e+000 -4.137696e+001
    endloop
  endfacet
  facet normal -9.838198e-001  5.441574e-003  1.790779e-001
    outer loop
      vertex -1.200000e+001  2.558677e+000 -4.137696e+001
      vertex -1.219101e+001  2.623692e+000 -4.242832e+001
      vertex -1.219101e+001 -5.194983e+000 -4.219074e+001
    endloop
  endfacet
  facet normal -9.838199e-001  5.441595e-003  1.790777e-001
    outer loop
      vertex -1.200000e+001  2.558677e+000 -4.137696e+001
      vertex -1.219101e+001 -5.194983e+000 -4.219074e+001
      vertex -1.200000e+001 -5.066253e+000 -4.114526e+001
    endloop
  endfacet
  facet normal -9.838191e-001  1.000372e-001  1.486356e-001
    outer loop
      vertex -1.219101e+001 -2.038008e+001 -3.730548e+001
      vertex -1.219101e+001 -2.688793e+001 -3.292545e+001
      vertex -1.200000e+001 -1.987506e+001 -3.638106e+001
    endloop
  endfacet
  facet normal -9.850867e-001  9.689249e-002  1.421836e-001
    outer loop
      vertex -1.219101e+001 -2.688793e+001 -3.292545e+001
      vertex -1.200000e+001 -2.659076e+001 -3.180457e+001
      vertex -1.200000e+001 -1.987506e+001 -3.638106e+001
    endloop
  endfacet
  facet normal -9.850867e-001 -6.729216e-002 -1.583543e-001
    outer loop
      vertex -1.200000e+001  1.239558e+001  3.955944e+001
      vertex -1.219101e+001  1.317820e+001  4.041511e+001
      vertex -1.200000e+001  1.987506e+001  3.638106e+001
    endloop
  endfacet
  facet normal -9.838191e-001 -7.102221e-002 -1.644865e-001
    outer loop
      vertex -1.219101e+001  1.317820e+001  4.041511e+001
      vertex -1.219101e+001  2.038008e+001  3.730548e+001
      vertex -1.200000e+001  1.987506e+001  3.638106e+001
    endloop
  endfacet
  facet normal -9.824966e-001  1.306362e-001  1.327961e-001
    outer loop
      vertex -1.219101e+001 -2.688793e+001 -3.292545e+001
      vertex -1.219101e+001 -3.248015e+001 -2.742419e+001
      vertex -1.200000e+001 -2.659076e+001 -3.180457e+001
    endloop
  endfacet
  facet normal -9.812155e-001  1.582551e-001  1.103244e-001
    outer loop
      vertex -1.219101e+001 -3.248015e+001 -2.742419e+001
      vertex -1.219101e+001 -3.696629e+001 -2.098903e+001
      vertex -1.200000e+001 -3.228459e+001 -2.600586e+001
    endloop
  endfacet
  facet normal -9.860908e-001  1.185944e-001  1.164493e-001
    outer loop
      vertex -1.200000e+001 -2.659076e+001 -3.180457e+001
      vertex -1.219101e+001 -3.248015e+001 -2.742419e+001
      vertex -1.200000e+001 -3.228459e+001 -2.600586e+001
    endloop
  endfacet
  facet normal -9.800193e-001  1.812901e-001  8.183006e-002
    outer loop
      vertex -1.219101e+001 -3.696629e+001 -2.098903e+001
      vertex -1.219101e+001 -4.019360e+001 -1.383911e+001
      vertex -1.200000e+001 -3.673774e+001 -1.920775e+001
    endloop
  endfacet
  facet normal -9.868735e-001  1.350914e-001  8.849266e-002
    outer loop
      vertex -1.200000e+001 -3.228459e+001 -2.600586e+001
      vertex -1.219101e+001 -3.696629e+001 -2.098903e+001
      vertex -1.200000e+001 -3.673774e+001 -1.920775e+001
    endloop
  endfacet
  facet normal -9.789540e-001  1.982703e-001  4.835163e-002
    outer loop
      vertex -1.219101e+001 -4.019360e+001 -1.383911e+001
      vertex -1.219101e+001 -4.205215e+001 -6.217922e+000
      vertex -1.200000e+001 -3.977909e+001 -1.167150e+001
    endloop
  endfacet
  facet normal -9.874769e-001  1.462996e-001  5.904096e-002
    outer loop
      vertex -1.200000e+001 -3.673774e+001 -1.920775e+001
      vertex -1.219101e+001 -4.019360e+001 -1.383911e+001
      vertex -1.200000e+001 -3.977909e+001 -1.167150e+001
    endloop
  endfacet
  facet normal -9.780661e-001  2.079867e-001  1.132535e-002
    outer loop
      vertex -1.219101e+001 -4.205215e+001 -6.217922e+000
      vertex -1.219101e+001 -4.247868e+001  1.615013e+000
      vertex -1.200000e+001 -4.129174e+001 -3.686722e+000
    endloop
  endfacet
  facet normal -9.879304e-001  1.521916e-001  2.883150e-002
    outer loop
      vertex -1.200000e+001 -3.977909e+001 -1.167150e+001
      vertex -1.219101e+001 -4.205215e+001 -6.217922e+000
      vertex -1.200000e+001 -4.129174e+001 -3.686722e+000
    endloop
  endfacet
  facet normal -9.773972e-001  2.096160e-001 -2.749012e-002
    outer loop
      vertex -1.219101e+001 -4.247868e+001  1.615013e+000
      vertex -1.219101e+001 -4.145864e+001  9.392951e+000
      vertex -1.200000e+001 -4.121758e+001  4.439736e+000
    endloop
  endfacet
  facet normal -9.882547e-001  1.528095e-001 -1.394602e-003
    outer loop
      vertex -1.200000e+001 -4.129174e+001 -3.686722e+000
      vertex -1.219101e+001 -4.247868e+001  1.615013e+000
      vertex -1.200000e+001 -4.121758e+001  4.439736e+000
    endloop
  endfacet
  facet normal -9.769814e-001  2.028150e-001 -6.613212e-002
    outer loop
      vertex -1.219101e+001 -4.145864e+001  9.392951e+000
      vertex -1.219101e+001 -3.902678e+001  1.685102e+001
      vertex -1.200000e+001 -3.955944e+001  1.239558e+001
    endloop
  endfacet
  facet normal -9.884638e-001  1.482717e-001 -3.090238e-002
    outer loop
      vertex -1.200000e+001 -4.121758e+001  4.439736e+000
      vertex -1.219101e+001 -4.145864e+001  9.392951e+000
      vertex -1.200000e+001 -3.955944e+001  1.239558e+001
    endloop
  endfacet
  facet normal -9.768404e-001  1.877759e-001 -1.025824e-001
    outer loop
      vertex -1.219101e+001 -3.902678e+001  1.685102e+001
      vertex -1.219101e+001 -3.526590e+001  2.373525e+001
      vertex -1.200000e+001 -3.638106e+001  1.987506e+001
    endloop
  endfacet
  facet normal -9.885662e-001  1.387769e-001 -5.897279e-002
    outer loop
      vertex -1.200000e+001 -3.955944e+001  1.239558e+001
      vertex -1.219101e+001 -3.902678e+001  1.685102e+001
      vertex -1.200000e+001 -3.638106e+001  1.987506e+001
    endloop
  endfacet
  facet normal -9.769815e-001  1.652294e-001 -1.349313e-001
    outer loop
      vertex -1.219101e+001 -3.526590e+001  2.373525e+001
      vertex -1.219101e+001 -3.030409e+001  2.981121e+001
      vertex -1.200000e+001 -3.180457e+001  2.659076e+001
    endloop
  endfacet
  facet normal -9.885663e-001  1.246053e-001 -8.491354e-002
    outer loop
      vertex -1.200000e+001 -3.638106e+001  1.987506e+001
      vertex -1.219101e+001 -3.526590e+001  2.373525e+001
      vertex -1.200000e+001 -3.180457e+001  2.659076e+001
    endloop
  endfacet
  facet normal -9.773975e-001  1.363876e-001 -1.615323e-001
    outer loop
      vertex -1.219101e+001 -3.030409e+001  2.981121e+001
      vertex -1.219101e+001 -2.431031e+001  3.487198e+001
      vertex -1.200000e+001 -2.600586e+001  3.228459e+001
    endloop
  endfacet
  facet normal -9.884637e-001  1.061147e-001 -1.080695e-001
    outer loop
      vertex -1.200000e+001 -3.180457e+001  2.659076e+001
      vertex -1.219101e+001 -3.030409e+001  2.981121e+001
      vertex -1.200000e+001 -2.600586e+001  3.228459e+001
    endloop
  endfacet
  facet normal -9.780662e-001  1.028455e-001 -1.811336e-001
    outer loop
      vertex -1.219101e+001 -2.431031e+001  3.487198e+001
      vertex -1.219101e+001 -1.748867e+001  3.874522e+001
      vertex -1.200000e+001 -1.920775e+001  3.673774e+001
    endloop
  endfacet
  facet normal -9.882547e-001  8.373663e-002 -1.278309e-001
    outer loop
      vertex -1.200000e+001 -2.600586e+001  3.228459e+001
      vertex -1.219101e+001 -2.431031e+001  3.487198e+001
      vertex -1.200000e+001 -1.920775e+001  3.673774e+001
    endloop
  endfacet
  facet normal -9.789541e-001  6.643948e-002 -1.929633e-001
    outer loop
      vertex -1.219101e+001 -1.748867e+001  3.874522e+001
      vertex -1.219101e+001 -1.007148e+001  4.129905e+001
      vertex -1.200000e+001 -1.167150e+001  3.977909e+001
    endloop
  endfacet
  facet normal -9.879303e-001  5.796864e-002 -1.436425e-001
    outer loop
      vertex -1.200000e+001 -1.920775e+001  3.673774e+001
      vertex -1.219101e+001 -1.748867e+001  3.874522e+001
      vertex -1.200000e+001 -1.167150e+001  3.977909e+001
    endloop
  endfacet
  facet normal -9.800192e-001  2.909392e-002 -1.967639e-001
    outer loop
      vertex -1.219101e+001 -1.007148e+001  4.129905e+001
      vertex -1.219101e+001 -2.311314e+000  4.244648e+001
      vertex -1.200000e+001 -3.686722e+000  4.129174e+001
    endloop
  endfacet
  facet normal -9.874769e-001  2.936483e-002 -1.550069e-001
    outer loop
      vertex -1.200000e+001 -1.167150e+001  3.977909e+001
      vertex -1.219101e+001 -1.007148e+001  4.129905e+001
      vertex -1.200000e+001 -3.686722e+000  4.129174e+001
    endloop
  endfacet
  facet normal -9.812155e-001 -7.329164e-003 -1.927758e-001
    outer loop
      vertex -1.219101e+001 -2.311314e+000  4.244648e+001
      vertex -1.219101e+001  5.527562e+000  4.214846e+001
      vertex -1.200000e+001  4.439736e+000  4.121758e+001
    endloop
  endfacet
  facet normal -9.868735e-001 -1.473811e-003 -1.614887e-001
    outer loop
      vertex -1.200000e+001 -3.686722e+000  4.129174e+001
      vertex -1.219101e+001 -2.311314e+000  4.244648e+001
      vertex -1.200000e+001  4.439736e+000  4.121758e+001
    endloop
  endfacet
  facet normal -9.824966e-001 -4.116102e-002 -1.816766e-001
    outer loop
      vertex -1.219101e+001  5.527562e+000  4.214846e+001
      vertex -1.219101e+001  1.317820e+001  4.041511e+001
      vertex -1.200000e+001  1.239558e+001  3.955944e+001
    endloop
  endfacet
  facet normal -9.860907e-001 -3.391191e-002 -1.627117e-001
    outer loop
      vertex -1.200000e+001  4.439736e+000  4.121758e+001
      vertex -1.219101e+001  5.527562e+000  4.214846e+001
      vertex -1.200000e+001  1.239558e+001  3.955944e+001
    endloop
  endfacet
  facet normal -1.000000e+000  0.000000e+000  0.000000e+000
    outer loop
      vertex -1.200000e+001  1.729337e+001 -3.767677e+001
      vertex -1.200000e+001  2.721626e+000 -3.830235e+001
      vertex -1.200000e+001  1.019334e+001 -3.702125e+001
    endloop
  endfacet
  facet normal -1.000000e+000  0.000000e+000  0.000000e+000
    outer loop
      vertex -1.200000e+001  4.439736e+000  4.121758e+001
      vertex -1.200000e+001  1.239558e+001  3.955944e+001
      vertex -1.200000e+001 -3.686722e+000  4.129174e+001
    endloop
  endfacet
  facet normal -1.000000e+000  0.000000e+000  0.000000e+000
    outer loop
      vertex -1.200000e+001 -3.686722e+000  4.129174e+001
      vertex -1.200000e+001  1.239558e+001  3.955944e+001
      vertex -1.200000e+001  4.112338e+000  3.817808e+001
    endloop
  endfacet
  facet normal -1.000000e+000  0.000000e+000  0.000000e+000
    outer loop
      vertex -1.200000e+001 -3.686722e+000  4.129174e+001
      vertex -1.200000e+001  4.112338e+000  3.817808e+001
      vertex -1.200000e+001 -1.167150e+001  3.977909e+001
    endloop
  endfacet
  facet normal -1.000000e+000  0.000000e+000  0.000000e+000
    outer loop
      vertex -1.200000e+001 -1.167150e+001  3.977909e+001
      vertex -1.200000e+001  4.112338e+000  3.817808e+001
      vertex -1.200000e+001 -3.414854e+000  3.824678e+001
    endloop
  endfacet
  facet normal -1.000000e+000  -0.000000e+000  0.000000e+000
    outer loop
      vertex -1.200000e+001 -1.167150e+001  3.977909e+001
      vertex -1.200000e+001 -3.414854e+000  3.824678e+001
      vertex -1.200000e+001 -1.920775e+001  3.673774e+001
    endloop
  endfacet
  facet normal -1.000000e+000  0.000000e+000  0.000000e+000
    outer loop
      vertex -1.200000e+001 -1.920775e+001  3.673774e+001
      vertex -1.200000e+001 -3.414854e+000  3.824678e+001
      vertex -1.200000e+001 -1.081081e+001  3.684567e+001
    endloop
  endfacet
  facet normal -1.000000e+000  0.000000e+000  0.000000e+000
    outer loop
      vertex -1.200000e+001 -1.920775e+001  3.673774e+001
      vertex -1.200000e+001 -1.081081e+001  3.684567e+001
      vertex -1.200000e+001 -2.600586e+001  3.228459e+001
    endloop
  endfacet
  facet normal -1.000000e+000  0.000000e+000  0.000000e+000
    outer loop
      vertex -1.200000e+001 -2.600586e+001  3.228459e+001
      vertex -1.200000e+001 -1.081081e+001  3.684567e+001
      vertex -1.200000e+001 -1.779132e+001  3.402861e+001
    endloop
  endfacet
  facet normal -1.000000e+000  0.000000e+000  0.000000e+000
    outer loop
      vertex -1.200000e+001 -2.600586e+001  3.228459e+001
      vertex -1.200000e+001 -1.779132e+001  3.402861e+001
      vertex -1.200000e+001 -2.408812e+001  2.990384e+001
    endloop
  endfacet
  facet normal -1.000000e+000  0.000000e+000  0.000000e+000
    outer loop
      vertex -1.200000e+001  1.729337e+001 -3.767677e+001
      vertex -1.200000e+001  1.009697e+001 -4.020760e+001
      vertex -1.200000e+001  2.721626e+000 -3.830235e+001
    endloop
  endfacet
  facet normal -1.000000e+000  0.000000e+000  -0.000000e+000
    outer loop
      vertex -1.200000e+001  2.721626e+000 -3.830235e+001
      vertex -1.200000e+001  1.009697e+001 -4.020760e+001
      vertex -1.200000e+001  2.558677e+000 -4.137696e+001
    endloop
  endfacet
  facet normal -1.000000e+000  0.000000e+000  0.000000e+000
    outer loop
      vertex -1.200000e+001  2.721626e+000 -3.830235e+001
      vertex -1.200000e+001  2.558677e+000 -4.137696e+001
      vertex -1.200000e+001 -4.856159e+000 -3.809061e+001
    endloop
  endfacet
  facet normal -1.000000e+000  0.000000e+000  -0.000000e+000
    outer loop
      vertex -1.200000e+001 -4.856159e+000 -3.809061e+001
      vertex -1.200000e+001  2.558677e+000 -4.137696e+001
      vertex -1.200000e+001 -5.066253e+000 -4.114526e+001
    endloop
  endfacet
  facet normal -1.000000e+000  0.000000e+000  0.000000e+000
    outer loop
      vertex -1.200000e+001 -4.856159e+000 -3.809061e+001
      vertex -1.200000e+001 -5.066253e+000 -4.114526e+001
      vertex -1.200000e+001 -1.269613e+001 -3.946401e+001
    endloop
  endfacet
  facet normal -1.000000e+000  0.000000e+000  0.000000e+000
    outer loop
      vertex -1.200000e+001 -4.856159e+000 -3.809061e+001
      vertex -1.200000e+001 -1.269613e+001 -3.946401e+001
      vertex -1.200000e+001 -1.183829e+001 -3.652851e+001
    endloop
  endfacet
  facet normal -1.000000e+000  -0.000000e+000  0.000000e+000
    outer loop
      vertex -1.200000e+001 -1.183829e+001 -3.652851e+001
      vertex -1.200000e+001 -1.269613e+001 -3.946401e+001
      vertex -1.200000e+001 -1.987506e+001 -3.638106e+001
    endloop
  endfacet
  facet normal -1.000000e+000  0.000000e+000  0.000000e+000
    outer loop
      vertex -1.200000e+001 -1.183829e+001 -3.652851e+001
      vertex -1.200000e+001 -1.987506e+001 -3.638106e+001
      vertex -1.200000e+001 -1.840942e+001 -3.369823e+001
    endloop
  endfacet
  facet normal -1.000000e+000  -0.000000e+000  0.000000e+000
    outer loop
      vertex -1.200000e+001 -1.840942e+001 -3.369823e+001
      vertex -1.200000e+001 -1.987506e+001 -3.638106e+001
      vertex -1.200000e+001 -2.659076e+001 -3.180457e+001
    endloop
  endfacet
  facet normal -1.000000e+000  0.000000e+000  0.000000e+000
    outer loop
      vertex -1.200000e+001 -1.840942e+001 -3.369823e+001
      vertex -1.200000e+001 -2.659076e+001 -3.180457e+001
      vertex -1.200000e+001 -2.462989e+001 -2.945922e+001
    endloop
  endfacet
  facet normal -1.000000e+000  -0.000000e+000  0.000000e+000
    outer loop
      vertex -1.200000e+001 -2.462989e+001 -2.945922e+001
      vertex -1.200000e+001 -2.659076e+001 -3.180457e+001
      vertex -1.200000e+001 -3.228459e+001 -2.600586e+001
    endloop
  endfacet
  facet normal -1.000000e+000  0.000000e+000  0.000000e+000
    outer loop
      vertex -1.200000e+001 -2.462989e+001 -2.945922e+001
      vertex -1.200000e+001 -3.228459e+001 -2.600586e+001
      vertex -1.200000e+001 -2.990384e+001 -2.408812e+001
    endloop
  endfacet
  facet normal -1.000000e+000  0.000000e+000  0.000000e+000
    outer loop
      vertex -1.200000e+001 -2.990384e+001 -2.408812e+001
      vertex -1.200000e+001 -3.228459e+001 -2.600586e+001
      vertex -1.200000e+001 -3.402861e+001 -1.779132e+001
    endloop
  endfacet
  facet normal -9.999999e-001  0.000000e+000  -0.000000e+000
    outer loop
      vertex -1.200000e+001 -3.402861e+001 -1.779132e+001
      vertex -1.200000e+001 -3.228459e+001 -2.600586e+001
      vertex -1.200000e+001 -3.673774e+001 -1.920775e+001
    endloop
  endfacet
  facet normal -1.000000e+000  0.000000e+000  0.000000e+000
    outer loop
      vertex -1.200000e+001 -3.402861e+001 -1.779132e+001
      vertex -1.200000e+001 -3.673774e+001 -1.920775e+001
      vertex -1.200000e+001 -3.684567e+001 -1.081081e+001
    endloop
  endfacet
  facet normal -9.999999e-001  0.000000e+000  -0.000000e+000
    outer loop
      vertex -1.200000e+001 -3.684567e+001 -1.081081e+001
      vertex -1.200000e+001 -3.673774e+001 -1.920775e+001
      vertex -1.200000e+001 -3.977909e+001 -1.167150e+001
    endloop
  endfacet
  facet normal -1.000000e+000  0.000000e+000  0.000000e+000
    outer loop
      vertex -1.200000e+001 -3.684567e+001 -1.081081e+001
      vertex -1.200000e+001 -3.977909e+001 -1.167150e+001
      vertex -1.200000e+001 -3.824678e+001 -3.414854e+000
    endloop
  endfacet
  facet normal -1.000000e+000  0.000000e+000  0.000000e+000
    outer loop
      vertex -1.200000e+001 -3.824678e+001 -3.414854e+000
      vertex -1.200000e+001 -3.977909e+001 -1.167150e+001
      vertex -1.200000e+001 -4.129174e+001 -3.686722e+000
    endloop
  endfacet
  facet normal -1.000000e+000  0.000000e+000  0.000000e+000
    outer loop
      vertex -1.200000e+001 -3.824678e+001 -3.414854e+000
      vertex -1.200000e+001 -4.129174e+001 -3.686722e+000
      vertex -1.200000e+001 -3.817808e+001  4.112338e+000
    endloop
  endfacet
  facet normal -1.000000e+000  -0.000000e+000  0.000000e+000
    outer loop
      vertex -1.200000e+001 -3.817808e+001  4.112338e+000
      vertex -1.200000e+001 -4.129174e+001 -3.686722e+000
      vertex -1.200000e+001 -4.121758e+001  4.439736e+000
    endloop
  endfacet
  facet normal -1.000000e+000  0.000000e+000  0.000000e+000
    outer loop
      vertex -1.200000e+001 -3.817808e+001  4.112338e+000
      vertex -1.200000e+001 -4.121758e+001  4.439736e+000
      vertex -1.200000e+001 -3.664222e+001  1.148149e+001
    endloop
  endfacet
  facet normal -9.999999e-001  -0.000000e+000  0.000000e+000
    outer loop
      vertex -1.200000e+001 -3.664222e+001  1.148149e+001
      vertex -1.200000e+001 -4.121758e+001  4.439736e+000
      vertex -1.200000e+001 -3.955944e+001  1.239558e+001
    endloop
  endfacet
  facet normal -1.000000e+000  0.000000e+000  0.000000e+000
    outer loop
      vertex -1.200000e+001 -3.664222e+001  1.148149e+001
      vertex -1.200000e+001 -3.955944e+001  1.239558e+001
      vertex -1.200000e+001 -3.369823e+001  1.840942e+001
    endloop
  endfacet
  facet normal -9.999999e-001  -0.000000e+000  0.000000e+000
    outer loop
      vertex -1.200000e+001 -3.369823e+001  1.840942e+001
      vertex -1.200000e+001 -3.955944e+001  1.239558e+001
      vertex -1.200000e+001 -3.638106e+001  1.987506e+001
    endloop
  endfacet
  facet normal -1.000000e+000  0.000000e+000  0.000000e+000
    outer loop
      vertex -1.200000e+001 -3.369823e+001  1.840942e+001
      vertex -1.200000e+001 -3.638106e+001  1.987506e+001
      vertex -1.200000e+001 -2.945922e+001  2.462989e+001
    endloop
  endfacet
  facet normal -1.000000e+000  -0.000000e+000  0.000000e+000
    outer loop
      vertex -1.200000e+001 -2.945922e+001  2.462989e+001
      vertex -1.200000e+001 -3.638106e+001  1.987506e+001
      vertex -1.200000e+001 -3.180457e+001  2.659076e+001
    endloop
  endfacet
  facet normal -1.000000e+000  0.000000e+000  0.000000e+000
    outer loop
      vertex -1.200000e+001 -2.945922e+001  2.462989e+001
      vertex -1.200000e+001 -3.180457e+001  2.659076e+001
      vertex -1.200000e+001 -2.408812e+001  2.990384e+001
    endloop
  endfacet
  facet normal -9.999999e-001  -0.000000e+000  0.000000e+000
    outer loop
      vertex -1.200000e+001 -2.408812e+001  2.990384e+001
      vertex -1.200000e+001 -3.180457e+001  2.659076e+001
      vertex -1.200000e+001 -2.600586e+001  3.228459e+001
    endloop
  endfacet
  facet normal -1.000000e+000  0.000000e+000  0.000000e+000
    outer loop
      vertex -1.200000e+001  1.729337e+001 -3.767677e+001
      vertex -1.200000e+001  1.019334e+001 -3.702125e+001
      vertex -1.200000e+001  2.390420e+001 -3.387018e+001
    endloop
  endfacet
  facet normal -1.000000e+000  0.000000e+000  0.000000e+000
    outer loop
      vertex -1.200000e+001  2.390420e+001 -3.387018e+001
      vertex -1.200000e+001  1.019334e+001 -3.702125e+001
      vertex -1.200000e+001  1.726776e+001 -3.429726e+001
    endloop
  endfacet
  facet normal -9.999999e-001  0.000000e+000  0.000000e+000
    outer loop
      vertex -1.200000e+001  2.390420e+001 -3.387018e+001
      vertex -1.200000e+001  1.726776e+001 -3.429726e+001
      vertex -1.200000e+001  2.970561e+001 -2.891671e+001
    endloop
  endfacet
  facet normal -1.000000e+000  0.000000e+000  0.000000e+000
    outer loop
      vertex -1.200000e+001  2.970561e+001 -2.891671e+001
      vertex -1.200000e+001  1.726776e+001 -3.429726e+001
      vertex -1.200000e+001  2.366918e+001 -3.023652e+001
    endloop
  endfacet
  facet normal -9.999999e-001  0.000000e+000  0.000000e+000
    outer loop
      vertex -1.200000e+001  2.970561e+001 -2.891671e+001
      vertex -1.200000e+001  2.366918e+001 -3.023652e+001
      vertex -1.200000e+001  3.450117e+001 -2.298410e+001
    endloop
  endfacet
  facet normal -1.000000e+000  0.000000e+000  0.000000e+000
    outer loop
      vertex -1.200000e+001  3.450117e+001 -2.298410e+001
      vertex -1.200000e+001  2.366918e+001 -3.023652e+001
      vertex -1.200000e+001  2.914809e+001 -2.499733e+001
    endloop
  endfacet
  facet normal -1.000000e+000  0.000000e+000  0.000000e+000
    outer loop
      vertex -1.200000e+001  3.450117e+001 -2.298410e+001
      vertex -1.200000e+001  2.914809e+001 -2.499733e+001
      vertex -1.200000e+001  3.812849e+001 -1.627323e+001
    endloop
  endfacet
  facet normal -1.000000e+000  0.000000e+000  0.000000e+000
    outer loop
      vertex -1.200000e+001  3.812849e+001 -1.627323e+001
      vertex -1.200000e+001  2.914809e+001 -2.499733e+001
      vertex -1.200000e+001  3.349096e+001 -1.878386e+001
    endloop
  endfacet
  facet normal -1.000000e+000  0.000000e+000  0.000000e+000
    outer loop
      vertex -1.200000e+001  3.812849e+001 -1.627323e+001
      vertex -1.200000e+001  3.349096e+001 -1.878386e+001
      vertex -1.200000e+001  4.046474e+001 -9.011330e+000
    endloop
  endfacet
  facet normal -1.000000e+000  0.000000e+000  0.000000e+000
    outer loop
      vertex -1.200000e+001  4.046474e+001 -9.011330e+000
      vertex -1.200000e+001  3.349096e+001 -1.878386e+001
      vertex -1.200000e+001  3.652851e+001 -1.183829e+001
    endloop
  endfacet
  facet normal -1.000000e+000  0.000000e+000  0.000000e+000
    outer loop
      vertex -1.200000e+001  4.046474e+001 -9.011330e+000
      vertex -1.200000e+001  3.652851e+001 -1.183829e+001
      vertex -1.200000e+001  4.143083e+001 -1.444301e+000
    endloop
  endfacet
  facet normal -1.000000e+000  0.000000e+000  0.000000e+000
    outer loop
      vertex -1.200000e+001  4.143083e+001 -1.444301e+000
      vertex -1.200000e+001  3.652851e+001 -1.183829e+001
      vertex -1.200000e+001  3.814237e+001 -4.431326e+000
    endloop
  endfacet
  facet normal -1.000000e+000  0.000000e+000  0.000000e+000
    outer loop
      vertex -1.200000e+001  4.143083e+001 -1.444301e+000
      vertex -1.200000e+001  3.814237e+001 -4.431326e+000
      vertex -1.200000e+001  4.099403e+001  6.171633e+000
    endloop
  endfacet
  facet normal -1.000000e+000  0.000000e+000  0.000000e+000
    outer loop
      vertex -1.200000e+001  4.099403e+001  6.171633e+000
      vertex -1.200000e+001  3.814237e+001 -4.431326e+000
      vertex -1.200000e+001  3.826964e+001  3.148348e+000
    endloop
  endfacet
  facet normal -9.999999e-001  0.000000e+000  0.000000e+000
    outer loop
      vertex -1.200000e+001  4.099403e+001  6.171633e+000
      vertex -1.200000e+001  3.826964e+001  3.148348e+000
      vertex -1.200000e+001  3.916914e+001  1.357859e+001
    endloop
  endfacet
  facet normal -1.000000e+000  0.000000e+000  0.000000e+000
    outer loop
      vertex -1.200000e+001  3.916914e+001  1.357859e+001
      vertex -1.200000e+001  3.826964e+001  3.148348e+000
      vertex -1.200000e+001  3.690535e+001  1.060532e+001
    endloop
  endfacet
  facet normal -1.000000e+000  0.000000e+000  0.000000e+000
    outer loop
      vertex -1.200000e+001  3.916914e+001  1.357859e+001
      vertex -1.200000e+001  3.690535e+001  1.060532e+001
      vertex -1.200000e+001  3.601795e+001  2.052576e+001
    endloop
  endfacet
  facet normal -1.000000e+000  0.000000e+000  -0.000000e+000
    outer loop
      vertex -1.200000e+001  3.601795e+001  2.052576e+001
      vertex -1.200000e+001  3.690535e+001  1.060532e+001
      vertex -1.200000e+001  3.410267e+001  1.764894e+001
    endloop
  endfacet
  facet normal -1.000000e+000  0.000000e+000  0.000000e+000
    outer loop
      vertex -1.200000e+001  3.601795e+001  2.052576e+001
      vertex -1.200000e+001  3.410267e+001  1.764894e+001
      vertex -1.200000e+001  3.164716e+001  2.677792e+001
    endloop
  endfacet
  facet normal -1.000000e+000  0.000000e+000  -0.000000e+000
    outer loop
      vertex -1.200000e+001  3.164716e+001  2.677792e+001
      vertex -1.200000e+001  3.410267e+001  1.764894e+001
      vertex -1.200000e+001  2.997085e+001  2.400470e+001
    endloop
  endfacet
  facet normal -1.000000e+000  0.000000e+000  0.000000e+000
    outer loop
      vertex -1.200000e+001  3.164716e+001  2.677792e+001
      vertex -1.200000e+001  2.997085e+001  2.400470e+001
      vertex -1.200000e+001  2.467091e+001  2.942488e+001
    endloop
  endfacet
  facet normal -1.000000e+000  0.000000e+000  0.000000e+000
    outer loop
      vertex -1.200000e+001  3.164716e+001  2.677792e+001
      vertex -1.200000e+001  2.467091e+001  2.942488e+001
      vertex -1.200000e+001  2.620477e+001  3.212335e+001
    endloop
  endfacet
  facet normal -1.000000e+000  -0.000000e+000  0.000000e+000
    outer loop
      vertex -1.200000e+001  2.620477e+001  3.212335e+001
      vertex -1.200000e+001  2.467091e+001  2.942488e+001
      vertex -1.200000e+001  1.840942e+001  3.369823e+001
    endloop
  endfacet
  facet normal -1.000000e+000  0.000000e+000  0.000000e+000
    outer loop
      vertex -1.200000e+001  2.620477e+001  3.212335e+001
      vertex -1.200000e+001  1.840942e+001  3.369823e+001
      vertex -1.200000e+001  1.987506e+001  3.638106e+001
    endloop
  endfacet
  facet normal -1.000000e+000  -0.000000e+000  0.000000e+000
    outer loop
      vertex -1.200000e+001  1.987506e+001  3.638106e+001
      vertex -1.200000e+001  1.840942e+001  3.369823e+001
      vertex -1.200000e+001  1.148149e+001  3.664222e+001
    endloop
  endfacet
  facet normal -1.000000e+000  0.000000e+000  0.000000e+000
    outer loop
      vertex -1.200000e+001  1.987506e+001  3.638106e+001
      vertex -1.200000e+001  1.148149e+001  3.664222e+001
      vertex -1.200000e+001  1.239558e+001  3.955944e+001
    endloop
  endfacet
  facet normal -1.000000e+000  0.000000e+000  0.000000e+000
    outer loop
      vertex -1.200000e+001  1.239558e+001  3.955944e+001
      vertex -1.200000e+001  1.148149e+001  3.664222e+001
      vertex -1.200000e+001  4.112338e+000  3.817808e+001
    endloop
  endfacet
  facet normal -7.920697e-001  2.414753e-001  5.606383e-001
    outer loop
      vertex -1.092836e+001 -1.730764e+001 -3.168142e+001
      vertex -1.092836e+001 -1.112978e+001 -3.434232e+001
      vertex -1.171892e+001 -1.780158e+001 -3.258558e+001
    endloop
  endfacet
  facet normal -7.920697e-001  2.414753e-001  5.606383e-001
    outer loop
      vertex -1.171892e+001 -1.780158e+001 -3.258558e+001
      vertex -1.092836e+001 -1.112978e+001 -3.434232e+001
      vertex -1.171892e+001 -1.144741e+001 -3.532241e+001
    endloop
  endfacet
  facet normal -9.760959e-001  8.597586e-002  1.996119e-001
    outer loop
      vertex -1.171892e+001 -1.780158e+001 -3.258558e+001
      vertex -1.171892e+001 -1.144741e+001 -3.532241e+001
      vertex -1.200000e+001 -1.840942e+001 -3.369823e+001
    endloop
  endfacet
  facet normal -9.760959e-001  8.597592e-002  1.996122e-001
    outer loop
      vertex -1.200000e+001 -1.840942e+001 -3.369823e+001
      vertex -1.171892e+001 -1.144741e+001 -3.532241e+001
      vertex -1.200000e+001 -1.183829e+001 -3.652851e+001
    endloop
  endfacet
  facet normal -7.920696e-001  1.332764e-001  5.957038e-001
    outer loop
      vertex -1.092836e+001 -1.112978e+001 -3.434232e+001
      vertex -1.092836e+001 -4.565524e+000 -3.581094e+001
      vertex -1.171892e+001 -1.144741e+001 -3.532241e+001
    endloop
  endfacet
  facet normal -7.920684e-001  1.332763e-001  5.957055e-001
    outer loop
      vertex -1.171892e+001 -1.144741e+001 -3.532241e+001
      vertex -1.092836e+001 -4.565524e+000 -3.581094e+001
      vertex -1.171892e+001 -4.695819e+000 -3.683294e+001
    endloop
  endfacet
  facet normal -9.760959e-001  4.745219e-002  2.120971e-001
    outer loop
      vertex -1.171892e+001 -1.144741e+001 -3.532241e+001
      vertex -1.171892e+001 -4.695819e+000 -3.683294e+001
      vertex -1.200000e+001 -1.183829e+001 -3.652851e+001
    endloop
  endfacet
  facet normal -9.760959e-001  4.745217e-002  2.120969e-001
    outer loop
      vertex -1.200000e+001 -1.183829e+001 -3.652851e+001
      vertex -1.171892e+001 -4.695819e+000 -3.683294e+001
      vertex -1.200000e+001 -4.856159e+000 -3.809061e+001
    endloop
  endfacet
  facet normal -7.920964e-001  2.107039e-002  6.100323e-001
    outer loop
      vertex -1.092836e+001 -4.565524e+000 -3.581094e+001
      vertex -1.171892e+001  2.143287e+000 -3.706916e+001
      vertex -1.171892e+001 -4.695819e+000 -3.683294e+001
    endloop
  endfacet
  facet normal -8.043807e-001  1.659395e-002  5.938824e-001
    outer loop
      vertex -1.092836e+001 -4.565524e+000 -3.581094e+001
      vertex -1.092836e+001  2.558740e+000 -3.601000e+001
      vertex -1.171892e+001  2.143287e+000 -3.706916e+001
    endloop
  endfacet
  facet normal -8.043806e-001 -3.349086e-001 -4.907222e-001
    outer loop
      vertex -1.092836e+001  1.730764e+001  3.168142e+001
      vertex -1.171892e+001  2.347917e+001  2.876534e+001
      vertex -1.092836e+001  2.319438e+001  2.766383e+001
    endloop
  endfacet
  facet normal -7.920976e-001 -3.407553e-001 -5.064259e-001
    outer loop
      vertex -1.092836e+001  1.730764e+001  3.168142e+001
      vertex -1.171892e+001  1.780158e+001  3.258558e+001
      vertex -1.171892e+001  2.347917e+001  2.876534e+001
    endloop
  endfacet
  facet normal -9.761002e-001 -1.213202e-001 -1.803044e-001
    outer loop
      vertex -1.200000e+001  1.840942e+001  3.369823e+001
      vertex -1.171892e+001  2.347917e+001  2.876534e+001
      vertex -1.171892e+001  1.780158e+001  3.258558e+001
    endloop
  endfacet
  facet normal -9.743327e-001 -1.268983e-001 -1.859366e-001
    outer loop
      vertex -1.200000e+001  1.840942e+001  3.369823e+001
      vertex -1.200000e+001  2.467091e+001  2.942488e+001
      vertex -1.171892e+001  2.347917e+001  2.876534e+001
    endloop
  endfacet
  facet normal -9.743327e-001  6.287539e-003  2.250250e-001
    outer loop
      vertex -1.200000e+001 -4.856159e+000 -3.809061e+001
      vertex -1.171892e+001  2.143287e+000 -3.706916e+001
      vertex -1.200000e+001  2.721626e+000 -3.830235e+001
    endloop
  endfacet
  facet normal -9.761003e-001  7.501739e-003  2.171912e-001
    outer loop
      vertex -1.200000e+001 -4.856159e+000 -3.809061e+001
      vertex -1.171892e+001 -4.695819e+000 -3.683294e+001
      vertex -1.171892e+001  2.143287e+000 -3.706916e+001
    endloop
  endfacet
  facet normal -9.776078e-001 -1.475212e-001 -1.500681e-001
    outer loop
      vertex -1.200000e+001  2.467091e+001  2.942488e+001
      vertex -1.171892e+001  2.835926e+001  2.396807e+001
      vertex -1.171892e+001  2.347917e+001  2.876534e+001
    endloop
  endfacet
  facet normal -9.787763e-001 -1.680423e-001 -1.172971e-001
    outer loop
      vertex -1.200000e+001  2.997085e+001  2.400470e+001
      vertex -1.171892e+001  3.227612e+001  1.835670e+001
      vertex -1.171892e+001  2.835926e+001  2.396807e+001
    endloop
  endfacet
  facet normal -9.726892e-001 -1.659583e-001 -1.622767e-001
    outer loop
      vertex -1.200000e+001  2.997085e+001  2.400470e+001
      vertex -1.171892e+001  2.835926e+001  2.396807e+001
      vertex -1.200000e+001  2.467091e+001  2.942488e+001
    endloop
  endfacet
  facet normal -8.142898e-001 -4.150239e-001 -4.058170e-001
    outer loop
      vertex -1.171892e+001  2.835926e+001  2.396807e+001
      vertex -1.092836e+001  2.817712e+001  2.256805e+001
      vertex -1.092836e+001  2.319438e+001  2.766383e+001
    endloop
  endfacet
  facet normal -7.799298e-001 -4.387512e-001 -4.463262e-001
    outer loop
      vertex -1.171892e+001  2.835926e+001  2.396807e+001
      vertex -1.092836e+001  2.319438e+001  2.766383e+001
      vertex -1.171892e+001  2.347917e+001  2.876534e+001
    endloop
  endfacet
  facet normal -9.796666e-001 -1.827977e-001 -8.269516e-002
    outer loop
      vertex -1.200000e+001  3.410267e+001  1.764894e+001
      vertex -1.171892e+001  3.509668e+001  1.212184e+001
      vertex -1.171892e+001  3.227612e+001  1.835670e+001
    endloop
  endfacet
  facet normal -9.711969e-001 -1.997745e-001 -1.298716e-001
    outer loop
      vertex -1.200000e+001  3.410267e+001  1.764894e+001
      vertex -1.171892e+001  3.227612e+001  1.835670e+001
      vertex -1.200000e+001  2.997085e+001  2.400470e+001
    endloop
  endfacet
  facet normal -8.220402e-001 -4.774145e-001 -3.103632e-001
    outer loop
      vertex -1.171892e+001  3.227612e+001  1.835670e+001
      vertex -1.092836e+001  3.206166e+001  1.659267e+001
      vertex -1.092836e+001  2.817712e+001  2.256805e+001
    endloop
  endfacet
  facet normal -7.688890e-001 -5.242894e-001 -3.659652e-001
    outer loop
      vertex -1.171892e+001  3.227612e+001  1.835670e+001
      vertex -1.092836e+001  2.817712e+001  2.256805e+001
      vertex -1.171892e+001  2.835926e+001  2.396807e+001
    endloop
  endfacet
  facet normal -9.803213e-001 -1.917371e-001 -4.697754e-002
    outer loop
      vertex -1.200000e+001  3.690535e+001  1.060532e+001
      vertex -1.171892e+001  3.672517e+001  5.475245e+000
      vertex -1.171892e+001  3.509668e+001  1.212184e+001
    endloop
  endfacet
  facet normal -9.699146e-001 -2.261968e-001 -9.000429e-002
    outer loop
      vertex -1.200000e+001  3.690535e+001  1.060532e+001
      vertex -1.171892e+001  3.509668e+001  1.212184e+001
      vertex -1.200000e+001  3.410267e+001  1.764894e+001
    endloop
  endfacet
  facet normal -8.279300e-001 -5.210950e-001 -2.073448e-001
    outer loop
      vertex -1.171892e+001  3.509668e+001  1.212184e+001
      vertex -1.092836e+001  3.469660e+001  9.970599e+000
      vertex -1.092836e+001  3.206166e+001  1.659267e+001
    endloop
  endfacet
  facet normal -7.593093e-001 -5.928839e-001 -2.682126e-001
    outer loop
      vertex -1.171892e+001  3.509668e+001  1.212184e+001
      vertex -1.092836e+001  3.206166e+001  1.659267e+001
      vertex -1.171892e+001  3.227612e+001  1.835670e+001
    endloop
  endfacet
  facet normal -9.807701e-001 -1.948635e-001 -1.086846e-002
    outer loop
      vertex -1.200000e+001  3.826964e+001  3.148348e+000
      vertex -1.171892e+001  3.710625e+001 -1.357320e+000
      vertex -1.171892e+001  3.672517e+001  5.475245e+000
    endloop
  endfacet
  facet normal -9.688964e-001 -2.434262e-001 -4.453613e-002
    outer loop
      vertex -1.200000e+001  3.826964e+001  3.148348e+000
      vertex -1.171892e+001  3.672517e+001  5.475245e+000
      vertex -1.200000e+001  3.690535e+001  1.060532e+001
    endloop
  endfacet
  facet normal -8.321760e-001 -5.454577e-001 -9.979424e-002
    outer loop
      vertex -1.171892e+001  3.672517e+001  5.475245e+000
      vertex -1.092836e+001  3.597924e+001  2.959923e+000
      vertex -1.092836e+001  3.469660e+001  9.970599e+000
    endloop
  endfacet
  facet normal -7.514988e-001 -6.407818e-001 -1.569980e-001
    outer loop
      vertex -1.171892e+001  3.672517e+001  5.475245e+000
      vertex -1.092836e+001  3.469660e+001  9.970599e+000
      vertex -1.171892e+001  3.509668e+001  1.212184e+001
    endloop
  endfacet
  facet normal -9.810321e-001 -1.922384e-001  2.490649e-002
    outer loop
      vertex -1.200000e+001  3.814237e+001 -4.431326e+000
      vertex -1.171892e+001  3.622699e+001 -8.143782e+000
      vertex -1.171892e+001  3.710625e+001 -1.357320e+000
    endloop
  endfacet
  facet normal -9.681889e-001 -2.501851e-001  4.200712e-003
    outer loop
      vertex -1.200000e+001  3.814237e+001 -4.431326e+000
      vertex -1.171892e+001  3.710625e+001 -1.357320e+000
      vertex -1.200000e+001  3.826964e+001  3.148348e+000
    endloop
  endfacet
  facet normal -8.349282e-001 -5.502814e-001  9.239363e-003
    outer loop
      vertex -1.171892e+001  3.710625e+001 -1.357320e+000
      vertex -1.092836e+001  3.585959e+001 -4.166117e+000
      vertex -1.092836e+001  3.597924e+001  2.959923e+000
    endloop
  endfacet
  facet normal -7.457185e-001 -6.652272e-001 -3.710286e-002
    outer loop
      vertex -1.171892e+001  3.710625e+001 -1.357320e+000
      vertex -1.092836e+001  3.597924e+001  2.959923e+000
      vertex -1.171892e+001  3.672517e+001  5.475245e+000
    endloop
  endfacet
  facet normal -9.811183e-001 -1.839875e-001  5.962736e-002
    outer loop
      vertex -1.200000e+001  3.652851e+001 -1.183829e+001
      vertex -1.171892e+001  3.411726e+001 -1.465363e+001
      vertex -1.171892e+001  3.622699e+001 -8.143782e+000
    endloop
  endfacet
  facet normal -9.678262e-001 -2.458517e-001  5.356722e-002
    outer loop
      vertex -1.200000e+001  3.652851e+001 -1.183829e+001
      vertex -1.171892e+001  3.622699e+001 -8.143782e+000
      vertex -1.200000e+001  3.814237e+001 -4.431326e+000
    endloop
  endfacet
  facet normal -8.362812e-001 -5.357316e-001  1.167275e-001
    outer loop
      vertex -1.171892e+001  3.622699e+001 -8.143782e+000
      vertex -1.092836e+001  3.434232e+001 -1.112978e+001
      vertex -1.092836e+001  3.585959e+001 -4.166117e+000
    endloop
  endfacet
  facet normal -7.421669e-001 -6.646599e-001  8.611364e-002
    outer loop
      vertex -1.171892e+001  3.622699e+001 -8.143782e+000
      vertex -1.092836e+001  3.585959e+001 -4.166117e+000
      vertex -1.171892e+001  3.710625e+001 -1.357320e+000
    endloop
  endfacet
  facet normal -9.810322e-001 -1.703037e-001  9.258734e-002
    outer loop
      vertex -1.200000e+001  3.349096e+001 -1.878386e+001
      vertex -1.171892e+001  3.084870e+001 -2.066576e+001
      vertex -1.171892e+001  3.411726e+001 -1.465363e+001
    endloop
  endfacet
  facet normal -9.678262e-001 -2.305366e-001  1.008222e-001
    outer loop
      vertex -1.200000e+001  3.349096e+001 -1.878386e+001
      vertex -1.171892e+001  3.411726e+001 -1.465363e+001
      vertex -1.200000e+001  3.652851e+001 -1.183829e+001
    endloop
  endfacet
  facet normal -8.362809e-001 -5.023602e-001  2.197010e-001
    outer loop
      vertex -1.171892e+001  3.411726e+001 -1.465363e+001
      vertex -1.092836e+001  3.148656e+001 -1.765966e+001
      vertex -1.092836e+001  3.434232e+001 -1.112978e+001
    endloop
  endfacet
  facet normal -7.409685e-001 -6.388291e-001  2.070341e-001
    outer loop
      vertex -1.171892e+001  3.411726e+001 -1.465363e+001
      vertex -1.092836e+001  3.434232e+001 -1.112978e+001
      vertex -1.171892e+001  3.622699e+001 -8.143782e+000
    endloop
  endfacet
  facet normal -9.807702e-001 -1.514460e-001  1.231016e-001
    outer loop
      vertex -1.200000e+001  2.914809e+001 -2.499733e+001
      vertex -1.171892e+001  2.653235e+001 -2.597597e+001
      vertex -1.171892e+001  3.084870e+001 -2.066576e+001
    endloop
  endfacet
  facet normal -9.681890e-001 -2.050899e-001  1.433464e-001
    outer loop
      vertex -1.200000e+001  2.914809e+001 -2.499733e+001
      vertex -1.171892e+001  3.084870e+001 -2.066576e+001
      vertex -1.200000e+001  3.349096e+001 -1.878386e+001
    endloop
  endfacet
  facet normal -8.349278e-001 -4.510956e-001  3.152906e-001
    outer loop
      vertex -1.171892e+001  3.084870e+001 -2.066576e+001
      vertex -1.092836e+001  2.740361e+001 -2.350126e+001
      vertex -1.092836e+001  3.148656e+001 -1.765966e+001
    endloop
  endfacet
  facet normal -7.421662e-001 -5.888232e-001  3.201196e-001
    outer loop
      vertex -1.171892e+001  3.084870e+001 -2.066576e+001
      vertex -1.092836e+001  3.148656e+001 -1.765966e+001
      vertex -1.171892e+001  3.411726e+001 -1.465363e+001
    endloop
  endfacet
  facet normal -9.803213e-001 -1.277339e-001  1.505130e-001
    outer loop
      vertex -1.200000e+001  2.366918e+001 -3.023652e+001
      vertex -1.171892e+001  2.131480e+001 -3.040387e+001
      vertex -1.171892e+001  2.653235e+001 -2.597597e+001
    endloop
  endfacet
  facet normal -9.688963e-001 -1.710291e-001  1.788544e-001
    outer loop
      vertex -1.200000e+001  2.366918e+001 -3.023652e+001
      vertex -1.171892e+001  2.653235e+001 -2.597597e+001
      vertex -1.200000e+001  2.914809e+001 -2.499733e+001
    endloop
  endfacet
  facet normal -8.321759e-001 -3.832338e-001  4.007680e-001
    outer loop
      vertex -1.171892e+001  2.653235e+001 -2.597597e+001
      vertex -1.092836e+001  2.225260e+001 -2.842690e+001
      vertex -1.092836e+001  2.740361e+001 -2.350126e+001
    endloop
  endfacet
  facet normal -7.457183e-001 -5.170083e-001  4.202461e-001
    outer loop
      vertex -1.171892e+001  2.653235e+001 -2.597597e+001
      vertex -1.092836e+001  2.740361e+001 -2.350126e+001
      vertex -1.171892e+001  3.084870e+001 -2.066576e+001
    endloop
  endfacet
  facet normal -9.796666e-001 -9.954298e-002  1.741970e-001
    outer loop
      vertex -1.200000e+001  1.726776e+001 -3.429726e+001
      vertex -1.171892e+001  1.537328e+001 -3.379909e+001
      vertex -1.171892e+001  2.131480e+001 -3.040387e+001
    endloop
  endfacet
  facet normal -9.699144e-001 -1.304052e-001  2.055732e-001
    outer loop
      vertex -1.200000e+001  1.726776e+001 -3.429726e+001
      vertex -1.171892e+001  2.131480e+001 -3.040387e+001
      vertex -1.200000e+001  2.366918e+001 -3.023652e+001
    endloop
  endfacet
  facet normal -8.279302e-001 -3.004170e-001  4.735833e-001
    outer loop
      vertex -1.171892e+001  2.131480e+001 -3.040387e+001
      vertex -1.092836e+001  1.623430e+001 -3.224460e+001
      vertex -1.092836e+001  2.225260e+001 -2.842690e+001
    endloop
  endfacet
  facet normal -7.514989e-001 -4.268836e-001  5.030107e-001
    outer loop
      vertex -1.171892e+001  2.131480e+001 -3.040387e+001
      vertex -1.092836e+001  2.225260e+001 -2.842690e+001
      vertex -1.171892e+001  2.653235e+001 -2.597597e+001
    endloop
  endfacet
  facet normal -9.787763e-001 -6.729665e-002  1.935669e-001
    outer loop
      vertex -1.200000e+001  1.019334e+001 -3.702125e+001
      vertex -1.171892e+001  8.909594e+000 -3.604630e+001
      vertex -1.171892e+001  1.537328e+001 -3.379909e+001
    endloop
  endfacet
  facet normal -9.711969e-001 -8.562069e-002  2.223635e-001
    outer loop
      vertex -1.200000e+001  1.019334e+001 -3.702125e+001
      vertex -1.171892e+001  1.537328e+001 -3.379909e+001
      vertex -1.200000e+001  1.726776e+001 -3.429726e+001
    endloop
  endfacet
  facet normal -8.220406e-001 -2.046137e-001  5.313967e-001
    outer loop
      vertex -1.171892e+001  1.537328e+001 -3.379909e+001
      vertex -1.092836e+001  9.583276e+000 -3.480557e+001
      vertex -1.092836e+001  1.623430e+001 -3.224460e+001
    endloop
  endfacet
  facet normal -7.593101e-001 -3.228565e-001  5.649883e-001
    outer loop
      vertex -1.171892e+001  1.537328e+001 -3.379909e+001
      vertex -1.092836e+001  1.623430e+001 -3.224460e+001
      vertex -1.171892e+001  2.131480e+001 -3.040387e+001
    endloop
  endfacet
  facet normal -9.776077e-001 -3.145424e-002  2.080714e-001
    outer loop
      vertex -1.200000e+001  2.721626e+000 -3.830235e+001
      vertex -1.171892e+001  2.143287e+000 -3.706916e+001
      vertex -1.171892e+001  8.909594e+000 -3.604630e+001
    endloop
  endfacet
  facet normal -9.726890e-001 -3.922549e-002  2.287738e-001
    outer loop
      vertex -1.200000e+001  2.721626e+000 -3.830235e+001
      vertex -1.171892e+001  8.909594e+000 -3.604630e+001
      vertex -1.200000e+001  1.019334e+001 -3.702125e+001
    endloop
  endfacet
  facet normal -8.142898e-001 -9.809386e-002  5.721098e-001
    outer loop
      vertex -1.171892e+001  8.909594e+000 -3.604630e+001
      vertex -1.092836e+001  2.558740e+000 -3.601000e+001
      vertex -1.092836e+001  9.583276e+000 -3.480557e+001
    endloop
  endfacet
  facet normal -7.688892e-001 -2.099640e-001  6.039243e-001
    outer loop
      vertex -1.171892e+001  8.909594e+000 -3.604630e+001
      vertex -1.092836e+001  9.583276e+000 -3.480557e+001
      vertex -1.171892e+001  1.537328e+001 -3.379909e+001
    endloop
  endfacet
  facet normal -7.799300e-001 -9.354966e-002  6.188359e-001
    outer loop
      vertex -1.171892e+001  2.143287e+000 -3.706916e+001
      vertex -1.092836e+001  2.558740e+000 -3.601000e+001
      vertex -1.171892e+001  8.909594e+000 -3.604630e+001
    endloop
  endfacet
  facet normal -7.919315e-001 -2.388089e-001 -5.619741e-001
    outer loop
      vertex -1.092836e+001  1.730764e+001  3.168142e+001
      vertex -1.171892e+001  1.110240e+001  3.543237e+001
      vertex -1.171892e+001  1.780158e+001  3.258558e+001
    endloop
  endfacet
  facet normal -8.048898e-001 -2.285081e-001 -5.476645e-001
    outer loop
      vertex -1.092836e+001  1.730764e+001  3.168142e+001
      vertex -1.092836e+001  1.034249e+001  3.458757e+001
      vertex -1.171892e+001  1.110240e+001  3.543237e+001
    endloop
  endfacet
  facet normal -8.048894e-001  3.373808e-001  4.881878e-001
    outer loop
      vertex -1.092836e+001 -1.730764e+001 -3.168142e+001
      vertex -1.171892e+001 -2.381666e+001 -2.848654e+001
      vertex -1.092836e+001 -2.351637e+001 -2.739065e+001
    endloop
  endfacet
  facet normal -7.919315e-001  3.438561e-001  5.045866e-001
    outer loop
      vertex -1.092836e+001 -1.730764e+001 -3.168142e+001
      vertex -1.171892e+001 -1.780158e+001 -3.258558e+001
      vertex -1.171892e+001 -2.381666e+001 -2.848654e+001
    endloop
  endfacet
  facet normal -8.154112e-001  4.209335e-001  3.973910e-001
    outer loop
      vertex -1.171892e+001 -2.891648e+001 -2.329278e+001
      vertex -1.092836e+001 -2.869731e+001 -2.190277e+001
      vertex -1.092836e+001 -2.351637e+001 -2.739065e+001
    endloop
  endfacet
  facet normal -7.789695e-001  4.474275e-001  4.393348e-001
    outer loop
      vertex -1.171892e+001 -2.891648e+001 -2.329278e+001
      vertex -1.092836e+001 -2.351637e+001 -2.739065e+001
      vertex -1.171892e+001 -2.381666e+001 -2.848654e+001
    endloop
  endfacet
  facet normal -8.237275e-001  4.841979e-001  2.950006e-001
    outer loop
      vertex -1.171892e+001 -3.290505e+001 -1.720389e+001
      vertex -1.092836e+001 -3.262405e+001 -1.545763e+001
      vertex -1.092836e+001 -2.869731e+001 -2.190277e+001
    endloop
  endfacet
  facet normal -7.669991e-001  5.367421e-001  3.515969e-001
    outer loop
      vertex -1.171892e+001 -3.290505e+001 -1.720389e+001
      vertex -1.092836e+001 -2.869731e+001 -2.190277e+001
      vertex -1.171892e+001 -2.891648e+001 -2.329278e+001
    endloop
  endfacet
  facet normal -8.301611e-001  5.260236e-001  1.847480e-001
    outer loop
      vertex -1.171892e+001 -3.562910e+001 -1.045386e+001
      vertex -1.092836e+001 -3.512496e+001 -8.336926e+000
      vertex -1.092836e+001 -3.262405e+001 -1.545763e+001
    endloop
  endfacet
  facet normal -7.563661e-001  6.066138e-001  2.448062e-001
    outer loop
      vertex -1.171892e+001 -3.562910e+001 -1.045386e+001
      vertex -1.092836e+001 -3.262405e+001 -1.545763e+001
      vertex -1.171892e+001 -3.290505e+001 -1.720389e+001
    endloop
  endfacet
  facet normal -8.349468e-001  5.458062e-001  7.042388e-002
    outer loop
      vertex -1.171892e+001 -3.698395e+001 -3.302102e+000
      vertex -1.092836e+001 -3.609074e+001 -8.518553e-001
      vertex -1.092836e+001 -3.512496e+001 -8.336926e+000
    endloop
  endfacet
  facet normal -7.474034e-001  6.527606e-001  1.236602e-001
    outer loop
      vertex -1.171892e+001 -3.698395e+001 -3.302102e+000
      vertex -1.092836e+001 -3.512496e+001 -8.336926e+000
      vertex -1.171892e+001 -3.562910e+001 -1.045386e+001
    endloop
  endfacet
  facet normal -8.382533e-001  5.434879e-001 -4.418512e-002
    outer loop
      vertex -1.171892e+001 -3.691752e+001  3.976557e+000
      vertex -1.092836e+001 -3.547918e+001  6.670446e+000
      vertex -1.092836e+001 -3.609074e+001 -8.518553e-001
    endloop
  endfacet
  facet normal -7.404000e-001  6.721385e-001 -6.134314e-003
    outer loop
      vertex -1.171892e+001 -3.691752e+001  3.976557e+000
      vertex -1.092836e+001 -3.609074e+001 -8.518553e-001
      vertex -1.171892e+001 -3.698395e+001 -3.302102e+000
    endloop
  endfacet
  facet normal -8.401947e-001  5.195541e-001 -1.553589e-001
    outer loop
      vertex -1.171892e+001 -3.543237e+001  1.110240e+001
      vertex -1.092836e+001 -3.331701e+001  1.390122e+001
      vertex -1.092836e+001 -3.547918e+001  6.670446e+000
    endloop
  endfacet
  facet normal -7.355915e-001  6.631750e-001 -1.382169e-001
    outer loop
      vertex -1.171892e+001 -3.543237e+001  1.110240e+001
      vertex -1.092836e+001 -3.547918e+001  6.670446e+000
      vertex -1.171892e+001 -3.691752e+001  3.976557e+000
    endloop
  endfacet
  facet normal -8.408344e-001  4.750289e-001 -2.595093e-001
    outer loop
      vertex -1.171892e+001 -3.258558e+001  1.780158e+001
      vertex -1.092836e+001 -2.969873e+001  2.052444e+001
      vertex -1.092836e+001 -3.331701e+001  1.390122e+001
    endloop
  endfacet
  facet normal -7.331459e-001  6.259028e-001 -2.659751e-001
    outer loop
      vertex -1.171892e+001 -3.258558e+001  1.780158e+001
      vertex -1.092836e+001 -3.331701e+001  1.390122e+001
      vertex -1.171892e+001 -3.543237e+001  1.110240e+001
    endloop
  endfacet
  facet normal -8.401939e-001  4.114470e-001 -3.532498e-001
    outer loop
      vertex -1.171892e+001 -2.848654e+001  2.381666e+001
      vertex -1.092836e+001 -2.478247e+001  2.625064e+001
      vertex -1.092836e+001 -2.969873e+001  2.052444e+001
    endloop
  endfacet
  facet normal -7.331445e-001  5.619883e-001 -3.829731e-001
    outer loop
      vertex -1.171892e+001 -2.848654e+001  2.381666e+001
      vertex -1.092836e+001 -2.969873e+001  2.052444e+001
      vertex -1.171892e+001 -3.258558e+001  1.780158e+001
    endloop
  endfacet
  facet normal -8.382533e-001  3.308283e-001 -4.334557e-001
    outer loop
      vertex -1.171892e+001 -2.329278e+001  2.891648e+001
      vertex -1.092836e+001 -1.878310e+001  3.082957e+001
      vertex -1.092836e+001 -2.478247e+001  2.625064e+001
    endloop
  endfacet
  facet normal -7.355915e-001  4.746208e-001 -4.833635e-001
    outer loop
      vertex -1.171892e+001 -2.329278e+001  2.891648e+001
      vertex -1.092836e+001 -2.478247e+001  2.625064e+001
      vertex -1.171892e+001 -2.848654e+001  2.381666e+001
    endloop
  endfacet
  facet normal -8.349463e-001  2.356407e-001 -4.973309e-001
    outer loop
      vertex -1.171892e+001 -1.720389e+001  3.290505e+001
      vertex -1.092836e+001 -1.196281e+001  3.406109e+001
      vertex -1.092836e+001 -1.878310e+001  3.082957e+001
    endloop
  endfacet
  facet normal -7.403990e-001  3.683203e-001 -5.622718e-001
    outer loop
      vertex -1.171892e+001 -1.720389e+001  3.290505e+001
      vertex -1.092836e+001 -1.878310e+001  3.082957e+001
      vertex -1.171892e+001 -2.329278e+001  2.891648e+001
    endloop
  endfacet
  facet normal -8.301615e-001  1.287515e-001 -5.424529e-001
    outer loop
      vertex -1.171892e+001 -1.045386e+001  3.562910e+001
      vertex -1.092836e+001 -4.619698e+000  3.580399e+001
      vertex -1.092836e+001 -1.196281e+001  3.406109e+001
    endloop
  endfacet
  facet normal -7.474036e-001  2.486314e-001 -6.160926e-001
    outer loop
      vertex -1.171892e+001 -1.045386e+001  3.562910e+001
      vertex -1.092836e+001 -1.196281e+001  3.406109e+001
      vertex -1.171892e+001 -1.720389e+001  3.290505e+001
    endloop
  endfacet
  facet normal -8.237280e-001  1.337885e-002 -5.668274e-001
    outer loop
      vertex -1.171892e+001 -3.302102e+000  3.698395e+001
      vertex -1.092836e+001  2.925321e+000  3.598207e+001
      vertex -1.092836e+001 -4.619698e+000  3.580399e+001
    endloop
  endfacet
  facet normal -7.563668e-001  1.217574e-001 -6.427163e-001
    outer loop
      vertex -1.171892e+001 -3.302102e+000  3.698395e+001
      vertex -1.092836e+001 -4.619698e+000  3.580399e+001
      vertex -1.171892e+001 -1.045386e+001  3.562910e+001
    endloop
  endfacet
  facet normal -8.154110e-001 -1.069616e-001 -5.689148e-001
    outer loop
      vertex -1.171892e+001  3.976557e+000  3.691752e+001
      vertex -1.092836e+001  1.034249e+001  3.458757e+001
      vertex -1.092836e+001  2.925321e+000  3.598207e+001
    endloop
  endfacet
  facet normal -7.669990e-001 -5.855800e-003 -6.416216e-001
    outer loop
      vertex -1.171892e+001  3.976557e+000  3.691752e+001
      vertex -1.092836e+001  2.925321e+000  3.598207e+001
      vertex -1.171892e+001 -3.302102e+000  3.698395e+001
    endloop
  endfacet
  facet normal -7.789700e-001 -1.279409e-001 -6.138704e-001
    outer loop
      vertex -1.171892e+001  1.110240e+001  3.543237e+001
      vertex -1.092836e+001  1.034249e+001  3.458757e+001
      vertex -1.171892e+001  3.976557e+000  3.691752e+001
    endloop
  endfacet
  facet normal -9.760743e-001  1.224466e-001  1.796825e-001
    outer loop
      vertex -1.171892e+001 -1.780158e+001 -3.258558e+001
      vertex -1.200000e+001 -1.840942e+001 -3.369823e+001
      vertex -1.171892e+001 -2.381666e+001 -2.848654e+001
    endloop
  endfacet
  facet normal -9.760743e-001  1.224465e-001  1.796823e-001
    outer loop
      vertex -1.171892e+001 -2.381666e+001 -2.848654e+001
      vertex -1.200000e+001 -1.840942e+001 -3.369823e+001
      vertex -1.200000e+001 -2.462989e+001 -2.945922e+001
    endloop
  endfacet
  facet normal -9.760743e-001  1.551479e-001  1.523417e-001
    outer loop
      vertex -1.171892e+001 -2.381666e+001 -2.848654e+001
      vertex -1.200000e+001 -2.462989e+001 -2.945922e+001
      vertex -1.171892e+001 -2.891648e+001 -2.329278e+001
    endloop
  endfacet
  facet normal -9.760744e-001  1.551481e-001  1.523419e-001
    outer loop
      vertex -1.171892e+001 -2.891648e+001 -2.329278e+001
      vertex -1.200000e+001 -2.462989e+001 -2.945922e+001
      vertex -1.200000e+001 -2.990384e+001 -2.408812e+001
    endloop
  endfacet
  facet normal -9.760743e-001  1.818875e-001  1.191468e-001
    outer loop
      vertex -1.171892e+001 -2.891648e+001 -2.329278e+001
      vertex -1.200000e+001 -2.990384e+001 -2.408812e+001
      vertex -1.171892e+001 -3.290505e+001 -1.720389e+001
    endloop
  endfacet
  facet normal -9.760742e-001  1.818875e-001  1.191468e-001
    outer loop
      vertex -1.171892e+001 -3.290505e+001 -1.720389e+001
      vertex -1.200000e+001 -2.990384e+001 -2.408812e+001
      vertex -1.200000e+001 -3.402861e+001 -1.779132e+001
    endloop
  endfacet
  facet normal -9.760743e-001  2.016370e-001  8.137301e-002
    outer loop
      vertex -1.171892e+001 -3.290505e+001 -1.720389e+001
      vertex -1.200000e+001 -3.402861e+001 -1.779132e+001
      vertex -1.171892e+001 -3.562910e+001 -1.045386e+001
    endloop
  endfacet
  facet normal -9.760742e-001  2.016371e-001  8.137302e-002
    outer loop
      vertex -1.171892e+001 -3.562910e+001 -1.045386e+001
      vertex -1.200000e+001 -3.402861e+001 -1.779132e+001
      vertex -1.200000e+001 -3.684567e+001 -1.081081e+001
    endloop
  endfacet
  facet normal -9.760743e-001  2.136378e-001  4.047195e-002
    outer loop
      vertex -1.171892e+001 -3.562910e+001 -1.045386e+001
      vertex -1.200000e+001 -3.684567e+001 -1.081081e+001
      vertex -1.171892e+001 -3.698395e+001 -3.302102e+000
    endloop
  endfacet
  facet normal -9.760742e-001  2.136380e-001  4.047195e-002
    outer loop
      vertex -1.171892e+001 -3.698395e+001 -3.302102e+000
      vertex -1.200000e+001 -3.684567e+001 -1.081081e+001
      vertex -1.200000e+001 -3.824678e+001 -3.414854e+000
    endloop
  endfacet
  facet normal -9.760742e-001  2.174287e-001 -1.984376e-003
    outer loop
      vertex -1.171892e+001 -3.698395e+001 -3.302102e+000
      vertex -1.200000e+001 -3.824678e+001 -3.414854e+000
      vertex -1.171892e+001 -3.691752e+001  3.976557e+000
    endloop
  endfacet
  facet normal -9.760742e-001  2.174283e-001 -1.984306e-003
    outer loop
      vertex -1.171892e+001 -3.691752e+001  3.976557e+000
      vertex -1.200000e+001 -3.824678e+001 -3.414854e+000
      vertex -1.200000e+001 -3.817808e+001  4.112338e+000
    endloop
  endfacet
  facet normal -9.760743e-001  2.128634e-001 -4.436431e-002
    outer loop
      vertex -1.171892e+001 -3.691752e+001  3.976557e+000
      vertex -1.200000e+001 -3.817808e+001  4.112338e+000
      vertex -1.171892e+001 -3.543237e+001  1.110240e+001
    endloop
  endfacet
  facet normal -9.760742e-001  2.128636e-001 -4.436441e-002
    outer loop
      vertex -1.171892e+001 -3.543237e+001  1.110240e+001
      vertex -1.200000e+001 -3.817808e+001  4.112338e+000
      vertex -1.200000e+001 -3.664222e+001  1.148149e+001
    endloop
  endfacet
  facet normal -9.760742e-001  2.001184e-001 -8.503959e-002
    outer loop
      vertex -1.171892e+001 -3.543237e+001  1.110240e+001
      vertex -1.200000e+001 -3.664222e+001  1.148149e+001
      vertex -1.171892e+001 -3.258558e+001  1.780158e+001
    endloop
  endfacet
  facet normal -9.760743e-001  2.001181e-001 -8.503941e-002
    outer loop
      vertex -1.171892e+001 -3.258558e+001  1.780158e+001
      vertex -1.200000e+001 -3.664222e+001  1.148149e+001
      vertex -1.200000e+001 -3.369823e+001  1.840942e+001
    endloop
  endfacet
  facet normal -9.760743e-001  1.796825e-001 -1.224466e-001
    outer loop
      vertex -1.171892e+001 -3.258558e+001  1.780158e+001
      vertex -1.200000e+001 -3.369823e+001  1.840942e+001
      vertex -1.171892e+001 -2.848654e+001  2.381666e+001
    endloop
  endfacet
  facet normal -9.760743e-001  1.796823e-001 -1.224465e-001
    outer loop
      vertex -1.171892e+001 -2.848654e+001  2.381666e+001
      vertex -1.200000e+001 -3.369823e+001  1.840942e+001
      vertex -1.200000e+001 -2.945922e+001  2.462989e+001
    endloop
  endfacet
  facet normal -9.760743e-001  1.523417e-001 -1.551479e-001
    outer loop
      vertex -1.171892e+001 -2.848654e+001  2.381666e+001
      vertex -1.200000e+001 -2.945922e+001  2.462989e+001
      vertex -1.171892e+001 -2.329278e+001  2.891648e+001
    endloop
  endfacet
  facet normal -9.760744e-001  1.523419e-001 -1.551481e-001
    outer loop
      vertex -1.171892e+001 -2.329278e+001  2.891648e+001
      vertex -1.200000e+001 -2.945922e+001  2.462989e+001
      vertex -1.200000e+001 -2.408812e+001  2.990384e+001
    endloop
  endfacet
  facet normal -9.760743e-001  1.191468e-001 -1.818875e-001
    outer loop
      vertex -1.171892e+001 -2.329278e+001  2.891648e+001
      vertex -1.200000e+001 -2.408812e+001  2.990384e+001
      vertex -1.171892e+001 -1.720389e+001  3.290505e+001
    endloop
  endfacet
  facet normal -9.760742e-001  1.191468e-001 -1.818875e-001
    outer loop
      vertex -1.171892e+001 -1.720389e+001  3.290505e+001
      vertex -1.200000e+001 -2.408812e+001  2.990384e+001
      vertex -1.200000e+001 -1.779132e+001  3.402861e+001
    endloop
  endfacet
  facet normal -9.760743e-001  8.137301e-002 -2.016370e-001
    outer loop
      vertex -1.171892e+001 -1.720389e+001  3.290505e+001
      vertex -1.200000e+001 -1.779132e+001  3.402861e+001
      vertex -1.171892e+001 -1.045386e+001  3.562910e+001
    endloop
  endfacet
  facet normal -9.760742e-001  8.137302e-002 -2.016371e-001
    outer loop
      vertex -1.171892e+001 -1.045386e+001  3.562910e+001
      vertex -1.200000e+001 -1.779132e+001  3.402861e+001
      vertex -1.200000e+001 -1.081081e+001  3.684567e+001
    endloop
  endfacet
  facet normal -9.760743e-001  4.047195e-002 -2.136378e-001
    outer loop
      vertex -1.171892e+001 -1.045386e+001  3.562910e+001
      vertex -1.200000e+001 -1.081081e+001  3.684567e+001
      vertex -1.171892e+001 -3.302102e+000  3.698395e+001
    endloop
  endfacet
  facet normal -9.760742e-001  4.047195e-002 -2.136380e-001
    outer loop
      vertex -1.171892e+001 -3.302102e+000  3.698395e+001
      vertex -1.200000e+001 -1.081081e+001  3.684567e+001
      vertex -1.200000e+001 -3.414854e+000  3.824678e+001
    endloop
  endfacet
  facet normal -9.760742e-001 -1.984376e-003 -2.174287e-001
    outer loop
      vertex -1.171892e+001 -3.302102e+000  3.698395e+001
      vertex -1.200000e+001 -3.414854e+000  3.824678e+001
      vertex -1.171892e+001  3.976557e+000  3.691752e+001
    endloop
  endfacet
  facet normal -9.760742e-001 -1.984306e-003 -2.174283e-001
    outer loop
      vertex -1.171892e+001  3.976557e+000  3.691752e+001
      vertex -1.200000e+001 -3.414854e+000  3.824678e+001
      vertex -1.200000e+001  4.112338e+000  3.817808e+001
    endloop
  endfacet
  facet normal -9.760743e-001 -4.436431e-002 -2.128634e-001
    outer loop
      vertex -1.171892e+001  3.976557e+000  3.691752e+001
      vertex -1.200000e+001  4.112338e+000  3.817808e+001
      vertex -1.171892e+001  1.110240e+001  3.543237e+001
    endloop
  endfacet
  facet normal -9.760742e-001 -4.436441e-002 -2.128636e-001
    outer loop
      vertex -1.171892e+001  1.110240e+001  3.543237e+001
      vertex -1.200000e+001  4.112338e+000  3.817808e+001
      vertex -1.200000e+001  1.148149e+001  3.664222e+001
    endloop
  endfacet
  facet normal -9.760742e-001 -8.503959e-002 -2.001184e-001
    outer loop
      vertex -1.171892e+001  1.110240e+001  3.543237e+001
      vertex -1.200000e+001  1.148149e+001  3.664222e+001
      vertex -1.171892e+001  1.780158e+001  3.258558e+001
    endloop
  endfacet
  facet normal -9.760743e-001 -8.503941e-002 -2.001181e-001
    outer loop
      vertex -1.171892e+001  1.780158e+001  3.258558e+001
      vertex -1.200000e+001  1.148149e+001  3.664222e+001
      vertex -1.200000e+001  1.840942e+001  3.369823e+001
    endloop
  endfacet
  facet normal -6.518124e-001 -5.475178e-001 -5.247523e-001
    outer loop
      vertex -1.092836e+001  2.817712e+001  2.256805e+001
      vertex -9.071637e+000  2.724696e+001  2.123227e+001
      vertex -9.071637e+000  2.236958e+001  2.632124e+001
    endloop
  endfacet
  facet normal -6.566080e-001 -6.391258e-001 -4.004797e-001
    outer loop
      vertex -1.092836e+001  3.206166e+001  1.659267e+001
      vertex -9.071637e+000  3.098974e+001  1.525916e+001
      vertex -9.071637e+000  2.724696e+001  2.123227e+001
    endloop
  endfacet
  facet normal -6.304232e-001 -6.508160e-001 -4.230900e-001
    outer loop
      vertex -9.071637e+000  2.724696e+001  2.123227e+001
      vertex -1.092836e+001  2.817712e+001  2.256805e+001
      vertex -1.092836e+001  3.206166e+001  1.659267e+001
    endloop
  endfacet
  facet normal -6.609602e-001 -7.035419e-001 -2.610753e-001
    outer loop
      vertex -1.092836e+001  3.469660e+001  9.970599e+000
      vertex -9.071637e+000  3.344207e+001  8.650640e+000
      vertex -9.071637e+000  3.098974e+001  1.525916e+001
    endloop
  endfacet
  facet normal -6.256195e-001 -7.248541e-001 -2.884211e-001
    outer loop
      vertex -9.071637e+000  3.098974e+001  1.525916e+001
      vertex -1.092836e+001  3.206166e+001  1.659267e+001
      vertex -1.092836e+001  3.469660e+001  9.970599e+000
    endloop
  endfacet
  facet normal -6.648869e-001 -7.384539e-001 -1.123001e-001
    outer loop
      vertex -1.092836e+001  3.597924e+001  2.959923e+000
      vertex -9.071637e+000  3.450184e+001  1.681898e+000
      vertex -9.071637e+000  3.344207e+001  8.650640e+000
    endloop
  endfacet
  facet normal -6.211406e-001 -7.709032e-001 -1.410406e-001
    outer loop
      vertex -9.071637e+000  3.344207e+001  8.650640e+000
      vertex -1.092836e+001  3.469660e+001  9.970599e+000
      vertex -1.092836e+001  3.597924e+001  2.959923e+000
    endloop
  endfacet
  facet normal -6.684047e-001 -7.427337e-001  3.977378e-002
    outer loop
      vertex -1.092836e+001  3.585959e+001 -4.166117e+000
      vertex -9.071637e+000  3.412491e+001 -5.356880e+000
      vertex -9.071637e+000  3.450184e+001  1.681898e+000
    endloop
  endfacet
  facet normal -6.170032e-001 -7.868497e-001  1.321140e-002
    outer loop
      vertex -9.071637e+000  3.450184e+001  1.681898e+000
      vertex -1.092836e+001  3.597924e+001  2.959923e+000
      vertex -1.092836e+001  3.585959e+001 -4.166117e+000
    endloop
  endfacet
  facet normal -6.715264e-001 -7.164717e-001  1.889993e-001
    outer loop
      vertex -1.092836e+001  3.434232e+001 -1.112978e+001
      vertex -9.071637e+000  3.232698e+001 -1.217259e+001
      vertex -9.071637e+000  3.412491e+001 -5.356880e+000
    endloop
  endfacet
  facet normal -6.132230e-001 -7.718021e-001  1.681635e-001
    outer loop
      vertex -9.071637e+000  3.412491e+001 -5.356880e+000
      vertex -1.092836e+001  3.585959e+001 -4.166117e+000
      vertex -1.092836e+001  3.434232e+001 -1.112978e+001
    endloop
  endfacet
  facet normal -6.742646e-001 -6.609586e-001  3.293946e-001
    outer loop
      vertex -1.092836e+001  3.148656e+001 -1.765966e+001
      vertex -9.071637e+000  2.918292e+001 -1.848142e+001
      vertex -9.071637e+000  3.232698e+001 -1.217259e+001
    endloop
  endfacet
  facet normal -6.098117e-001 -7.261405e-001  3.175685e-001
    outer loop
      vertex -9.071637e+000  3.232698e+001 -1.217259e+001
      vertex -1.092836e+001  3.434232e+001 -1.112978e+001
      vertex -1.092836e+001  3.148656e+001 -1.765966e+001
    endloop
  endfacet
  facet normal -6.766303e-001 -5.786281e-001  4.553689e-001
    outer loop
      vertex -1.092836e+001  2.740361e+001 -2.350126e+001
      vertex -9.071637e+000  2.482365e+001 -2.402066e+001
      vertex -9.071637e+000  2.918292e+001 -1.848142e+001
    endloop
  endfacet
  facet normal -6.067822e-001 -6.515044e-001  4.553652e-001
    outer loop
      vertex -9.071637e+000  2.918292e+001 -1.848142e+001
      vertex -1.092836e+001  3.148656e+001 -1.765966e+001
      vertex -1.092836e+001  2.740361e+001 -2.350126e+001
    endloop
  endfacet
  facet normal -6.786327e-001 -4.729544e-001  5.619357e-001
    outer loop
      vertex -1.092836e+001  2.225260e+001 -2.842690e+001
      vertex -9.071637e+000  1.943069e+001 -2.855966e+001
      vertex -9.071637e+000  2.482365e+001 -2.402066e+001
    endloop
  endfacet
  facet normal -6.041457e-001 -5.507351e-001  5.759331e-001
    outer loop
      vertex -9.071637e+000  2.482365e+001 -2.402066e+001
      vertex -1.092836e+001  2.740361e+001 -2.350126e+001
      vertex -1.092836e+001  2.225260e+001 -2.842690e+001
    endloop
  endfacet
  facet normal -6.802791e-001 -3.483116e-001  6.449026e-001
    outer loop
      vertex -1.092836e+001  1.623430e+001 -3.224460e+001
      vertex -9.071637e+000  1.322862e+001 -3.190940e+001
      vertex -9.071637e+000  1.943069e+001 -2.855966e+001
    endloop
  endfacet
  facet normal -6.019109e-001 -4.277616e-001  6.743317e-001
    outer loop
      vertex -9.071637e+000  1.943069e+001 -2.855966e+001
      vertex -1.092836e+001  2.225260e+001 -2.842690e+001
      vertex -1.092836e+001  1.623430e+001 -3.224460e+001
    endloop
  endfacet
  facet normal -6.815764e-001 -2.098007e-001  7.010259e-001
    outer loop
      vertex -1.092836e+001  9.583276e+000 -3.480557e+001
      vertex -9.071637e+000  6.475687e+000 -3.393039e+001
      vertex -9.071637e+000  1.322862e+001 -3.190940e+001
    endloop
  endfacet
  facet normal -6.000860e-001 -2.874419e-001  7.465078e-001
    outer loop
      vertex -9.071637e+000  1.322862e+001 -3.190940e+001
      vertex -1.092836e+001  1.623430e+001 -3.224460e+001
      vertex -1.092836e+001  9.583276e+000 -3.480557e+001
    endloop
  endfacet
  facet normal -6.825293e-001 -6.304988e-002  7.281334e-001
    outer loop
      vertex -1.092836e+001  2.558740e+000 -3.601000e+001
      vertex -9.071637e+000 -5.468974e-001 -3.453848e+001
      vertex -9.071637e+000  6.475687e+000 -3.393039e+001
    endloop
  endfacet
  facet normal -5.986779e-001 -1.353623e-001  7.894694e-001
    outer loop
      vertex -9.071637e+000  6.475687e+000 -3.393039e+001
      vertex -1.092836e+001  9.583276e+000 -3.480557e+001
      vertex -1.092836e+001  2.558740e+000 -3.601000e+001
    endloop
  endfacet
  facet normal -5.976914e-001  2.239267e-002  8.014134e-001
    outer loop
      vertex -9.071637e+000 -5.468974e-001 -3.453848e+001
      vertex -1.092836e+001  2.558740e+000 -3.601000e+001
      vertex -1.092836e+001 -4.565524e+000 -3.581094e+001
    endloop
  endfacet
  facet normal -6.831420e-001  8.600438e-002  7.252036e-001
    outer loop
      vertex -9.071637e+000 -7.546708e+000 -3.370835e+001
      vertex -9.071637e+000 -5.468974e-001 -3.453848e+001
      vertex -1.092836e+001 -4.565524e+000 -3.581094e+001
    endloop
  endfacet
  facet normal -6.023164e-001  1.742849e-001  7.789991e-001
    outer loop
      vertex -9.071637e+000 -7.546708e+000 -3.370835e+001
      vertex -1.092836e+001 -4.565524e+000 -3.581094e+001
      vertex -1.092836e+001 -1.112978e+001 -3.434232e+001
    endloop
  endfacet
  facet normal -6.603486e-001  2.148733e-001  7.195618e-001
    outer loop
      vertex -9.071637e+000 -7.546708e+000 -3.370835e+001
      vertex -1.092836e+001 -1.112978e+001 -3.434232e+001
      vertex -9.071637e+000 -1.217259e+001 -3.232698e+001
    endloop
  endfacet
  facet normal -6.355358e-001 -5.520256e-001 -5.397794e-001
    outer loop
      vertex -1.092836e+001  2.817712e+001  2.256805e+001
      vertex -9.071637e+000  2.236958e+001  2.632124e+001
      vertex -1.092836e+001  2.319438e+001  2.766383e+001
    endloop
  endfacet
  facet normal -6.465544e-001 -4.321373e-001 -6.286691e-001
    outer loop
      vertex -1.092836e+001  2.319438e+001  2.766383e+001
      vertex -9.071637e+000  2.236958e+001  2.632124e+001
      vertex -9.071637e+000  1.656071e+001  3.031417e+001
    endloop
  endfacet
  facet normal -6.409397e-001 -4.326993e-001 -6.340092e-001
    outer loop
      vertex -1.092836e+001  2.319438e+001  2.766383e+001
      vertex -9.071637e+000  1.656071e+001  3.031417e+001
      vertex -1.092836e+001  1.730764e+001  3.168142e+001
    endloop
  endfacet
  facet normal -6.418639e-001  3.197080e-001  6.969917e-001
    outer loop
      vertex -9.071637e+000 -1.656071e+001 -3.031417e+001
      vertex -9.071637e+000 -1.217259e+001 -3.232698e+001
      vertex -1.092836e+001 -1.730764e+001 -3.168142e+001
    endloop
  endfacet
  facet normal -6.124298e-001  3.127174e-001  7.260424e-001
    outer loop
      vertex -1.092836e+001 -1.730764e+001 -3.168142e+001
      vertex -9.071637e+000 -1.217259e+001 -3.232698e+001
      vertex -1.092836e+001 -1.112978e+001 -3.434232e+001
    endloop
  endfacet
  facet normal -6.407140e-001  7.355968e-001 -2.199608e-001
    outer loop
      vertex -1.092836e+001 -3.331701e+001  1.390122e+001
      vertex -9.071637e+000 -3.394803e+001  6.382574e+000
      vertex -1.092836e+001 -3.547918e+001  6.670446e+000
    endloop
  endfacet
  facet normal -6.407140e-001  7.652547e-001 -6.221484e-002
    outer loop
      vertex -1.092836e+001 -3.547918e+001  6.670446e+000
      vertex -9.071637e+000 -3.394803e+001  6.382574e+000
      vertex -9.071637e+000 -3.453320e+001 -8.150924e-001
    endloop
  endfacet
  facet normal -6.407135e-001  7.652553e-001 -6.221464e-002
    outer loop
      vertex -1.092836e+001 -3.547918e+001  6.670446e+000
      vertex -9.071637e+000 -3.453320e+001 -8.150924e-001
      vertex -1.092836e+001 -3.609074e+001 -8.518553e-001
    endloop
  endfacet
  facet normal -6.407135e-001  7.614678e-001  9.825052e-002
    outer loop
      vertex -1.092836e+001 -3.609074e+001 -8.518553e-001
      vertex -9.071637e+000 -3.453320e+001 -8.150924e-001
      vertex -9.071637e+000 -3.360909e+001 -7.977135e+000
    endloop
  endfacet
  facet normal -6.407144e-001  7.614670e-001  9.825001e-002
    outer loop
      vertex -1.092836e+001 -3.609074e+001 -8.518553e-001
      vertex -9.071637e+000 -3.360909e+001 -7.977135e+000
      vertex -1.092836e+001 -3.512496e+001 -8.336926e+000
    endloop
  endfacet
  facet normal -6.407144e-001  7.243997e-001  2.544210e-001
    outer loop
      vertex -1.092836e+001 -3.512496e+001 -8.336926e+000
      vertex -9.071637e+000 -3.360909e+001 -7.977135e+000
      vertex -9.071637e+000 -3.121611e+001 -1.479054e+001
    endloop
  endfacet
  facet normal -6.407145e-001  7.243997e-001  2.544209e-001
    outer loop
      vertex -1.092836e+001 -3.512496e+001 -8.336926e+000
      vertex -9.071637e+000 -3.121611e+001 -1.479054e+001
      vertex -1.092836e+001 -3.262405e+001 -1.545763e+001
    endloop
  endfacet
  facet normal -6.407145e-001  6.556727e-001  3.994725e-001
    outer loop
      vertex -1.092836e+001 -3.262405e+001 -1.545763e+001
      vertex -9.071637e+000 -3.121611e+001 -1.479054e+001
      vertex -9.071637e+000 -2.745884e+001 -2.095753e+001
    endloop
  endfacet
  facet normal -6.407142e-001  6.556729e-001  3.994728e-001
    outer loop
      vertex -1.092836e+001 -3.262405e+001 -1.545763e+001
      vertex -9.071637e+000 -2.745884e+001 -2.095753e+001
      vertex -1.092836e+001 -2.869731e+001 -2.190277e+001
    endloop
  endfacet
  facet normal -6.407141e-001  5.582898e-001  5.270652e-001
    outer loop
      vertex -1.092836e+001 -2.869731e+001 -2.190277e+001
      vertex -9.071637e+000 -2.745884e+001 -2.095753e+001
      vertex -9.071637e+000 -2.250149e+001 -2.620857e+001
    endloop
  endfacet
  facet normal -6.407142e-001  5.582898e-001  5.270652e-001
    outer loop
      vertex -1.092836e+001 -2.869731e+001 -2.190277e+001
      vertex -9.071637e+000 -2.250149e+001 -2.620857e+001
      vertex -1.092836e+001 -2.351637e+001 -2.739065e+001
    endloop
  endfacet
  facet normal -6.407143e-001  4.365068e-001  6.316224e-001
    outer loop
      vertex -1.092836e+001 -2.351637e+001 -2.739065e+001
      vertex -9.071637e+000 -2.250149e+001 -2.620857e+001
      vertex -9.071637e+000 -1.656071e+001 -3.031417e+001
    endloop
  endfacet
  facet normal -6.407140e-001  4.365069e-001  6.316227e-001
    outer loop
      vertex -1.092836e+001 -2.351637e+001 -2.739065e+001
      vertex -9.071637e+000 -1.656071e+001 -3.031417e+001
      vertex -1.092836e+001 -1.730764e+001 -3.168142e+001
    endloop
  endfacet
  facet normal -6.407140e-001  7.355968e-001 -2.199607e-001
    outer loop
      vertex -9.071637e+000 -3.394803e+001  6.382574e+000
      vertex -1.092836e+001 -3.331701e+001  1.390122e+001
      vertex -9.071637e+000 -3.187917e+001  1.330129e+001
    endloop
  endfacet
  facet normal -6.407140e-001  6.737901e-001 -3.680930e-001
    outer loop
      vertex -9.071637e+000 -3.187917e+001  1.330129e+001
      vertex -1.092836e+001 -3.331701e+001  1.390122e+001
      vertex -1.092836e+001 -2.969873e+001  2.052444e+001
    endloop
  endfacet
  facet normal -6.407145e-001  6.737896e-001 -3.680929e-001
    outer loop
      vertex -9.071637e+000 -3.187917e+001  1.330129e+001
      vertex -1.092836e+001 -2.969873e+001  2.052444e+001
      vertex -9.071637e+000 -2.841704e+001  1.963868e+001
    endloop
  endfacet
  facet normal -6.407145e-001  5.825347e-001 -5.001380e-001
    outer loop
      vertex -9.071637e+000 -2.841704e+001  1.963868e+001
      vertex -1.092836e+001 -2.969873e+001  2.052444e+001
      vertex -1.092836e+001 -2.478247e+001  2.625064e+001
    endloop
  endfacet
  facet normal -6.407142e-001  5.825351e-001 -5.001381e-001
    outer loop
      vertex -9.071637e+000 -2.841704e+001  1.963868e+001
      vertex -1.092836e+001 -2.478247e+001  2.625064e+001
      vertex -9.071637e+000 -2.371295e+001  2.511776e+001
    endloop
  endfacet
  facet normal -6.407142e-001  4.658208e-001 -6.103247e-001
    outer loop
      vertex -9.071637e+000 -2.371295e+001  2.511776e+001
      vertex -1.092836e+001 -2.478247e+001  2.625064e+001
      vertex -1.092836e+001 -1.878310e+001  3.082957e+001
    endloop
  endfacet
  facet normal -6.407144e-001  4.658206e-001 -6.103247e-001
    outer loop
      vertex -9.071637e+000 -2.371295e+001  2.511776e+001
      vertex -1.092836e+001 -1.878310e+001  3.082957e+001
      vertex -9.071637e+000 -1.797249e+001  2.949908e+001
    endloop
  endfacet
  facet normal -6.407144e-001  3.287475e-001 -6.938372e-001
    outer loop
      vertex -9.071637e+000 -1.797249e+001  2.949908e+001
      vertex -1.092836e+001 -1.878310e+001  3.082957e+001
      vertex -1.092836e+001 -1.196281e+001  3.406109e+001
    endloop
  endfacet
  facet normal -6.407142e-001  3.287477e-001 -6.938374e-001
    outer loop
      vertex -9.071637e+000 -1.797249e+001  2.949908e+001
      vertex -1.092836e+001 -1.196281e+001  3.406109e+001
      vertex -9.071637e+000 -1.144654e+001  3.259114e+001
    endloop
  endfacet
  facet normal -6.407142e-001  1.773070e-001 -7.470258e-001
    outer loop
      vertex -9.071637e+000 -1.144654e+001  3.259114e+001
      vertex -1.092836e+001 -1.196281e+001  3.406109e+001
      vertex -1.092836e+001 -4.619698e+000  3.580399e+001
    endloop
  endfacet
  facet normal -6.407144e-001  1.773069e-001 -7.470256e-001
    outer loop
      vertex -9.071637e+000 -1.144654e+001  3.259114e+001
      vertex -1.092836e+001 -4.619698e+000  3.580399e+001
      vertex -9.071637e+000 -4.420329e+000  3.425882e+001
    endloop
  endfacet
  facet normal -6.407145e-001  1.811687e-002 -7.675655e-001
    outer loop
      vertex -9.071637e+000 -4.420329e+000  3.425882e+001
      vertex -1.092836e+001 -4.619698e+000  3.580399e+001
      vertex -1.092836e+001  2.925321e+000  3.598207e+001
    endloop
  endfacet
  facet normal -6.407138e-001  1.811718e-002 -7.675661e-001
    outer loop
      vertex -9.071637e+000 -4.420329e+000  3.425882e+001
      vertex -1.092836e+001  2.925321e+000  3.598207e+001
      vertex -9.071637e+000  2.799074e+000  3.442922e+001
    endloop
  endfacet
  facet normal -6.407138e-001 -1.418647e-001 -7.545596e-001
    outer loop
      vertex -9.071637e+000  2.799074e+000  3.442922e+001
      vertex -1.092836e+001  2.925321e+000  3.598207e+001
      vertex -1.092836e+001  1.034249e+001  3.458757e+001
    endloop
  endfacet
  facet normal -6.407140e-001 -1.418647e-001 -7.545595e-001
    outer loop
      vertex -9.071637e+000  2.799074e+000  3.442922e+001
      vertex -1.092836e+001  1.034249e+001  3.458757e+001
      vertex -9.071637e+000  9.896145e+000  3.309490e+001
    endloop
  endfacet
  facet normal -6.407140e-001 -2.956466e-001 -7.085751e-001
    outer loop
      vertex -9.071637e+000  9.896145e+000  3.309490e+001
      vertex -1.092836e+001  1.034249e+001  3.458757e+001
      vertex -1.092836e+001  1.730764e+001  3.168142e+001
    endloop
  endfacet
  facet normal -6.407142e-001 -2.956466e-001 -7.085750e-001
    outer loop
      vertex -9.071637e+000  9.896145e+000  3.309490e+001
      vertex -1.092836e+001  1.730764e+001  3.168142e+001
      vertex -9.071637e+000  1.656071e+001  3.031417e+001
    endloop
  endfacet
  facet normal -7.926328e-001  2.542006e-001  5.541799e-001
    outer loop
      vertex -9.071637e+000 -1.656071e+001 -3.031417e+001
      vertex -8.281076e+000 -1.606676e+001 -2.941002e+001
      vertex -9.071637e+000 -1.217259e+001 -3.232698e+001
    endloop
  endfacet
  facet normal -7.926329e-001  2.542004e-001  5.541797e-001
    outer loop
      vertex -9.071637e+000 -1.217259e+001 -3.232698e+001
      vertex -8.281076e+000 -1.606676e+001 -2.941002e+001
      vertex -8.281076e+000 -1.180953e+001 -3.136279e+001
    endloop
  endfacet
  facet normal -9.761838e-001  9.045029e-002  1.971897e-001
    outer loop
      vertex -8.281076e+000 -1.606676e+001 -2.941002e+001
      vertex -8.000000e+000 -1.545892e+001 -2.829737e+001
      vertex -8.281076e+000 -1.180953e+001 -3.136279e+001
    endloop
  endfacet
  facet normal -9.761838e-001  9.045038e-002  1.971898e-001
    outer loop
      vertex -8.281076e+000 -1.180953e+001 -3.136279e+001
      vertex -8.000000e+000 -1.545892e+001 -2.829737e+001
      vertex -8.000000e+000 -1.136275e+001 -3.017627e+001
    endloop
  endfacet
  facet normal -7.926330e-001  1.744543e-001  5.842077e-001
    outer loop
      vertex -9.071637e+000 -1.217259e+001 -3.232698e+001
      vertex -8.281076e+000 -1.180953e+001 -3.136279e+001
      vertex -9.071637e+000 -7.546708e+000 -3.370835e+001
    endloop
  endfacet
  facet normal -7.926329e-001  1.744543e-001  5.842077e-001
    outer loop
      vertex -9.071637e+000 -7.546708e+000 -3.370835e+001
      vertex -8.281076e+000 -1.180953e+001 -3.136279e+001
      vertex -8.281076e+000 -7.321619e+000 -3.270296e+001
    endloop
  endfacet
  facet normal -9.761838e-001  6.207485e-002  2.078745e-001
    outer loop
      vertex -8.281076e+000 -1.180953e+001 -3.136279e+001
      vertex -8.000000e+000 -1.136275e+001 -3.017627e+001
      vertex -8.281076e+000 -7.321619e+000 -3.270296e+001
    endloop
  endfacet
  facet normal -9.761838e-001  6.207505e-002  2.078748e-001
    outer loop
      vertex -8.281076e+000 -7.321619e+000 -3.270296e+001
      vertex -8.000000e+000 -1.136275e+001 -3.017627e+001
      vertex -8.000000e+000 -7.044626e+000 -3.146574e+001
    endloop
  endfacet
  facet normal -9.760557e-001 -1.232180e-001 -1.792563e-001
    outer loop
      vertex -8.281076e+000  1.606676e+001  2.941002e+001
      vertex -8.281076e+000  2.170238e+001  2.553618e+001
      vertex -8.000000e+000  1.545892e+001  2.829737e+001
    endloop
  endfacet
  facet normal -9.778761e-001 -1.198473e-001 -1.714495e-001
    outer loop
      vertex -8.281076e+000  2.170238e+001  2.553618e+001
      vertex -8.000000e+000  2.126508e+001  2.423872e+001
      vertex -8.000000e+000  1.545892e+001  2.829737e+001
    endloop
  endfacet
  facet normal -9.778761e-001  2.300131e-002  2.079166e-001
    outer loop
      vertex -8.000000e+000 -3.504988e-003 -3.224468e+001
      vertex -8.281076e+000 -5.305855e-001 -3.350833e+001
      vertex -8.000000e+000 -7.044626e+000 -3.146574e+001
    endloop
  endfacet
  facet normal -9.760555e-001  2.561708e-002  2.160080e-001
    outer loop
      vertex -8.281076e+000 -5.305855e-001 -3.350833e+001
      vertex -8.281076e+000 -7.321619e+000 -3.270296e+001
      vertex -8.000000e+000 -7.044626e+000 -3.146574e+001
    endloop
  endfacet
  facet normal -9.742072e-001 -1.629135e-001 -1.561396e-001
    outer loop
      vertex -8.281076e+000  2.170238e+001  2.553618e+001
      vertex -8.281076e+000  2.643428e+001  2.059899e+001
      vertex -8.000000e+000  2.126508e+001  2.423872e+001
    endloop
  endfacet
  facet normal -9.724999e-001 -1.973591e-001 -1.236663e-001
    outer loop
      vertex -8.281076e+000  2.643428e+001  2.059899e+001
      vertex -8.281076e+000  3.006544e+001  1.480404e+001
      vertex -8.000000e+000  2.604484e+001  1.901014e+001
    endloop
  endfacet
  facet normal -9.792879e-001 -1.494403e-001 -1.366124e-001
    outer loop
      vertex -8.000000e+000  2.126508e+001  2.423872e+001
      vertex -8.281076e+000  2.643428e+001  2.059899e+001
      vertex -8.000000e+000  2.604484e+001  1.901014e+001
    endloop
  endfacet
  facet normal -9.710104e-001 -2.241043e-001 -8.316215e-002
    outer loop
      vertex -8.281076e+000  3.006544e+001  1.480404e+001
      vertex -8.281076e+000  3.244463e+001  8.392624e+000
      vertex -8.000000e+000  2.956750e+001  1.286400e+001
    endloop
  endfacet
  facet normal -9.803461e-001 -1.711643e-001 -9.810258e-002
    outer loop
      vertex -8.000000e+000  2.604484e+001  1.901014e+001
      vertex -8.281076e+000  3.006544e+001  1.480404e+001
      vertex -8.000000e+000  2.956750e+001  1.286400e+001
    endloop
  endfacet
  facet normal -9.698133e-001 -2.410767e-001 -3.666165e-002
    outer loop
      vertex -8.281076e+000  3.244463e+001  8.392624e+000
      vertex -8.281076e+000  3.347279e+001  1.631733e+000
      vertex -8.000000e+000  3.166301e+001  6.096952e+000
    endloop
  endfacet
  facet normal -9.811150e-001 -1.847692e-001 -5.721655e-002
    outer loop
      vertex -8.000000e+000  2.956750e+001  1.286400e+001
      vertex -8.281076e+000  3.244463e+001  8.392624e+000
      vertex -8.000000e+000  3.166301e+001  6.096952e+000
    endloop
  endfacet
  facet normal -9.689739e-001 -2.468091e-001  1.321678e-002
    outer loop
      vertex -8.281076e+000  3.347279e+001  1.631733e+000
      vertex -8.281076e+000  3.310710e+001 -5.197105e+000
      vertex -8.000000e+000  3.223026e+001 -9.643776e-001
    endloop
  endfacet
  facet normal -9.816372e-001 -1.901449e-001 -1.527447e-002
    outer loop
      vertex -8.000000e+000  3.166301e+001  6.096952e+000
      vertex -8.281076e+000  3.347279e+001  1.631733e+000
      vertex -8.000000e+000  3.223026e+001 -9.643776e-001
    endloop
  endfacet
  facet normal -9.685413e-001 -2.406217e-001  6.347399e-002
    outer loop
      vertex -8.281076e+000  3.310710e+001 -5.197105e+000
      vertex -8.281076e+000  3.136279e+001 -1.180953e+001
      vertex -8.000000e+000  3.124184e+001 -7.979159e+000
    endloop
  endfacet
  facet normal -9.819403e-001 -1.873404e-001  2.639722e-002
    outer loop
      vertex -8.000000e+000  3.223026e+001 -9.643776e-001
      vertex -8.281076e+000  3.310710e+001 -5.197105e+000
      vertex -8.000000e+000  3.124184e+001 -7.979159e+000
    endloop
  endfacet
  facet normal -9.685413e-001 -2.227265e-001  1.109978e-001
    outer loop
      vertex -8.281076e+000  3.136279e+001 -1.180953e+001
      vertex -8.281076e+000  2.831251e+001 -1.793019e+001
      vertex -8.000000e+000  2.874547e+001 -1.460881e+001
    endloop
  endfacet
  facet normal -9.820398e-001 -1.765712e-001  6.648716e-002
    outer loop
      vertex -8.000000e+000  3.124184e+001 -7.979159e+000
      vertex -8.281076e+000  3.136279e+001 -1.180953e+001
      vertex -8.000000e+000  2.874547e+001 -1.460881e+001
    endloop
  endfacet
  facet normal -9.689741e-001 -1.942289e-001  1.528542e-001
    outer loop
      vertex -8.281076e+000  2.831251e+001 -1.793019e+001
      vertex -8.281076e+000  2.408326e+001 -2.330422e+001
      vertex -8.000000e+000  2.486164e+001 -2.053334e+001
    endloop
  endfacet
  facet normal -9.819403e-001 -1.582233e-001  1.037233e-001
    outer loop
      vertex -8.000000e+000  2.874547e+001 -1.460881e+001
      vertex -8.281076e+000  2.831251e+001 -1.793019e+001
      vertex -8.000000e+000  2.486164e+001 -2.053334e+001
    endloop
  endfacet
  facet normal -9.698133e-001 -1.570221e-001  1.865641e-001
    outer loop
      vertex -8.281076e+000  2.408326e+001 -2.330422e+001
      vertex -8.281076e+000  1.885115e+001 -2.770783e+001
      vertex -8.000000e+000  1.977782e+001 -2.546678e+001
    endloop
  endfacet
  facet normal -9.816371e-001 -1.328460e-001  1.368953e-001
    outer loop
      vertex -8.000000e+000  2.486164e+001 -2.053334e+001
      vertex -8.281076e+000  2.408326e+001 -2.330422e+001
      vertex -8.000000e+000  1.977782e+001 -2.546678e+001
    endloop
  endfacet
  facet normal -9.710105e-001 -1.135944e-001  2.103212e-001
    outer loop
      vertex -8.281076e+000  1.885115e+001 -2.770783e+001
      vertex -8.281076e+000  1.283406e+001 -3.095766e+001
      vertex -8.000000e+000  1.373938e+001 -2.917102e+001
    endloop
  endfacet
  facet normal -9.811150e-001 -1.011415e-001  1.648750e-001
    outer loop
      vertex -8.000000e+000  1.977782e+001 -2.546678e+001
      vertex -8.281076e+000  1.885115e+001 -2.770783e+001
      vertex -8.000000e+000  1.373938e+001 -2.917102e+001
    endloop
  endfacet
  facet normal -9.725000e-001 -6.677601e-002  2.231249e-001
    outer loop
      vertex -8.281076e+000  1.283406e+001 -3.095766e+001
      vertex -8.281076e+000  6.282542e+000 -3.291838e+001
      vertex -8.000000e+000  7.037785e+000 -3.146727e+001
    endloop
  endfacet
  facet normal -9.803461e-001 -6.394818e-002  1.866332e-001
    outer loop
      vertex -8.000000e+000  1.373938e+001 -2.917102e+001
      vertex -8.281076e+000  1.283406e+001 -3.095766e+001
      vertex -8.000000e+000  7.037785e+000 -3.146727e+001
    endloop
  endfacet
  facet normal -9.742071e-001 -1.946686e-002  2.248143e-001
    outer loop
      vertex -8.281076e+000  6.282542e+000 -3.291838e+001
      vertex -8.281076e+000 -5.305855e-001 -3.350833e+001
      vertex -8.000000e+000 -3.504988e-003 -3.224468e+001
    endloop
  endfacet
  facet normal -9.792880e-001 -2.221953e-002  2.012499e-001
    outer loop
      vertex -8.000000e+000  7.037785e+000 -3.146727e+001
      vertex -8.281076e+000  6.282542e+000 -3.291838e+001
      vertex -8.000000e+000 -3.504988e-003 -3.224468e+001
    endloop
  endfacet
  facet normal -7.918114e-001 -5.905636e-001  1.557858e-001
    outer loop
      vertex -9.071637e+000  3.232698e+001 -1.217259e+001
      vertex -8.281076e+000  3.310710e+001 -5.197105e+000
      vertex -9.071637e+000  3.412491e+001 -5.356880e+000
    endloop
  endfacet
  facet normal -7.918114e-001 -6.098917e-001  3.266006e-002
    outer loop
      vertex -9.071637e+000  3.412491e+001 -5.356880e+000
      vertex -8.281076e+000  3.310710e+001 -5.197105e+000
      vertex -8.281076e+000  3.347279e+001  1.631733e+000
    endloop
  endfacet
  facet normal -7.918113e-001 -6.098920e-001  3.266003e-002
    outer loop
      vertex -9.071637e+000  3.412491e+001 -5.356880e+000
      vertex -8.281076e+000  3.347279e+001  1.631733e+000
      vertex -9.071637e+000  3.450184e+001  1.681898e+000
    endloop
  endfacet
  facet normal -7.918113e-001 -6.038235e-001 -9.182625e-002
    outer loop
      vertex -9.071637e+000  3.450184e+001  1.681898e+000
      vertex -8.281076e+000  3.347279e+001  1.631733e+000
      vertex -8.281076e+000  3.244463e+001  8.392624e+000
    endloop
  endfacet
  facet normal -7.918114e-001 -6.038234e-001 -9.182620e-002
    outer loop
      vertex -9.071637e+000  3.450184e+001  1.681898e+000
      vertex -8.281076e+000  3.244463e+001  8.392624e+000
      vertex -9.071637e+000  3.344207e+001  8.650640e+000
    endloop
  endfacet
  facet normal -7.918114e-001 -5.726110e-001 -2.124884e-001
    outer loop
      vertex -9.071637e+000  3.344207e+001  8.650640e+000
      vertex -8.281076e+000  3.244463e+001  8.392624e+000
      vertex -8.281076e+000  3.006544e+001  1.480404e+001
    endloop
  endfacet
  facet normal -7.918111e-001 -5.726115e-001 -2.124887e-001
    outer loop
      vertex -9.071637e+000  3.344207e+001  8.650640e+000
      vertex -8.281076e+000  3.006544e+001  1.480404e+001
      vertex -9.071637e+000  3.098974e+001  1.525916e+001
    endloop
  endfacet
  facet normal -7.918112e-001 -5.175548e-001 -3.243027e-001
    outer loop
      vertex -9.071637e+000  3.098974e+001  1.525916e+001
      vertex -8.281076e+000  3.006544e+001  1.480404e+001
      vertex -8.281076e+000  2.643428e+001  2.059899e+001
    endloop
  endfacet
  facet normal -7.918113e-001 -5.175546e-001 -3.243025e-001
    outer loop
      vertex -9.071637e+000  3.098974e+001  1.525916e+001
      vertex -8.281076e+000  2.643428e+001  2.059899e+001
      vertex -9.071637e+000  2.724696e+001  2.123227e+001
    endloop
  endfacet
  facet normal -7.918113e-001 -4.409465e-001 -4.226122e-001
    outer loop
      vertex -9.071637e+000  2.724696e+001  2.123227e+001
      vertex -8.281076e+000  2.643428e+001  2.059899e+001
      vertex -8.281076e+000  2.170238e+001  2.553618e+001
    endloop
  endfacet
  facet normal -7.918113e-001 -4.409465e-001 -4.226121e-001
    outer loop
      vertex -9.071637e+000  2.724696e+001  2.123227e+001
      vertex -8.281076e+000  2.170238e+001  2.553618e+001
      vertex -9.071637e+000  2.236958e+001  2.632124e+001
    endloop
  endfacet
  facet normal -7.918113e-001 -3.459769e-001 -5.033238e-001
    outer loop
      vertex -9.071637e+000  2.236958e+001  2.632124e+001
      vertex -8.281076e+000  2.170238e+001  2.553618e+001
      vertex -8.281076e+000  1.606676e+001  2.941002e+001
    endloop
  endfacet
  facet normal -7.918112e-001 -3.459769e-001 -5.033239e-001
    outer loop
      vertex -9.071637e+000  2.236958e+001  2.632124e+001
      vertex -8.281076e+000  1.606676e+001  2.941002e+001
      vertex -9.071637e+000  1.656071e+001  3.031417e+001
    endloop
  endfacet
  facet normal -7.918115e-001 -5.905637e-001  1.557858e-001
    outer loop
      vertex -8.281076e+000  3.310710e+001 -5.197105e+000
      vertex -9.071637e+000  3.232698e+001 -1.217259e+001
      vertex -8.281076e+000  3.136279e+001 -1.180953e+001
    endloop
  endfacet
  facet normal -7.918114e-001 -5.466437e-001  2.724248e-001
    outer loop
      vertex -8.281076e+000  3.136279e+001 -1.180953e+001
      vertex -9.071637e+000  3.232698e+001 -1.217259e+001
      vertex -9.071637e+000  2.918292e+001 -1.848142e+001
    endloop
  endfacet
  facet normal -7.918116e-001 -5.466436e-001  2.724247e-001
    outer loop
      vertex -8.281076e+000  3.136279e+001 -1.180953e+001
      vertex -9.071637e+000  2.918292e+001 -1.848142e+001
      vertex -8.281076e+000  2.831251e+001 -1.793019e+001
    endloop
  endfacet
  facet normal -7.918116e-001 -4.799608e-001  3.777196e-001
    outer loop
      vertex -8.281076e+000  2.831251e+001 -1.793019e+001
      vertex -9.071637e+000  2.918292e+001 -1.848142e+001
      vertex -9.071637e+000  2.482365e+001 -2.402066e+001
    endloop
  endfacet
  facet normal -7.918113e-001 -4.799612e-001  3.777198e-001
    outer loop
      vertex -8.281076e+000  2.831251e+001 -1.793019e+001
      vertex -9.071637e+000  2.482365e+001 -2.402066e+001
      vertex -8.281076e+000  2.408326e+001 -2.330422e+001
    endloop
  endfacet
  facet normal -7.918113e-001 -3.932922e-001  4.672860e-001
    outer loop
      vertex -8.281076e+000  2.408326e+001 -2.330422e+001
      vertex -9.071637e+000  2.482365e+001 -2.402066e+001
      vertex -9.071637e+000  1.943069e+001 -2.855966e+001
    endloop
  endfacet
  facet normal -7.918112e-001 -3.932922e-001  4.672860e-001
    outer loop
      vertex -8.281076e+000  2.408326e+001 -2.330422e+001
      vertex -9.071637e+000  1.943069e+001 -2.855966e+001
      vertex -8.281076e+000  1.885115e+001 -2.770783e+001
    endloop
  endfacet
  facet normal -7.918112e-001 -2.902462e-001  5.373939e-001
    outer loop
      vertex -8.281076e+000  1.885115e+001 -2.770783e+001
      vertex -9.071637e+000  1.943069e+001 -2.855966e+001
      vertex -9.071637e+000  1.322862e+001 -3.190940e+001
    endloop
  endfacet
  facet normal -7.918110e-001 -2.902463e-001  5.373940e-001
    outer loop
      vertex -8.281076e+000  1.885115e+001 -2.770783e+001
      vertex -9.071637e+000  1.322862e+001 -3.190940e+001
      vertex -8.281076e+000  1.283406e+001 -3.095766e+001
    endloop
  endfacet
  facet normal -7.918110e-001 -1.751140e-001  5.851243e-001
    outer loop
      vertex -8.281076e+000  1.283406e+001 -3.095766e+001
      vertex -9.071637e+000  1.322862e+001 -3.190940e+001
      vertex -9.071637e+000  6.475687e+000 -3.393039e+001
    endloop
  endfacet
  facet normal -7.918113e-001 -1.751138e-001  5.851238e-001
    outer loop
      vertex -8.281076e+000  1.283406e+001 -3.095766e+001
      vertex -9.071637e+000  6.475687e+000 -3.393039e+001
      vertex -8.281076e+000  6.282542e+000 -3.291838e+001
    endloop
  endfacet
  facet normal -7.918115e-001 -5.268971e-002  6.084888e-001
    outer loop
      vertex -8.281076e+000  6.282542e+000 -3.291838e+001
      vertex -9.071637e+000  6.475687e+000 -3.393039e+001
      vertex -9.071637e+000 -5.468974e-001 -3.453848e+001
    endloop
  endfacet
  facet normal -7.918119e-001 -5.268949e-002  6.084881e-001
    outer loop
      vertex -8.281076e+000  6.282542e+000 -3.291838e+001
      vertex -9.071637e+000 -5.468974e-001 -3.453848e+001
      vertex -8.281076e+000 -5.305855e-001 -3.350833e+001
    endloop
  endfacet
  facet normal -7.918119e-001  7.192867e-002  6.065149e-001
    outer loop
      vertex -8.281076e+000 -5.305855e-001 -3.350833e+001
      vertex -9.071637e+000 -5.468974e-001 -3.453848e+001
      vertex -9.071637e+000 -7.546708e+000 -3.370835e+001
    endloop
  endfacet
  facet normal -7.918115e-001  7.192860e-002  6.065155e-001
    outer loop
      vertex -8.281076e+000 -5.305855e-001 -3.350833e+001
      vertex -9.071637e+000 -7.546708e+000 -3.370835e+001
      vertex -8.281076e+000 -7.321619e+000 -3.270296e+001
    endloop
  endfacet
  facet normal -7.917342e-001 -2.352243e-001 -5.637611e-001
    outer loop
      vertex -9.071637e+000  1.656071e+001  3.031417e+001
      vertex -8.281076e+000  1.606676e+001  2.941002e+001
      vertex -9.071637e+000  9.896145e+000  3.309490e+001
    endloop
  endfacet
  facet normal -7.917349e-001 -2.352238e-001 -5.637603e-001
    outer loop
      vertex -9.071637e+000  9.896145e+000  3.309490e+001
      vertex -8.281076e+000  1.606676e+001  2.941002e+001
      vertex -8.281076e+000  9.600981e+000  3.210780e+001
    endloop
  endfacet
  facet normal -9.760436e-001 -8.378099e-002 -2.007977e-001
    outer loop
      vertex -8.281076e+000  1.606676e+001  2.941002e+001
      vertex -8.000000e+000  1.545892e+001  2.829737e+001
      vertex -8.281076e+000  9.600981e+000  3.210780e+001
    endloop
  endfacet
  facet normal -9.760435e-001 -8.378114e-002 -2.007980e-001
    outer loop
      vertex -8.281076e+000  9.600981e+000  3.210780e+001
      vertex -8.000000e+000  1.545892e+001  2.829737e+001
      vertex -8.000000e+000  9.237755e+000  3.089309e+001
    endloop
  endfacet
  facet normal -7.917344e-001  3.472963e-001  5.025355e-001
    outer loop
      vertex -9.071637e+000 -2.250149e+001 -2.620857e+001
      vertex -8.281076e+000 -2.183035e+001 -2.542687e+001
      vertex -9.071637e+000 -1.656071e+001 -3.031417e+001
    endloop
  endfacet
  facet normal -7.917342e-001  3.472965e-001  5.025356e-001
    outer loop
      vertex -9.071637e+000 -1.656071e+001 -3.031417e+001
      vertex -8.281076e+000 -2.183035e+001 -2.542687e+001
      vertex -8.281076e+000 -1.606676e+001 -2.941002e+001
    endloop
  endfacet
  facet normal -9.760435e-001  1.236986e-001  1.789910e-001
    outer loop
      vertex -8.281076e+000 -2.183035e+001 -2.542687e+001
      vertex -8.000000e+000 -2.100446e+001 -2.446491e+001
      vertex -8.281076e+000 -1.606676e+001 -2.941002e+001
    endloop
  endfacet
  facet normal -9.760435e-001  1.236984e-001  1.789908e-001
    outer loop
      vertex -8.281076e+000 -1.606676e+001 -2.941002e+001
      vertex -8.000000e+000 -2.100446e+001 -2.446491e+001
      vertex -8.000000e+000 -1.545892e+001 -2.829737e+001
    endloop
  endfacet
  facet normal -7.917342e-001  4.441902e-001  4.193471e-001
    outer loop
      vertex -9.071637e+000 -2.745884e+001 -2.095753e+001
      vertex -8.281076e+000 -2.663985e+001 -2.033244e+001
      vertex -9.071637e+000 -2.250149e+001 -2.620857e+001
    endloop
  endfacet
  facet normal -7.917344e-001  4.441900e-001  4.193469e-001
    outer loop
      vertex -9.071637e+000 -2.250149e+001 -2.620857e+001
      vertex -8.281076e+000 -2.663985e+001 -2.033244e+001
      vertex -8.281076e+000 -2.183035e+001 -2.542687e+001
    endloop
  endfacet
  facet normal -9.760436e-001  1.582096e-001  1.493611e-001
    outer loop
      vertex -8.281076e+000 -2.663985e+001 -2.033244e+001
      vertex -8.000000e+000 -2.563200e+001 -1.956322e+001
      vertex -8.281076e+000 -2.183035e+001 -2.542687e+001
    endloop
  endfacet
  facet normal -9.760435e-001  1.582098e-001  1.493612e-001
    outer loop
      vertex -8.281076e+000 -2.183035e+001 -2.542687e+001
      vertex -8.000000e+000 -2.563200e+001 -1.956322e+001
      vertex -8.000000e+000 -2.100446e+001 -2.446491e+001
    endloop
  endfacet
  facet normal -7.917340e-001  5.216709e-001  3.178311e-001
    outer loop
      vertex -9.071637e+000 -3.121611e+001 -1.479054e+001
      vertex -8.281076e+000 -3.028506e+001 -1.434939e+001
      vertex -9.071637e+000 -2.745884e+001 -2.095753e+001
    endloop
  endfacet
  facet normal -7.917342e-001  5.216708e-001  3.178310e-001
    outer loop
      vertex -9.071637e+000 -2.745884e+001 -2.095753e+001
      vertex -8.281076e+000 -3.028506e+001 -1.434939e+001
      vertex -8.281076e+000 -2.663985e+001 -2.033244e+001
    endloop
  endfacet
  facet normal -9.760435e-001  1.858063e-001  1.132036e-001
    outer loop
      vertex -8.281076e+000 -3.028506e+001 -1.434939e+001
      vertex -8.000000e+000 -2.913931e+001 -1.380652e+001
      vertex -8.281076e+000 -2.663985e+001 -2.033244e+001
    endloop
  endfacet
  facet normal -9.760435e-001  1.858062e-001  1.132036e-001
    outer loop
      vertex -8.281076e+000 -2.663985e+001 -2.033244e+001
      vertex -8.000000e+000 -2.913931e+001 -1.380652e+001
      vertex -8.000000e+000 -2.563200e+001 -1.956322e+001
    endloop
  endfacet
  facet normal -7.917344e-001  5.763515e-001  2.024240e-001
    outer loop
      vertex -9.071637e+000 -3.360909e+001 -7.977135e+000
      vertex -8.281076e+000 -3.260666e+001 -7.739208e+000
      vertex -9.071637e+000 -3.121611e+001 -1.479054e+001
    endloop
  endfacet
  facet normal -7.917340e-001  5.763521e-001  2.024241e-001
    outer loop
      vertex -9.071637e+000 -3.121611e+001 -1.479054e+001
      vertex -8.281076e+000 -3.260666e+001 -7.739208e+000
      vertex -8.281076e+000 -3.028506e+001 -1.434939e+001
    endloop
  endfacet
  facet normal -9.760435e-001  2.052827e-001  7.209858e-002
    outer loop
      vertex -8.281076e+000 -3.260666e+001 -7.739208e+000
      vertex -8.000000e+000 -3.137308e+001 -7.446416e+000
      vertex -8.281076e+000 -3.028506e+001 -1.434939e+001
    endloop
  endfacet
  facet normal -9.760435e-001  2.052824e-001  7.209853e-002
    outer loop
      vertex -8.281076e+000 -3.028506e+001 -1.434939e+001
      vertex -8.000000e+000 -3.137308e+001 -7.446416e+000
      vertex -8.000000e+000 -2.913931e+001 -1.380652e+001
    endloop
  endfacet
  facet normal -7.917352e-001  6.058422e-001  7.817049e-002
    outer loop
      vertex -9.071637e+000 -3.453320e+001 -8.150924e-001
      vertex -8.281076e+000 -3.350320e+001 -7.907814e-001
      vertex -9.071637e+000 -3.360909e+001 -7.977135e+000
    endloop
  endfacet
  facet normal -7.917345e-001  6.058431e-001  7.817039e-002
    outer loop
      vertex -9.071637e+000 -3.360909e+001 -7.977135e+000
      vertex -8.281076e+000 -3.350320e+001 -7.907814e-001
      vertex -8.281076e+000 -3.260666e+001 -7.739208e+000
    endloop
  endfacet
  facet normal -9.760435e-001  2.157866e-001  2.784239e-002
    outer loop
      vertex -8.281076e+000 -3.350320e+001 -7.907814e-001
      vertex -8.000000e+000 -3.223570e+001 -7.608642e-001
      vertex -8.281076e+000 -3.260666e+001 -7.739208e+000
    endloop
  endfacet
  facet normal -9.760435e-001  2.157870e-001  2.784237e-002
    outer loop
      vertex -8.281076e+000 -3.260666e+001 -7.739208e+000
      vertex -8.000000e+000 -3.223570e+001 -7.608642e-001
      vertex -8.000000e+000 -3.137308e+001 -7.446416e+000
    endloop
  endfacet
  facet normal -7.917345e-001  6.088566e-001 -4.949976e-002
    outer loop
      vertex -9.071637e+000 -3.394803e+001  6.382574e+000
      vertex -8.281076e+000 -3.293549e+001  6.192206e+000
      vertex -9.071637e+000 -3.453320e+001 -8.150924e-001
    endloop
  endfacet
  facet normal -7.917353e-001  6.088556e-001 -4.949943e-002
    outer loop
      vertex -9.071637e+000 -3.453320e+001 -8.150924e-001
      vertex -8.281076e+000 -3.293549e+001  6.192206e+000
      vertex -8.281076e+000 -3.350320e+001 -7.907814e-001
    endloop
  endfacet
  facet normal -9.760436e-001  2.168597e-001 -1.763051e-002
    outer loop
      vertex -8.281076e+000 -3.293549e+001  6.192206e+000
      vertex -8.000000e+000 -3.168946e+001  5.957942e+000
      vertex -8.281076e+000 -3.350320e+001 -7.907814e-001
    endloop
  endfacet
  facet normal -9.760436e-001  2.168599e-001 -1.763055e-002
    outer loop
      vertex -8.281076e+000 -3.350320e+001 -7.907814e-001
      vertex -8.000000e+000 -3.168946e+001  5.957942e+000
      vertex -8.000000e+000 -3.223570e+001 -7.608642e-001
    endloop
  endfacet
  facet normal -7.917344e-001  5.852602e-001 -1.750066e-001
    outer loop
      vertex -9.071637e+000 -3.187917e+001  1.330129e+001
      vertex -8.281076e+000 -3.092834e+001  1.290456e+001
      vertex -9.071637e+000 -3.394803e+001  6.382574e+000
    endloop
  endfacet
  facet normal -7.917344e-001  5.852600e-001 -1.750065e-001
    outer loop
      vertex -9.071637e+000 -3.394803e+001  6.382574e+000
      vertex -8.281076e+000 -3.092834e+001  1.290456e+001
      vertex -8.281076e+000 -3.293549e+001  6.192206e+000
    endloop
  endfacet
  facet normal -9.760434e-001  2.084555e-001 -6.233309e-002
    outer loop
      vertex -8.281076e+000 -3.092834e+001  1.290456e+001
      vertex -8.000000e+000 -2.975825e+001  1.241636e+001
      vertex -8.281076e+000 -3.293549e+001  6.192206e+000
    endloop
  endfacet
  facet normal -9.760436e-001  2.084552e-001 -6.233292e-002
    outer loop
      vertex -8.281076e+000 -3.293549e+001  6.192206e+000
      vertex -8.000000e+000 -2.975825e+001  1.241636e+001
      vertex -8.000000e+000 -3.168946e+001  5.957942e+000
    endloop
  endfacet
  facet normal -7.917342e-001  5.360852e-001 -2.928647e-001
    outer loop
      vertex -9.071637e+000 -2.841704e+001  1.963868e+001
      vertex -8.281076e+000 -2.756947e+001  1.905293e+001
      vertex -9.071637e+000 -3.187917e+001  1.330129e+001
    endloop
  endfacet
  facet normal -7.917343e-001  5.360850e-001 -2.928645e-001
    outer loop
      vertex -9.071637e+000 -3.187917e+001  1.330129e+001
      vertex -8.281076e+000 -2.756947e+001  1.905293e+001
      vertex -8.281076e+000 -3.092834e+001  1.290456e+001
    endloop
  endfacet
  facet normal -9.760435e-001  1.909405e-001 -1.043112e-001
    outer loop
      vertex -8.281076e+000 -2.756947e+001  1.905293e+001
      vertex -8.000000e+000 -2.652645e+001  1.833212e+001
      vertex -8.281076e+000 -3.092834e+001  1.290456e+001
    endloop
  endfacet
  facet normal -9.760435e-001  1.909406e-001 -1.043113e-001
    outer loop
      vertex -8.281076e+000 -3.092834e+001  1.290456e+001
      vertex -8.000000e+000 -2.652645e+001  1.833212e+001
      vertex -8.000000e+000 -2.975825e+001  1.241636e+001
    endloop
  endfacet
  facet normal -7.917341e-001  4.634806e-001 -3.979233e-001
    outer loop
      vertex -9.071637e+000 -2.371295e+001  2.511776e+001
      vertex -8.281076e+000 -2.300568e+001  2.436860e+001
      vertex -9.071637e+000 -2.841704e+001  1.963868e+001
    endloop
  endfacet
  facet normal -7.917342e-001  4.634806e-001 -3.979233e-001
    outer loop
      vertex -9.071637e+000 -2.841704e+001  1.963868e+001
      vertex -8.281076e+000 -2.300568e+001  2.436860e+001
      vertex -8.281076e+000 -2.756947e+001  1.905293e+001
    endloop
  endfacet
  facet normal -9.760435e-001  1.650803e-001 -1.417304e-001
    outer loop
      vertex -8.281076e+000 -2.300568e+001  2.436860e+001
      vertex -8.000000e+000 -2.213533e+001  2.344668e+001
      vertex -8.281076e+000 -2.756947e+001  1.905293e+001
    endloop
  endfacet
  facet normal -9.760435e-001  1.650804e-001 -1.417305e-001
    outer loop
      vertex -8.281076e+000 -2.756947e+001  1.905293e+001
      vertex -8.000000e+000 -2.213533e+001  2.344668e+001
      vertex -8.000000e+000 -2.652645e+001  1.833212e+001
    endloop
  endfacet
  facet normal -7.917343e-001  3.706193e-001 -4.855905e-001
    outer loop
      vertex -9.071637e+000 -1.797249e+001  2.949908e+001
      vertex -8.281076e+000 -1.743644e+001  2.861923e+001
      vertex -9.071637e+000 -2.371295e+001  2.511776e+001
    endloop
  endfacet
  facet normal -7.917342e-001  3.706194e-001 -4.855906e-001
    outer loop
      vertex -9.071637e+000 -2.371295e+001  2.511776e+001
      vertex -8.281076e+000 -1.743644e+001  2.861923e+001
      vertex -8.281076e+000 -2.300568e+001  2.436860e+001
    endloop
  endfacet
  facet normal -9.760436e-001  1.320054e-001 -1.729553e-001
    outer loop
      vertex -8.281076e+000 -1.743644e+001  2.861923e+001
      vertex -8.000000e+000 -1.677678e+001  2.753650e+001
      vertex -8.281076e+000 -2.300568e+001  2.436860e+001
    endloop
  endfacet
  facet normal -9.760435e-001  1.320055e-001 -1.729554e-001
    outer loop
      vertex -8.281076e+000 -2.300568e+001  2.436860e+001
      vertex -8.000000e+000 -1.677678e+001  2.753650e+001
      vertex -8.000000e+000 -2.213533e+001  2.344668e+001
    endloop
  endfacet
  facet normal -7.917340e-001  2.615605e-001 -5.520356e-001
    outer loop
      vertex -9.071637e+000 -1.144654e+001  3.259114e+001
      vertex -8.281076e+000 -1.110514e+001  3.161907e+001
      vertex -9.071637e+000 -1.797249e+001  2.949908e+001
    endloop
  endfacet
  facet normal -7.917343e-001  2.615604e-001 -5.520354e-001
    outer loop
      vertex -9.071637e+000 -1.797249e+001  2.949908e+001
      vertex -8.281076e+000 -1.110514e+001  3.161907e+001
      vertex -8.281076e+000 -1.743644e+001  2.861923e+001
    endloop
  endfacet
  facet normal -9.760435e-001  9.316143e-002 -1.966215e-001
    outer loop
      vertex -8.281076e+000 -1.110514e+001  3.161907e+001
      vertex -8.000000e+000 -1.068500e+001  3.042285e+001
      vertex -8.281076e+000 -1.743644e+001  2.861923e+001
    endloop
  endfacet
  facet normal -9.760435e-001  9.316136e-002 -1.966213e-001
    outer loop
      vertex -8.281076e+000 -1.743644e+001  2.861923e+001
      vertex -8.000000e+000 -1.068500e+001  3.042285e+001
      vertex -8.000000e+000 -1.677678e+001  2.753650e+001
    endloop
  endfacet
  facet normal -7.917345e-001  1.410700e-001 -5.943533e-001
    outer loop
      vertex -9.071637e+000 -4.420329e+000  3.425882e+001
      vertex -8.281076e+000 -4.288487e+000  3.323701e+001
      vertex -9.071637e+000 -1.144654e+001  3.259114e+001
    endloop
  endfacet
  facet normal -7.917340e-001  1.410700e-001 -5.943539e-001
    outer loop
      vertex -9.071637e+000 -1.144654e+001  3.259114e+001
      vertex -8.281076e+000 -4.288487e+000  3.323701e+001
      vertex -8.281076e+000 -1.110514e+001  3.161907e+001
    endloop
  endfacet
  facet normal -9.760435e-001  5.024572e-002 -2.116944e-001
    outer loop
      vertex -8.281076e+000 -4.288487e+000  3.323701e+001
      vertex -8.000000e+000 -4.126244e+000  3.197958e+001
      vertex -8.281076e+000 -1.110514e+001  3.161907e+001
    endloop
  endfacet
  facet normal -9.760435e-001  5.024572e-002 -2.116942e-001
    outer loop
      vertex -8.281076e+000 -1.110514e+001  3.161907e+001
      vertex -8.000000e+000 -4.126244e+000  3.197958e+001
      vertex -8.000000e+000 -1.068500e+001  3.042285e+001
    endloop
  endfacet
  facet normal -7.917341e-001  1.441450e-002 -6.106958e-001
    outer loop
      vertex -9.071637e+000  2.799074e+000  3.442922e+001
      vertex -8.281076e+000  2.715589e+000  3.340233e+001
      vertex -9.071637e+000 -4.420329e+000  3.425882e+001
    endloop
  endfacet
  facet normal -7.917345e-001  1.441460e-002 -6.106954e-001
    outer loop
      vertex -9.071637e+000 -4.420329e+000  3.425882e+001
      vertex -8.281076e+000  2.715589e+000  3.340233e+001
      vertex -8.281076e+000 -4.288487e+000  3.323701e+001
    endloop
  endfacet
  facet normal -9.760436e-001  5.134124e-003 -2.175145e-001
    outer loop
      vertex -8.281076e+000  2.715589e+000  3.340233e+001
      vertex -8.000000e+000  2.612852e+000  3.213864e+001
      vertex -8.281076e+000 -4.288487e+000  3.323701e+001
    endloop
  endfacet
  facet normal -9.760435e-001  5.134025e-003 -2.175151e-001
    outer loop
      vertex -8.281076e+000 -4.288487e+000  3.323701e+001
      vertex -8.000000e+000  2.612852e+000  3.213864e+001
      vertex -8.000000e+000 -4.126244e+000  3.197958e+001
    endloop
  endfacet
  facet normal -7.917349e-001 -1.128711e-001 -6.003466e-001
    outer loop
      vertex -9.071637e+000  9.896145e+000  3.309490e+001
      vertex -8.281076e+000  9.600981e+000  3.210780e+001
      vertex -9.071637e+000  2.799074e+000  3.442922e+001
    endloop
  endfacet
  facet normal -7.917341e-001 -1.128716e-001 -6.003475e-001
    outer loop
      vertex -9.071637e+000  2.799074e+000  3.442922e+001
      vertex -8.281076e+000  9.600981e+000  3.210780e+001
      vertex -8.281076e+000  2.715589e+000  3.340233e+001
    endloop
  endfacet
  facet normal -9.760435e-001 -4.020209e-002 -2.138291e-001
    outer loop
      vertex -8.281076e+000  9.600981e+000  3.210780e+001
      vertex -8.000000e+000  9.237755e+000  3.089309e+001
      vertex -8.281076e+000  2.715589e+000  3.340233e+001
    endloop
  endfacet
  facet normal -9.760436e-001 -4.020195e-002 -2.138288e-001
    outer loop
      vertex -8.281076e+000  2.715589e+000  3.340233e+001
      vertex -8.000000e+000  9.237755e+000  3.089309e+001
      vertex -8.000000e+000  2.612852e+000  3.213864e+001
    endloop
  endfacet
  facet normal -1.000000e+000  0.000000e+000  0.000000e+000
    outer loop
      vertex -8.000000e+000 -7.140010e+000 -1.306970e+001
      vertex -8.000000e+000 -3.137308e+001 -7.446416e+000
      vertex -8.000000e+000 -1.082931e+001 -1.022364e+001
    endloop
  endfacet
  facet normal -1.000000e+000  0.000000e+000  0.000000e+000
    outer loop
      vertex -8.000000e+000 -1.082931e+001 -1.022364e+001
      vertex -8.000000e+000 -3.137308e+001 -7.446416e+000
      vertex -8.000000e+000 -1.345857e+001 -6.376817e+000
    endloop
  endfacet
  facet normal -9.999999e-001  0.000000e+000  -0.000000e+000
    outer loop
      vertex -8.000000e+000 -2.652645e+001  1.833212e+001
      vertex -8.000000e+000 -2.213533e+001  2.344668e+001
      vertex -8.000000e+000 -1.677678e+001  2.753650e+001
    endloop
  endfacet
  facet normal -1.000000e+000  0.000000e+000  -0.000000e+000
    outer loop
      vertex -8.000000e+000 -2.652645e+001  1.833212e+001
      vertex -8.000000e+000 -1.677678e+001  2.753650e+001
      vertex -8.000000e+000 -1.068500e+001  3.042285e+001
    endloop
  endfacet
  facet normal -9.999999e-001  0.000000e+000  -0.000000e+000
    outer loop
      vertex -8.000000e+000 -2.652645e+001  1.833212e+001
      vertex -8.000000e+000 -1.068500e+001  3.042285e+001
      vertex -8.000000e+000 -4.126244e+000  3.197958e+001
    endloop
  endfacet
  facet normal -9.999999e-001  0.000000e+000  -0.000000e+000
    outer loop
      vertex -8.000000e+000  2.751793e+000  1.463641e+001
      vertex -8.000000e+000  9.237755e+000  3.089309e+001
      vertex -8.000000e+000  1.545892e+001  2.829737e+001
    endloop
  endfacet
  facet normal -1.000000e+000  0.000000e+000  -0.000000e+000
    outer loop
      vertex -8.000000e+000  2.751793e+000  1.463641e+001
      vertex -8.000000e+000  1.545892e+001  2.829737e+001
      vertex -8.000000e+000  2.126508e+001  2.423872e+001
    endloop
  endfacet
  facet normal -1.000000e+000  0.000000e+000  -0.000000e+000
    outer loop
      vertex -8.000000e+000  2.751793e+000  1.463641e+001
      vertex -8.000000e+000  2.126508e+001  2.423872e+001
      vertex -8.000000e+000  2.604484e+001  1.901014e+001
    endloop
  endfacet
  facet normal -9.999999e-001  0.000000e+000  -0.000000e+000
    outer loop
      vertex -8.000000e+000  2.751793e+000  1.463641e+001
      vertex -8.000000e+000  2.604484e+001  1.901014e+001
      vertex -8.000000e+000  2.956750e+001  1.286400e+001
    endloop
  endfacet
  facet normal -1.000000e+000  0.000000e+000  0.000000e+000
    outer loop
      vertex -8.000000e+000  2.751793e+000  1.463641e+001
      vertex -8.000000e+000  2.956750e+001  1.286400e+001
      vertex -8.000000e+000  7.140010e+000  1.306970e+001
    endloop
  endfacet
  facet normal -1.000000e+000  0.000000e+000  0.000000e+000
    outer loop
      vertex -8.000000e+000 -2.913931e+001 -1.380652e+001
      vertex -8.000000e+000 -3.137308e+001 -7.446416e+000
      vertex -8.000000e+000 -7.140010e+000 -1.306970e+001
    endloop
  endfacet
  facet normal -1.000000e+000  0.000000e+000  -0.000000e+000
    outer loop
      vertex -8.000000e+000 -2.913931e+001 -1.380652e+001
      vertex -8.000000e+000 -7.140010e+000 -1.306970e+001
      vertex -8.000000e+000 -4.060448e+000 -1.432863e+001
    endloop
  endfacet
  facet normal -1.000000e+000  -0.000000e+000  0.000000e+000
    outer loop
      vertex -8.000000e+000 -2.913931e+001 -1.380652e+001
      vertex -8.000000e+000 -4.060448e+000 -1.432863e+001
      vertex -8.000000e+000 -7.044626e+000 -3.146574e+001
    endloop
  endfacet
  facet normal -9.999999e-001  0.000000e+000  0.000000e+000
    outer loop
      vertex -8.000000e+000 -2.913931e+001 -1.380652e+001
      vertex -8.000000e+000 -7.044626e+000 -3.146574e+001
      vertex -8.000000e+000 -1.136275e+001 -3.017627e+001
    endloop
  endfacet
  facet normal -1.000000e+000  0.000000e+000  0.000000e+000
    outer loop
      vertex -8.000000e+000 -2.913931e+001 -1.380652e+001
      vertex -8.000000e+000 -1.136275e+001 -3.017627e+001
      vertex -8.000000e+000 -1.545892e+001 -2.829737e+001
    endloop
  endfacet
  facet normal -1.000000e+000  0.000000e+000  0.000000e+000
    outer loop
      vertex -8.000000e+000 -2.913931e+001 -1.380652e+001
      vertex -8.000000e+000 -1.545892e+001 -2.829737e+001
      vertex -8.000000e+000 -2.100446e+001 -2.446491e+001
    endloop
  endfacet
  facet normal -1.000000e+000  0.000000e+000  0.000000e+000
    outer loop
      vertex -8.000000e+000 -2.913931e+001 -1.380652e+001
      vertex -8.000000e+000 -2.100446e+001 -2.446491e+001
      vertex -8.000000e+000 -2.563200e+001 -1.956322e+001
    endloop
  endfacet
  facet normal -9.999999e-001  0.000000e+000  -0.000000e+000
    outer loop
      vertex -8.000000e+000  7.153590e-001 -1.487565e+001
      vertex -8.000000e+000  5.416637e+000 -1.387288e+001
      vertex -8.000000e+000  2.874547e+001 -1.460881e+001
    endloop
  endfacet
  facet normal -1.000000e+000  0.000000e+000  0.000000e+000
    outer loop
      vertex -8.000000e+000  7.153590e-001 -1.487565e+001
      vertex -8.000000e+000  2.874547e+001 -1.460881e+001
      vertex -8.000000e+000  2.486164e+001 -2.053334e+001
    endloop
  endfacet
  facet normal -1.000000e+000  -0.000000e+000  0.000000e+000
    outer loop
      vertex -8.000000e+000  7.153590e-001 -1.487565e+001
      vertex -8.000000e+000  2.486164e+001 -2.053334e+001
      vertex -8.000000e+000  1.977782e+001 -2.546678e+001
    endloop
  endfacet
  facet normal -1.000000e+000  -0.000000e+000  0.000000e+000
    outer loop
      vertex -8.000000e+000  7.153590e-001 -1.487565e+001
      vertex -8.000000e+000  1.977782e+001 -2.546678e+001
      vertex -8.000000e+000  1.373938e+001 -2.917102e+001
    endloop
  endfacet
  facet normal -9.999999e-001  -0.000000e+000  0.000000e+000
    outer loop
      vertex -8.000000e+000  7.153590e-001 -1.487565e+001
      vertex -8.000000e+000  1.373938e+001 -2.917102e+001
      vertex -8.000000e+000  7.037785e+000 -3.146727e+001
    endloop
  endfacet
  facet normal -1.000000e+000  -0.000000e+000  0.000000e+000
    outer loop
      vertex -8.000000e+000  7.153590e-001 -1.487565e+001
      vertex -8.000000e+000  7.037785e+000 -3.146727e+001
      vertex -8.000000e+000 -3.504988e-003 -3.224468e+001
    endloop
  endfacet
  facet normal -1.000000e+000  0.000000e+000  0.000000e+000
    outer loop
      vertex -8.000000e+000  7.153590e-001 -1.487565e+001
      vertex -8.000000e+000 -3.504988e-003 -3.224468e+001
      vertex -8.000000e+000 -7.044626e+000 -3.146574e+001
    endloop
  endfacet
  facet normal -1.000000e+000  0.000000e+000  0.000000e+000
    outer loop
      vertex -8.000000e+000  7.153590e-001 -1.487565e+001
      vertex -8.000000e+000 -7.044626e+000 -3.146574e+001
      vertex -8.000000e+000 -4.060448e+000 -1.432863e+001
    endloop
  endfacet
  facet normal -1.000000e+000  0.000000e+000  0.000000e+000
    outer loop
      vertex -8.000000e+000  9.237755e+000  3.089309e+001
      vertex -8.000000e+000  2.751793e+000  1.463641e+001
      vertex -8.000000e+000  2.612852e+000  3.213864e+001
    endloop
  endfacet
  facet normal -1.000000e+000  0.000000e+000  -0.000000e+000
    outer loop
      vertex -8.000000e+000  2.612852e+000  3.213864e+001
      vertex -8.000000e+000  2.751793e+000  1.463641e+001
      vertex -8.000000e+000 -1.905788e+000  1.477040e+001
    endloop
  endfacet
  facet normal -1.000000e+000  0.000000e+000  0.000000e+000
    outer loop
      vertex -8.000000e+000  2.612852e+000  3.213864e+001
      vertex -8.000000e+000 -1.905788e+000  1.477040e+001
      vertex -8.000000e+000 -4.126244e+000  3.197958e+001
    endloop
  endfacet
  facet normal -1.000000e+000  0.000000e+000  -0.000000e+000
    outer loop
      vertex -8.000000e+000 -4.126244e+000  3.197958e+001
      vertex -8.000000e+000 -1.905788e+000  1.477040e+001
      vertex -8.000000e+000 -2.652645e+001  1.833212e+001
    endloop
  endfacet
  facet normal -1.000000e+000  0.000000e+000  0.000000e+000
    outer loop
      vertex -8.000000e+000 -1.345857e+001 -6.376817e+000
      vertex -8.000000e+000 -3.137308e+001 -7.446416e+000
      vertex -8.000000e+000 -1.477040e+001 -1.905788e+000
    endloop
  endfacet
  facet normal -1.000000e+000  -0.000000e+000  0.000000e+000
    outer loop
      vertex -8.000000e+000 -1.477040e+001 -1.905788e+000
      vertex -8.000000e+000 -3.137308e+001 -7.446416e+000
      vertex -8.000000e+000 -3.223570e+001 -7.608642e-001
    endloop
  endfacet
  facet normal -1.000000e+000  0.000000e+000  0.000000e+000
    outer loop
      vertex -8.000000e+000 -1.477040e+001 -1.905788e+000
      vertex -8.000000e+000 -3.223570e+001 -7.608642e-001
      vertex -8.000000e+000 -1.463641e+001  2.751793e+000
    endloop
  endfacet
  facet normal -1.000000e+000  -0.000000e+000  0.000000e+000
    outer loop
      vertex -8.000000e+000 -1.463641e+001  2.751793e+000
      vertex -8.000000e+000 -3.223570e+001 -7.608642e-001
      vertex -8.000000e+000 -3.168946e+001  5.957942e+000
    endloop
  endfacet
  facet normal -1.000000e+000  0.000000e+000  0.000000e+000
    outer loop
      vertex -8.000000e+000 -1.463641e+001  2.751793e+000
      vertex -8.000000e+000 -3.168946e+001  5.957942e+000
      vertex -8.000000e+000 -1.306970e+001  7.140010e+000
    endloop
  endfacet
  facet normal -1.000000e+000  0.000000e+000  0.000000e+000
    outer loop
      vertex -8.000000e+000 -1.306970e+001  7.140010e+000
      vertex -8.000000e+000 -3.168946e+001  5.957942e+000
      vertex -8.000000e+000 -1.022364e+001  1.082931e+001
    endloop
  endfacet
  facet normal -1.000000e+000  -0.000000e+000  0.000000e+000
    outer loop
      vertex -8.000000e+000 -1.022364e+001  1.082931e+001
      vertex -8.000000e+000 -3.168946e+001  5.957942e+000
      vertex -8.000000e+000 -2.975825e+001  1.241636e+001
    endloop
  endfacet
  facet normal -1.000000e+000  0.000000e+000  0.000000e+000
    outer loop
      vertex -8.000000e+000 -1.022364e+001  1.082931e+001
      vertex -8.000000e+000 -2.975825e+001  1.241636e+001
      vertex -8.000000e+000 -6.376817e+000  1.345857e+001
    endloop
  endfacet
  facet normal -1.000000e+000  -0.000000e+000  0.000000e+000
    outer loop
      vertex -8.000000e+000 -2.652645e+001  1.833212e+001
      vertex -8.000000e+000 -1.905788e+000  1.477040e+001
      vertex -8.000000e+000 -2.975825e+001  1.241636e+001
    endloop
  endfacet
  facet normal -1.000000e+000  0.000000e+000  0.000000e+000
    outer loop
      vertex -8.000000e+000 -2.975825e+001  1.241636e+001
      vertex -8.000000e+000 -1.905788e+000  1.477040e+001
      vertex -8.000000e+000 -6.376817e+000  1.345857e+001
    endloop
  endfacet
  facet normal -9.999999e-001  0.000000e+000  0.000000e+000
    outer loop
      vertex -8.000000e+000  2.874547e+001 -1.460881e+001
      vertex -8.000000e+000  5.416637e+000 -1.387288e+001
      vertex -8.000000e+000  3.124184e+001 -7.979159e+000
    endloop
  endfacet
  facet normal -1.000000e+000  0.000000e+000  0.000000e+000
    outer loop
      vertex -8.000000e+000  3.124184e+001 -7.979159e+000
      vertex -8.000000e+000  5.416637e+000 -1.387288e+001
      vertex -8.000000e+000  9.553592e+000 -1.142478e+001
    endloop
  endfacet
  facet normal -1.000000e+000  0.000000e+000  0.000000e+000
    outer loop
      vertex -8.000000e+000  3.124184e+001 -7.979159e+000
      vertex -8.000000e+000  9.553592e+000 -1.142478e+001
      vertex -8.000000e+000  1.269522e+001 -7.786413e+000
    endloop
  endfacet
  facet normal -1.000000e+000  0.000000e+000  0.000000e+000
    outer loop
      vertex -8.000000e+000  3.124184e+001 -7.979159e+000
      vertex -8.000000e+000  1.269522e+001 -7.786413e+000
      vertex -8.000000e+000  3.223026e+001 -9.643776e-001
    endloop
  endfacet
  facet normal -1.000000e+000  0.000000e+000  0.000000e+000
    outer loop
      vertex -8.000000e+000  3.223026e+001 -9.643776e-001
      vertex -8.000000e+000  1.269522e+001 -7.786413e+000
      vertex -8.000000e+000  1.451421e+001 -3.336825e+000
    endloop
  endfacet
  facet normal -9.999999e-001  0.000000e+000  0.000000e+000
    outer loop
      vertex -8.000000e+000  3.223026e+001 -9.643776e-001
      vertex -8.000000e+000  1.451421e+001 -3.336825e+000
      vertex -8.000000e+000  3.166301e+001  6.096952e+000
    endloop
  endfacet
  facet normal -1.000000e+000  0.000000e+000  0.000000e+000
    outer loop
      vertex -8.000000e+000  3.166301e+001  6.096952e+000
      vertex -8.000000e+000  1.451421e+001 -3.336825e+000
      vertex -8.000000e+000  1.482107e+001  1.460405e+000
    endloop
  endfacet
  facet normal -1.000000e+000  0.000000e+000  0.000000e+000
    outer loop
      vertex -8.000000e+000  3.166301e+001  6.096952e+000
      vertex -8.000000e+000  1.482107e+001  1.460405e+000
      vertex -8.000000e+000  1.358381e+001  6.105484e+000
    endloop
  endfacet
  facet normal -1.000000e+000  0.000000e+000  0.000000e+000
    outer loop
      vertex -8.000000e+000  3.166301e+001  6.096952e+000
      vertex -8.000000e+000  1.358381e+001  6.105484e+000
      vertex -8.000000e+000  2.956750e+001  1.286400e+001
    endloop
  endfacet
  facet normal -1.000000e+000  0.000000e+000  0.000000e+000
    outer loop
      vertex -8.000000e+000  2.956750e+001  1.286400e+001
      vertex -8.000000e+000  1.358381e+001  6.105484e+000
      vertex -8.000000e+000  1.093134e+001  1.011447e+001
    endloop
  endfacet
  facet normal -1.000000e+000  0.000000e+000  0.000000e+000
    outer loop
      vertex -8.000000e+000  2.956750e+001  1.286400e+001
      vertex -8.000000e+000  1.093134e+001  1.011447e+001
      vertex -8.000000e+000  7.140010e+000  1.306970e+001
    endloop
  endfacet
  facet normal -9.760072e-001 -8.239266e-002 -2.015472e-001
    outer loop
      vertex -8.000000e+000 -7.140010e+000 -1.306970e+001
      vertex -8.281076e+000 -6.532168e+000 -1.195705e+001
      vertex -8.000000e+000 -4.060448e+000 -1.432863e+001
    endloop
  endfacet
  facet normal -9.760073e-001 -8.239266e-002 -2.015472e-001
    outer loop
      vertex -8.000000e+000 -4.060448e+000 -1.432863e+001
      vertex -8.281076e+000 -6.532168e+000 -1.195705e+001
      vertex -8.281076e+000 -3.714775e+000 -1.310881e+001
    endloop
  endfacet
  facet normal -7.915027e-001 -2.312668e-001 -5.657201e-001
    outer loop
      vertex -8.281076e+000 -6.532168e+000 -1.195705e+001
      vertex -9.071637e+000 -6.038226e+000 -1.105290e+001
      vertex -8.281076e+000 -3.714775e+000 -1.310881e+001
    endloop
  endfacet
  facet normal -7.915025e-001 -2.312669e-001 -5.657202e-001
    outer loop
      vertex -8.281076e+000 -3.714775e+000 -1.310881e+001
      vertex -9.071637e+000 -6.038226e+000 -1.105290e+001
      vertex -9.071637e+000 -3.433875e+000 -1.211756e+001
    endloop
  endfacet
  facet normal -9.758027e-001 -2.839985e-002 -2.168006e-001
    outer loop
      vertex -8.281076e+000 -3.714775e+000 -1.310881e+001
      vertex -8.281076e+000  2.129905e-001 -1.362332e+001
      vertex -8.000000e+000 -4.060448e+000 -1.432863e+001
    endloop
  endfacet
  facet normal -9.730916e-001 -2.622096e-002 -2.289221e-001
    outer loop
      vertex -8.281076e+000  2.129905e-001 -1.362332e+001
      vertex -8.000000e+000  7.153590e-001 -1.487565e+001
      vertex -8.000000e+000 -4.060448e+000 -1.432863e+001
    endloop
  endfacet
  facet normal -9.730915e-001  1.416550e-001  1.817326e-001
    outer loop
      vertex -8.000000e+000  1.093134e+001  1.011447e+001
      vertex -8.281076e+000  9.695546e+000  9.572707e+000
      vertex -8.000000e+000  7.140010e+000  1.306970e+001
    endloop
  endfacet
  facet normal -9.758027e-001  1.316086e-001  1.746088e-001
    outer loop
      vertex -8.281076e+000  9.695546e+000  9.572707e+000
      vertex -8.281076e+000  6.532168e+000  1.195705e+001
      vertex -8.000000e+000  7.140010e+000  1.306970e+001
    endloop
  endfacet
  facet normal -7.901987e-001  3.688791e-001  4.894021e-001
    outer loop
      vertex -8.281076e+000  6.532168e+000  1.195705e+001
      vertex -8.281076e+000  9.695546e+000  9.572707e+000
      vertex -9.071637e+000  6.038226e+000  1.105290e+001
    endloop
  endfacet
  facet normal -8.071732e-001  3.629087e-001  4.655843e-001
    outer loop
      vertex -8.281076e+000  9.695546e+000  9.572707e+000
      vertex -9.071637e+000  9.244514e+000  8.553696e+000
      vertex -9.071637e+000  6.038226e+000  1.105290e+001
    endloop
  endfacet
  facet normal -8.071730e-001 -6.717613e-002 -5.864803e-001
    outer loop
      vertex -9.071637e+000  6.049711e-001 -1.258017e+001
      vertex -8.281076e+000  2.129905e-001 -1.362332e+001
      vertex -9.071637e+000 -3.433875e+000 -1.211756e+001
    endloop
  endfacet
  facet normal -7.901985e-001 -7.960053e-002 -6.076595e-001
    outer loop
      vertex -8.281076e+000  2.129905e-001 -1.362332e+001
      vertex -8.281076e+000 -3.714775e+000 -1.310881e+001
      vertex -9.071637e+000 -3.433875e+000 -1.211756e+001
    endloop
  endfacet
  facet normal -7.740521e-001  5.104074e-001  3.746031e-001
    outer loop
      vertex -8.281076e+000  9.695546e+000  9.572707e+000
      vertex -8.281076e+000  1.203937e+001  6.379186e+000
      vertex -9.071637e+000  9.244514e+000  8.553696e+000
    endloop
  endfacet
  facet normal -7.608426e-001  6.114923e-001  2.172457e-001
    outer loop
      vertex -8.281076e+000  1.203937e+001  6.379186e+000
      vertex -8.281076e+000  1.336551e+001  2.646435e+000
      vertex -9.071637e+000  1.148767e+001  5.163339e+000
    endloop
  endfacet
  facet normal -8.196177e-001  4.777985e-001  3.161257e-001
    outer loop
      vertex -9.071637e+000  9.244514e+000  8.553696e+000
      vertex -8.281076e+000  1.203937e+001  6.379186e+000
      vertex -9.071637e+000  1.148767e+001  5.163339e+000
    endloop
  endfacet
  facet normal -9.707775e-001  2.001407e-001  1.324191e-001
    outer loop
      vertex -8.000000e+000  1.093134e+001  1.011447e+001
      vertex -8.000000e+000  1.358381e+001  6.105484e+000
      vertex -8.281076e+000  1.203937e+001  6.379186e+000
    endloop
  endfacet
  facet normal -9.779693e-001  1.682881e-001  1.235116e-001
    outer loop
      vertex -8.281076e+000  9.695546e+000  9.572707e+000
      vertex -8.000000e+000  1.093134e+001  1.011447e+001
      vertex -8.281076e+000  1.203937e+001  6.379186e+000
    endloop
  endfacet
  facet normal -7.514672e-001  6.589595e-001  3.270447e-002
    outer loop
      vertex -8.281076e+000  1.336551e+001  2.646435e+000
      vertex -8.281076e+000  1.356187e+001 -1.310017e+000
      vertex -9.071637e+000  1.253401e+001  1.235048e+000
    endloop
  endfacet
  facet normal -8.278590e-001  5.420376e-001  1.443765e-001
    outer loop
      vertex -9.071637e+000  1.148767e+001  5.163339e+000
      vertex -8.281076e+000  1.336551e+001  2.646435e+000
      vertex -9.071637e+000  1.253401e+001  1.235048e+000
    endloop
  endfacet
  facet normal -9.689378e-001  2.389726e-001  6.365246e-002
    outer loop
      vertex -8.000000e+000  1.358381e+001  6.105484e+000
      vertex -8.000000e+000  1.482107e+001  1.460405e+000
      vertex -8.281076e+000  1.336551e+001  2.646435e+000
    endloop
  endfacet
  facet normal -9.794124e-001  1.902217e-001  6.758033e-002
    outer loop
      vertex -8.281076e+000  1.203937e+001  6.379186e+000
      vertex -8.000000e+000  1.358381e+001  6.105484e+000
      vertex -8.281076e+000  1.336551e+001  2.646435e+000
    endloop
  endfacet
  facet normal -7.465991e-001  6.458594e-001 -1.595481e-001
    outer loop
      vertex -8.281076e+000  1.356187e+001 -1.310017e+000
      vertex -8.281076e+000  1.261185e+001 -5.155734e+000
      vertex -9.071637e+000  1.227451e+001 -2.821915e+000
    endloop
  endfacet
  facet normal -8.325632e-001  5.528004e-001 -3.535970e-002
    outer loop
      vertex -9.071637e+000  1.253401e+001  1.235048e+000
      vertex -8.281076e+000  1.356187e+001 -1.310017e+000
      vertex -9.071637e+000  1.227451e+001 -2.821915e+000
    endloop
  endfacet
  facet normal -9.677499e-001  2.513990e-001 -1.608066e-002
    outer loop
      vertex -8.000000e+000  1.482107e+001  1.460405e+000
      vertex -8.000000e+000  1.451421e+001 -3.336825e+000
      vertex -8.281076e+000  1.356187e+001 -1.310017e+000
    endloop
  endfacet
  facet normal -9.802986e-001  1.972787e-001  9.791034e-003
    outer loop
      vertex -8.281076e+000  1.336551e+001  2.646435e+000
      vertex -8.000000e+000  1.482107e+001  1.460405e+000
      vertex -8.281076e+000  1.356187e+001 -1.310017e+000
    endloop
  endfacet
  facet normal -7.465989e-001  5.726681e-001 -3.385870e-001
    outer loop
      vertex -8.281076e+000  1.261185e+001 -5.155734e+000
      vertex -8.281076e+000  1.059576e+001 -8.565639e+000
      vertex -9.071637e+000  1.073620e+001 -6.584881e+000
    endloop
  endfacet
  facet normal -8.340929e-001  5.106058e-001 -2.087361e-001
    outer loop
      vertex -9.071637e+000  1.227451e+001 -2.821915e+000
      vertex -8.281076e+000  1.261185e+001 -5.155734e+000
      vertex -9.071637e+000  1.073620e+001 -6.584881e+000
    endloop
  endfacet
  facet normal -9.673390e-001  2.346375e-001 -9.591997e-002
    outer loop
      vertex -8.000000e+000  1.451421e+001 -3.336825e+000
      vertex -8.000000e+000  1.269522e+001 -7.786413e+000
      vertex -8.281076e+000  1.261185e+001 -5.155734e+000
    endloop
  endfacet
  facet normal -9.807208e-001  1.897116e-001 -4.686487e-002
    outer loop
      vertex -8.281076e+000  1.356187e+001 -1.310017e+000
      vertex -8.000000e+000  1.451421e+001 -3.336825e+000
      vertex -8.281076e+000  1.261185e+001 -5.155734e+000
    endloop
  endfacet
  facet normal -7.514671e-001  4.473380e-001 -4.849598e-001
    outer loop
      vertex -8.281076e+000  1.059576e+001 -8.565639e+000
      vertex -8.281076e+000  7.684019e+000 -1.125150e+001
      vertex -9.071637e+000  8.079365e+000 -9.661812e+000
    endloop
  endfacet
  facet normal -8.325632e-001  4.192614e-001 -3.620200e-001
    outer loop
      vertex -9.071637e+000  1.073620e+001 -6.584881e+000
      vertex -8.281076e+000  1.059576e+001 -8.565639e+000
      vertex -9.071637e+000  8.079365e+000 -9.661812e+000
    endloop
  endfacet
  facet normal -9.677500e-001  1.906689e-001 -1.646370e-001
    outer loop
      vertex -8.000000e+000  1.269522e+001 -7.786413e+000
      vertex -8.000000e+000  9.553592e+000 -1.142478e+001
      vertex -8.281076e+000  1.059576e+001 -8.565639e+000
    endloop
  endfacet
  facet normal -9.807208e-001  1.682127e-001 -9.945484e-002
    outer loop
      vertex -8.281076e+000  1.261185e+001 -5.155734e+000
      vertex -8.000000e+000  1.269522e+001 -7.786413e+000
      vertex -8.281076e+000  1.059576e+001 -8.565639e+000
    endloop
  endfacet
  facet normal -7.608424e-001  2.841877e-001 -5.834005e-001
    outer loop
      vertex -8.281076e+000  7.684019e+000 -1.125150e+001
      vertex -8.281076e+000  4.122752e+000 -1.298627e+001
      vertex -9.071637e+000  4.580790e+000 -1.173214e+001
    endloop
  endfacet
  facet normal -8.278590e-001  2.856703e-001 -4.827442e-001
    outer loop
      vertex -9.071637e+000  8.079365e+000 -9.661812e+000
      vertex -8.281076e+000  7.684019e+000 -1.125150e+001
      vertex -9.071637e+000  4.580790e+000 -1.173214e+001
    endloop
  endfacet
  facet normal -9.689378e-001  1.259457e-001 -2.128312e-001
    outer loop
      vertex -8.000000e+000  9.553592e+000 -1.142478e+001
      vertex -8.000000e+000  5.416637e+000 -1.387288e+001
      vertex -8.281076e+000  7.684019e+000 -1.125150e+001
    endloop
  endfacet
  facet normal -9.802986e-001  1.339236e-001 -1.451867e-001
    outer loop
      vertex -8.281076e+000  1.059576e+001 -8.565639e+000
      vertex -8.000000e+000  9.553592e+000 -1.142478e+001
      vertex -8.281076e+000  7.684019e+000 -1.125150e+001
    endloop
  endfacet
  facet normal -7.740520e-001  1.018175e-001 -6.248814e-001
    outer loop
      vertex -8.281076e+000  4.122752e+000 -1.298627e+001
      vertex -8.281076e+000  2.129905e-001 -1.362332e+001
      vertex -9.071637e+000  6.049711e-001 -1.258017e+001
    endloop
  endfacet
  facet normal -8.196175e-001  1.195122e-001 -5.603070e-001
    outer loop
      vertex -9.071637e+000  4.580790e+000 -1.173214e+001
      vertex -8.281076e+000  4.122752e+000 -1.298627e+001
      vertex -9.071637e+000  6.049711e-001 -1.258017e+001
    endloop
  endfacet
  facet normal -9.707775e-001  5.006135e-002 -2.347019e-001
    outer loop
      vertex -8.000000e+000  5.416637e+000 -1.387288e+001
      vertex -8.000000e+000  7.153590e-001 -1.487565e+001
      vertex -8.281076e+000  4.122752e+000 -1.298627e+001
    endloop
  endfacet
  facet normal -9.794124e-001  8.840444e-002 -1.814829e-001
    outer loop
      vertex -8.281076e+000  7.684019e+000 -1.125150e+001
      vertex -8.000000e+000  5.416637e+000 -1.387288e+001
      vertex -8.281076e+000  4.122752e+000 -1.298627e+001
    endloop
  endfacet
  facet normal -9.779693e-001  3.357058e-002 -2.060316e-001
    outer loop
      vertex -8.281076e+000  4.122752e+000 -1.298627e+001
      vertex -8.000000e+000  7.153590e-001 -1.487565e+001
      vertex -8.281076e+000  2.129905e-001 -1.362332e+001
    endloop
  endfacet
  facet normal -9.758236e-001  7.641988e-002  2.047638e-001
    outer loop
      vertex -8.281076e+000  6.532168e+000  1.195705e+001
      vertex -8.281076e+000  2.898878e+000  1.331303e+001
      vertex -8.000000e+000  7.140010e+000  1.306970e+001
    endloop
  endfacet
  facet normal -9.735149e-001  7.687209e-002  2.153123e-001
    outer loop
      vertex -8.281076e+000  2.898878e+000  1.331303e+001
      vertex -8.000000e+000  2.751793e+000  1.463641e+001
      vertex -8.000000e+000  7.140010e+000  1.306970e+001
    endloop
  endfacet
  facet normal -9.735149e-001 -1.396448e-001 -1.810193e-001
    outer loop
      vertex -8.000000e+000 -1.082931e+001 -1.022364e+001
      vertex -8.281076e+000 -9.636260e+000 -9.632384e+000
      vertex -8.000000e+000 -7.140010e+000 -1.306970e+001
    endloop
  endfacet
  facet normal -9.758236e-001 -1.310130e-001 -1.749394e-001
    outer loop
      vertex -8.281076e+000 -9.636260e+000 -9.632384e+000
      vertex -8.281076e+000 -6.532168e+000 -1.195705e+001
      vertex -8.000000e+000 -7.140010e+000 -1.306970e+001
    endloop
  endfacet
  facet normal -7.903318e-001 -3.672636e-001 -4.904010e-001
    outer loop
      vertex -8.281076e+000 -6.532168e+000 -1.195705e+001
      vertex -8.281076e+000 -9.636260e+000 -9.632384e+000
      vertex -9.071637e+000 -6.038226e+000 -1.105290e+001
    endloop
  endfacet
  facet normal -8.211966e-001 -3.563866e-001 -4.456734e-001
    outer loop
      vertex -8.281076e+000 -9.636260e+000 -9.632384e+000
      vertex -9.071637e+000 -9.454391e+000 -8.321133e+000
      vertex -9.071637e+000 -6.038226e+000 -1.105290e+001
    endloop
  endfacet
  facet normal -8.211967e-001  1.824645e-001  5.406870e-001
    outer loop
      vertex -9.071637e+000  1.893762e+000  1.245152e+001
      vertex -8.281076e+000  2.898878e+000  1.331303e+001
      vertex -9.071637e+000  6.038226e+000  1.105290e+001
    endloop
  endfacet
  facet normal -7.903318e-001  2.142249e-001  5.740064e-001
    outer loop
      vertex -8.281076e+000  2.898878e+000  1.331303e+001
      vertex -8.281076e+000  6.532168e+000  1.195705e+001
      vertex -9.071637e+000  6.038226e+000  1.105290e+001
    endloop
  endfacet
  facet normal -7.623297e-001 -5.181794e-001 -3.877417e-001
    outer loop
      vertex -8.281076e+000 -9.636260e+000 -9.632384e+000
      vertex -8.281076e+000 -1.195968e+001 -6.527357e+000
      vertex -9.071637e+000 -9.454391e+000 -8.321133e+000
    endloop
  endfacet
  facet normal -7.488139e-001 -6.210383e-001 -2.314930e-001
    outer loop
      vertex -8.281076e+000 -1.195968e+001 -6.527357e+000
      vertex -8.281076e+000 -1.331420e+001 -2.893522e+000
      vertex -9.071637e+000 -1.173022e+001 -4.585715e+000
    endloop
  endfacet
  facet normal -8.363658e-001 -4.681309e-001 -2.852115e-001
    outer loop
      vertex -9.071637e+000 -9.454391e+000 -8.321133e+000
      vertex -8.281076e+000 -1.195968e+001 -6.527357e+000
      vertex -9.071637e+000 -1.173022e+001 -4.585715e+000
    endloop
  endfacet
  facet normal -9.715251e-001 -1.956117e-001 -1.336981e-001
    outer loop
      vertex -8.000000e+000 -1.082931e+001 -1.022364e+001
      vertex -8.000000e+000 -1.345857e+001 -6.376817e+000
      vertex -8.281076e+000 -1.195968e+001 -6.527357e+000
    endloop
  endfacet
  facet normal -9.777294e-001 -1.680348e-001 -1.257366e-001
    outer loop
      vertex -8.281076e+000 -9.636260e+000 -9.632384e+000
      vertex -8.000000e+000 -1.082931e+001 -1.022364e+001
      vertex -8.281076e+000 -1.195968e+001 -6.527357e+000
    endloop
  endfacet
  facet normal -7.534285e-001 -6.558639e-001 -4.677557e-002
    outer loop
      vertex -8.281076e+000 -1.331420e+001 -2.893522e+000
      vertex -8.281076e+000 -1.359008e+001  9.747295e-001
      vertex -9.071637e+000 -1.259120e+001 -2.971922e-001
    endloop
  endfacet
  facet normal -8.391904e-001 -5.331982e-001 -1.070478e-001
    outer loop
      vertex -9.071637e+000 -1.173022e+001 -4.585715e+000
      vertex -8.281076e+000 -1.331420e+001 -2.893522e+000
      vertex -9.071637e+000 -1.259120e+001 -2.971922e-001
    endloop
  endfacet
  facet normal -9.698824e-001 -2.337212e-001 -6.857563e-002
    outer loop
      vertex -8.000000e+000 -1.345857e+001 -6.376817e+000
      vertex -8.000000e+000 -1.477040e+001 -1.905788e+000
      vertex -8.281076e+000 -1.331420e+001 -2.893522e+000
    endloop
  endfacet
  facet normal -9.790629e-001 -1.907380e-001 -7.109790e-002
    outer loop
      vertex -8.281076e+000 -1.195968e+001 -6.527357e+000
      vertex -8.000000e+000 -1.345857e+001 -6.376817e+000
      vertex -8.281076e+000 -1.331420e+001 -2.893522e+000
    endloop
  endfacet
  facet normal -7.749047e-001 -6.176061e-001  1.344821e-001
    outer loop
      vertex -8.281076e+000 -1.359008e+001  9.747295e-001
      vertex -8.281076e+000 -1.276497e+001  4.764014e+000
      vertex -9.071637e+000 -1.193351e+001  4.027176e+000
    endloop
  endfacet
  facet normal -8.305135e-001 -5.506660e-001  8.375125e-002
    outer loop
      vertex -9.071637e+000 -1.259120e+001 -2.971922e-001
      vertex -8.281076e+000 -1.359008e+001  9.747295e-001
      vertex -9.071637e+000 -1.193351e+001  4.027176e+000
    endloop
  endfacet
  facet normal -9.687076e-001 -2.481023e-001  7.137664e-003
    outer loop
      vertex -8.000000e+000 -1.477040e+001 -1.905788e+000
      vertex -8.000000e+000 -1.463641e+001  2.751793e+000
      vertex -8.281076e+000 -1.359008e+001  9.747295e-001
    endloop
  endfacet
  facet normal -9.799448e-001 -1.987642e-001 -1.417567e-002
    outer loop
      vertex -8.281076e+000 -1.331420e+001 -2.893522e+000
      vertex -8.000000e+000 -1.477040e+001 -1.905788e+000
      vertex -8.281076e+000 -1.359008e+001  9.747295e-001
    endloop
  endfacet
  facet normal -9.680943e-001 -2.359961e-001  8.425676e-002
    outer loop
      vertex -8.000000e+000 -1.463641e+001  2.751793e+000
      vertex -8.000000e+000 -1.306970e+001  7.140010e+000
      vertex -8.281076e+000 -1.276497e+001  4.764014e+000
    endloop
  endfacet
  facet normal -9.804480e-001 -1.922728e-001  4.186689e-002
    outer loop
      vertex -8.281076e+000 -1.359008e+001  9.747295e-001
      vertex -8.000000e+000 -1.463641e+001  2.751793e+000
      vertex -8.281076e+000 -1.276497e+001  4.764014e+000
    endloop
  endfacet
  facet normal -7.749048e-001 -4.468567e-001  4.470367e-001
    outer loop
      vertex -8.281076e+000 -1.090572e+001  8.167346e+000
      vertex -8.281076e+000 -8.162957e+000  1.090901e+001
      vertex -9.071637e+000 -9.836453e+000  7.865808e+000
    endloop
  endfacet
  facet normal -8.076813e-001 -5.174395e-001  2.826785e-001
    outer loop
      vertex -9.071637e+000 -1.193351e+001  4.027176e+000
      vertex -8.281076e+000 -1.090572e+001  8.167346e+000
      vertex -9.071637e+000 -9.836453e+000  7.865808e+000
    endloop
  endfacet
  facet normal -8.076813e-001 -5.174397e-001  2.826785e-001
    outer loop
      vertex -8.281076e+000 -1.276497e+001  4.764014e+000
      vertex -8.281076e+000 -1.090572e+001  8.167346e+000
      vertex -9.071637e+000 -1.193351e+001  4.027176e+000
    endloop
  endfacet
  facet normal -9.680943e-001 -1.984090e-001  1.530598e-001
    outer loop
      vertex -8.000000e+000 -1.306970e+001  7.140010e+000
      vertex -8.000000e+000 -1.022364e+001  1.082931e+001
      vertex -8.281076e+000 -1.090572e+001  8.167346e+000
    endloop
  endfacet
  facet normal -9.806116e-001 -1.719722e-001  9.394880e-002
    outer loop
      vertex -8.281076e+000 -1.276497e+001  4.764014e+000
      vertex -8.000000e+000 -1.306970e+001  7.140010e+000
      vertex -8.281076e+000 -1.090572e+001  8.167346e+000
    endloop
  endfacet
  facet normal -7.534283e-001 -3.150046e-001  5.771638e-001
    outer loop
      vertex -8.281076e+000 -8.162957e+000  1.090901e+001
      vertex -8.281076e+000 -4.758878e+000  1.276689e+001
      vertex -9.071637e+000 -6.552978e+000  1.075571e+001
    endloop
  endfacet
  facet normal -8.305134e-001 -3.680005e-001  4.181186e-001
    outer loop
      vertex -9.071637e+000 -9.836453e+000  7.865808e+000
      vertex -8.281076e+000 -8.162957e+000  1.090901e+001
      vertex -9.071637e+000 -6.552978e+000  1.075571e+001
    endloop
  endfacet
  facet normal -9.687076e-001 -1.400564e-001  2.049143e-001
    outer loop
      vertex -8.000000e+000 -1.022364e+001  1.082931e+001
      vertex -8.000000e+000 -6.376817e+000  1.345857e+001
      vertex -8.281076e+000 -8.162957e+000  1.090901e+001
    endloop
  endfacet
  facet normal -9.804481e-001 -1.391152e-001  1.391712e-001
    outer loop
      vertex -8.281076e+000 -1.090572e+001  8.167346e+000
      vertex -8.000000e+000 -1.022364e+001  1.082931e+001
      vertex -8.281076e+000 -8.162957e+000  1.090901e+001
    endloop
  endfacet
  facet normal -7.488139e-001 -1.407538e-001  6.476622e-001
    outer loop
      vertex -8.281076e+000 -4.758878e+000  1.276689e+001
      vertex -8.281076e+000 -9.692616e-001  1.359047e+001
      vertex -9.071637e+000 -2.479117e+000  1.234831e+001
    endloop
  endfacet
  facet normal -8.391902e-001 -1.980105e-001  5.065092e-001
    outer loop
      vertex -9.071637e+000 -6.552978e+000  1.075571e+001
      vertex -8.281076e+000 -4.758878e+000  1.276689e+001
      vertex -9.071637e+000 -2.479117e+000  1.234831e+001
    endloop
  endfacet
  facet normal -9.698824e-001 -6.857560e-002  2.337210e-001
    outer loop
      vertex -8.000000e+000 -6.376817e+000  1.345857e+001
      vertex -8.000000e+000 -1.905788e+000  1.477040e+001
      vertex -8.281076e+000 -4.758878e+000  1.276689e+001
    endloop
  endfacet
  facet normal -9.799448e-001 -9.546430e-002  1.749134e-001
    outer loop
      vertex -8.281076e+000 -8.162957e+000  1.090901e+001
      vertex -8.000000e+000 -6.376817e+000  1.345857e+001
      vertex -8.281076e+000 -4.758878e+000  1.276689e+001
    endloop
  endfacet
  facet normal -7.623300e-001  4.629965e-002  6.455303e-001
    outer loop
      vertex -8.281076e+000 -9.692616e-001  1.359047e+001
      vertex -8.281076e+000  2.898878e+000  1.331303e+001
      vertex -9.071637e+000  1.893762e+000  1.245152e+001
    endloop
  endfacet
  facet normal -8.363658e-001 -1.293492e-002  5.480191e-001
    outer loop
      vertex -9.071637e+000 -2.479117e+000  1.234831e+001
      vertex -8.281076e+000 -9.692616e-001  1.359047e+001
      vertex -9.071637e+000  1.893762e+000  1.245152e+001
    endloop
  endfacet
  facet normal -9.715251e-001  6.813626e-003  2.368389e-001
    outer loop
      vertex -8.000000e+000 -1.905788e+000  1.477040e+001
      vertex -8.000000e+000  2.751793e+000  1.463641e+001
      vertex -8.281076e+000 -9.692616e-001  1.359047e+001
    endloop
  endfacet
  facet normal -9.790629e-001 -4.322935e-002  1.989148e-001
    outer loop
      vertex -8.281076e+000 -4.758878e+000  1.276689e+001
      vertex -8.000000e+000 -1.905788e+000  1.477040e+001
      vertex -8.281076e+000 -9.692616e-001  1.359047e+001
    endloop
  endfacet
  facet normal -9.777293e-001  1.501403e-002  2.093322e-001
    outer loop
      vertex -8.281076e+000 -9.692616e-001  1.359047e+001
      vertex -8.000000e+000  2.751793e+000  1.463641e+001
      vertex -8.281076e+000  2.898878e+000  1.331303e+001
    endloop
  endfacet
  facet normal -6.536738e-001  4.755729e-001  5.886772e-001
    outer loop
      vertex -1.092836e+001  5.291292e+000  9.685644e+000
      vertex -9.071637e+000  9.244514e+000  8.553696e+000
      vertex -1.092836e+001  8.357183e+000  7.208811e+000
    endloop
  endfacet
  facet normal -6.378026e-001  4.734970e-001  6.074607e-001
    outer loop
      vertex -1.092836e+001  5.291292e+000  9.685644e+000
      vertex -9.071637e+000  6.038226e+000  1.105290e+001
      vertex -9.071637e+000  9.244514e+000  8.553696e+000
    endloop
  endfacet
  facet normal -6.816644e-001  4.525607e-001 -5.749109e-001
    outer loop
      vertex -1.092836e+001  5.168423e+000 -9.751763e+000
      vertex -1.092836e+001  8.265382e+000 -7.313887e+000
      vertex -9.071637e+000  8.079365e+000 -9.661812e+000
    endloop
  endfacet
  facet normal -6.034331e-001  4.061021e-001 -6.862576e-001
    outer loop
      vertex -9.071637e+000  8.079365e+000 -9.661812e+000
      vertex -9.071637e+000  4.580790e+000 -1.173214e+001
      vertex -1.092836e+001  5.168423e+000 -9.751763e+000
    endloop
  endfacet
  facet normal -6.827855e-001  6.248176e-001 -3.786909e-001
    outer loop
      vertex -1.092836e+001  8.265382e+000 -7.313887e+000
      vertex -1.092836e+001  1.030825e+001 -3.943269e+000
      vertex -9.071637e+000  1.073620e+001 -6.584881e+000
    endloop
  endfacet
  facet normal -6.003153e-001  6.053289e-001 -5.226838e-001
    outer loop
      vertex -9.071637e+000  1.073620e+001 -6.584881e+000
      vertex -9.071637e+000  8.079365e+000 -9.661812e+000
      vertex -1.092836e+001  8.265382e+000 -7.313887e+000
    endloop
  endfacet
  facet normal -6.806839e-001  7.199632e-001 -1.353604e-001
    outer loop
      vertex -1.092836e+001  1.030825e+001 -3.943269e+000
      vertex -1.092836e+001  1.103651e+001 -6.976443e-002
      vertex -9.071637e+000  1.227451e+001 -2.821915e+000
    endloop
  endfacet
  facet normal -6.008751e-001  7.399047e-001 -3.024736e-001
    outer loop
      vertex -9.071637e+000  1.227451e+001 -2.821915e+000
      vertex -9.071637e+000  1.073620e+001 -6.584881e+000
      vertex -1.092836e+001  1.030825e+001 -3.943269e+000
    endloop
  endfacet
  facet normal -6.752836e-001  7.265233e-001  1.271061e-001
    outer loop
      vertex -1.092836e+001  1.103651e+001 -6.976443e-002
      vertex -1.092836e+001  1.035728e+001  3.812637e+000
      vertex -9.071637e+000  1.253401e+001  1.235048e+000
    endloop
  endfacet
  facet normal -6.050943e-001  7.945302e-001 -5.082188e-002
    outer loop
      vertex -9.071637e+000  1.253401e+001  1.235048e+000
      vertex -9.071637e+000  1.227451e+001 -2.821915e+000
      vertex -1.092836e+001  1.103651e+001 -6.976443e-002
    endloop
  endfacet
  facet normal -6.663889e-001  6.424677e-001  3.783664e-001
    outer loop
      vertex -1.092836e+001  1.035728e+001  3.812637e+000
      vertex -1.092836e+001  8.357183e+000  7.208811e+000
      vertex -9.071637e+000  1.148767e+001  5.163339e+000
    endloop
  endfacet
  facet normal -6.128367e-001  7.635865e-001  2.033881e-001
    outer loop
      vertex -9.071637e+000  1.148767e+001  5.163339e+000
      vertex -9.071637e+000  1.253401e+001  1.235048e+000
      vertex -1.092836e+001  1.035728e+001  3.812637e+000
    endloop
  endfacet
  facet normal -6.238556e-001  6.517916e-001  4.312448e-001
    outer loop
      vertex -9.071637e+000  9.244514e+000  8.553696e+000
      vertex -9.071637e+000  1.148767e+001  5.163339e+000
      vertex -1.092836e+001  8.357183e+000  7.208811e+000
    endloop
  endfacet
  facet normal -6.772800e-001  2.229241e-001 -7.011396e-001
    outer loop
      vertex -1.092836e+001  1.412334e+000 -1.094599e+001
      vertex -1.092836e+001  5.168423e+000 -9.751763e+000
      vertex -9.071637e+000  4.580790e+000 -1.173214e+001
    endloop
  endfacet
  facet normal -6.101279e-001  1.652784e-001 -7.748722e-001
    outer loop
      vertex -1.092836e+001  1.412334e+000 -1.094599e+001
      vertex -9.071637e+000  4.580790e+000 -1.173214e+001
      vertex -9.071637e+000  6.049711e-001 -1.258017e+001
    endloop
  endfacet
  facet normal -6.657765e-001 -2.145729e-002 -7.458427e-001
    outer loop
      vertex -1.092836e+001  1.412334e+000 -1.094599e+001
      vertex -9.071637e+000  6.049711e-001 -1.258017e+001
      vertex -1.092836e+001 -2.039289e+000 -1.084669e+001
    endloop
  endfacet
  facet normal -6.404181e-001 -2.906234e-001 -7.109168e-001
    outer loop
      vertex -9.071637e+000 -6.038226e+000 -1.105290e+001
      vertex -1.092836e+001 -5.291292e+000 -9.685644e+000
      vertex -9.071637e+000 -3.433875e+000 -1.211756e+001
    endloop
  endfacet
  facet normal -6.677973e-001 -2.502771e-001 -7.010051e-001
    outer loop
      vertex -9.071637e+000 -3.433875e+000 -1.211756e+001
      vertex -1.092836e+001 -5.291292e+000 -9.685644e+000
      vertex -1.092836e+001 -2.039289e+000 -1.084669e+001
    endloop
  endfacet
  facet normal -6.078442e-001 -9.036128e-002 -7.888981e-001
    outer loop
      vertex -9.071637e+000 -3.433875e+000 -1.211756e+001
      vertex -1.092836e+001 -2.039289e+000 -1.084669e+001
      vertex -9.071637e+000  6.049711e-001 -1.258017e+001
    endloop
  endfacet
  facet normal -6.370028e-001  2.464840e-001  7.303924e-001
    outer loop
      vertex -9.071637e+000  6.038226e+000  1.105290e+001
      vertex -1.092836e+001  5.291292e+000  9.685644e+000
      vertex -9.071637e+000  1.893762e+000  1.245152e+001
    endloop
  endfacet
  facet normal -6.370027e-001  2.464840e-001  7.303924e-001
    outer loop
      vertex -9.071637e+000  1.893762e+000  1.245152e+001
      vertex -1.092836e+001  5.291292e+000  9.685644e+000
      vertex -1.092836e+001  1.659502e+000  1.091126e+001
    endloop
  endfacet
  facet normal -6.370028e-001 -1.818962e-002  7.706469e-001
    outer loop
      vertex -9.071637e+000  1.893762e+000  1.245152e+001
      vertex -1.092836e+001  1.659502e+000  1.091126e+001
      vertex -9.071637e+000 -2.479117e+000  1.234831e+001
    endloop
  endfacet
  facet normal -6.370026e-001 -1.818958e-002  7.706469e-001
    outer loop
      vertex -9.071637e+000 -2.479117e+000  1.234831e+001
      vertex -1.092836e+001  1.659502e+000  1.091126e+001
      vertex -1.092836e+001 -2.172448e+000  1.082081e+001
    endloop
  endfacet
  facet normal -6.370027e-001 -2.806695e-001  7.179500e-001
    outer loop
      vertex -9.071637e+000 -2.479117e+000  1.234831e+001
      vertex -1.092836e+001 -2.172448e+000  1.082081e+001
      vertex -9.071637e+000 -6.552978e+000  1.075571e+001
    endloop
  endfacet
  facet normal -6.370028e-001 -2.806695e-001  7.179499e-001
    outer loop
      vertex -9.071637e+000 -6.552978e+000  1.075571e+001
      vertex -1.092836e+001 -2.172448e+000  1.082081e+001
      vertex -1.092836e+001 -5.742368e+000  9.425216e+000
    endloop
  endfacet
  facet normal -6.370028e-001 -5.092964e-001  5.786576e-001
    outer loop
      vertex -9.071637e+000 -6.552978e+000  1.075571e+001
      vertex -1.092836e+001 -5.742368e+000  9.425216e+000
      vertex -9.071637e+000 -9.836453e+000  7.865808e+000
    endloop
  endfacet
  facet normal -6.370028e-001 -5.092964e-001  5.786576e-001
    outer loop
      vertex -9.071637e+000 -9.836453e+000  7.865808e+000
      vertex -1.092836e+001 -5.742368e+000  9.425216e+000
      vertex -1.092836e+001 -8.619675e+000  6.892800e+000
    endloop
  endfacet
  facet normal -6.370028e-001 -6.764947e-001  3.695706e-001
    outer loop
      vertex -9.071637e+000 -9.836453e+000  7.865808e+000
      vertex -1.092836e+001 -8.619675e+000  6.892800e+000
      vertex -9.071637e+000 -1.193351e+001  4.027176e+000
    endloop
  endfacet
  facet normal -6.370026e-001 -6.764947e-001  3.695707e-001
    outer loop
      vertex -9.071637e+000 -1.193351e+001  4.027176e+000
      vertex -1.092836e+001 -8.619675e+000  6.892800e+000
      vertex -1.092836e+001 -1.045732e+001  3.529011e+000
    endloop
  endfacet
  facet normal -6.370026e-001 -7.620977e-001  1.159081e-001
    outer loop
      vertex -9.071637e+000 -1.193351e+001  4.027176e+000
      vertex -1.092836e+001 -1.045732e+001  3.529011e+000
      vertex -9.071637e+000 -1.259120e+001 -2.971922e-001
    endloop
  endfacet
  facet normal -6.370028e-001 -7.620977e-001  1.159080e-001
    outer loop
      vertex -9.071637e+000 -1.259120e+001 -2.971922e-001
      vertex -1.092836e+001 -1.045732e+001  3.529011e+000
      vertex -1.092836e+001 -1.103366e+001 -2.604292e-001
    endloop
  endfacet
  facet normal -6.370028e-001 -7.557805e-001 -1.517347e-001
    outer loop
      vertex -9.071637e+000 -1.259120e+001 -2.971922e-001
      vertex -1.092836e+001 -1.103366e+001 -2.604292e-001
      vertex -9.071637e+000 -1.173022e+001 -4.585715e+000
    endloop
  endfacet
  facet normal -6.370029e-001 -7.557803e-001 -1.517348e-001
    outer loop
      vertex -9.071637e+000 -1.173022e+001 -4.585715e+000
      vertex -1.092836e+001 -1.103366e+001 -2.604292e-001
      vertex -1.092836e+001 -1.027918e+001 -4.018457e+000
    endloop
  endfacet
  facet normal -6.370029e-001 -6.583048e-001 -4.010761e-001
    outer loop
      vertex -9.071637e+000 -1.173022e+001 -4.585715e+000
      vertex -1.092836e+001 -1.027918e+001 -4.018457e+000
      vertex -9.071637e+000 -9.454391e+000 -8.321133e+000
    endloop
  endfacet
  facet normal -6.370028e-001 -6.583048e-001 -4.010761e-001
    outer loop
      vertex -9.071637e+000 -9.454391e+000 -8.321133e+000
      vertex -1.092836e+001 -1.027918e+001 -4.018457e+000
      vertex -1.092836e+001 -8.284873e+000 -7.291800e+000
    endloop
  endfacet
  facet normal -6.370028e-001 -4.814280e-001 -6.020418e-001
    outer loop
      vertex -9.071637e+000 -9.454391e+000 -8.321133e+000
      vertex -1.092836e+001 -8.284873e+000 -7.291800e+000
      vertex -9.071637e+000 -6.038226e+000 -1.105290e+001
    endloop
  endfacet
  facet normal -6.370029e-001 -4.814281e-001 -6.020419e-001
    outer loop
      vertex -9.071637e+000 -6.038226e+000 -1.105290e+001
      vertex -1.092836e+001 -8.284873e+000 -7.291800e+000
      vertex -1.092836e+001 -5.291292e+000 -9.685644e+000
    endloop
  endfacet
  facet normal -9.757230e-001 -7.363923e-002 -2.062573e-001
    outer loop
      vertex -1.200000e+001 -4.189508e+000 -7.668843e+000
      vertex -1.200000e+001 -1.614656e+000 -8.588132e+000
      vertex -1.171892e+001 -4.797350e+000 -8.781490e+000
    endloop
  endfacet
  facet normal -9.757230e-001 -7.363923e-002 -2.062573e-001
    outer loop
      vertex -1.171892e+001 -4.797350e+000 -8.781490e+000
      vertex -1.200000e+001 -1.614656e+000 -8.588132e+000
      vertex -1.171892e+001 -1.848921e+000 -9.834156e+000
    endloop
  endfacet
  facet normal -7.896910e-001 -2.062842e-001 -5.777847e-001
    outer loop
      vertex -1.171892e+001 -4.797350e+000 -8.781490e+000
      vertex -1.171892e+001 -1.848921e+000 -9.834156e+000
      vertex -1.092836e+001 -5.291292e+000 -9.685644e+000
    endloop
  endfacet
  facet normal -7.896909e-001 -2.062842e-001 -5.777846e-001
    outer loop
      vertex -1.092836e+001 -5.291292e+000 -9.685644e+000
      vertex -1.171892e+001 -1.848921e+000 -9.834156e+000
      vertex -1.092836e+001 -2.039289e+000 -1.084669e+001
    endloop
  endfacet
  facet normal -9.757230e-001 -6.298045e-003 -2.189182e-001
    outer loop
      vertex -1.200000e+001 -1.614656e+000 -8.588132e+000
      vertex -1.200000e+001  1.118250e+000 -8.666755e+000
      vertex -1.171892e+001 -1.848921e+000 -9.834156e+000
    endloop
  endfacet
  facet normal -9.757229e-001 -6.298030e-003 -2.189182e-001
    outer loop
      vertex -1.171892e+001 -1.848921e+000 -9.834156e+000
      vertex -1.200000e+001  1.118250e+000 -8.666755e+000
      vertex -1.171892e+001  1.280493e+000 -9.924186e+000
    endloop
  endfacet
  facet normal -7.896909e-001 -1.764254e-002 -6.132511e-001
    outer loop
      vertex -1.171892e+001 -1.848921e+000 -9.834156e+000
      vertex -1.171892e+001  1.280493e+000 -9.924186e+000
      vertex -1.092836e+001 -2.039289e+000 -1.084669e+001
    endloop
  endfacet
  facet normal -7.896912e-001 -1.764273e-002 -6.132507e-001
    outer loop
      vertex -1.092836e+001 -2.039289e+000 -1.084669e+001
      vertex -1.171892e+001  1.280493e+000 -9.924186e+000
      vertex -1.092836e+001  1.412334e+000 -1.094599e+001
    endloop
  endfacet
  facet normal -9.755438e-001  6.660070e-002 -2.094722e-001
    outer loop
      vertex -1.200000e+001  1.118250e+000 -8.666755e+000
      vertex -1.171892e+001  4.685951e+000 -8.841436e+000
      vertex -1.171892e+001  1.280493e+000 -9.924186e+000
    endloop
  endfacet
  facet normal -9.789165e-001  6.768660e-002 -1.927206e-001
    outer loop
      vertex -1.200000e+001  1.118250e+000 -8.666755e+000
      vertex -1.200000e+001  4.546659e+000 -7.462642e+000
      vertex -1.171892e+001  4.685951e+000 -8.841436e+000
    endloop
  endfacet
  facet normal -9.789164e-001  1.330576e-001  1.549786e-001
    outer loop
      vertex -1.200000e+001  4.189508e+000  7.668843e+000
      vertex -1.171892e+001  7.577041e+000  6.535869e+000
      vertex -1.200000e+001  6.946505e+000  5.301810e+000
    endloop
  endfacet
  facet normal -9.755438e-001  1.381298e-001  1.709808e-001
    outer loop
      vertex -1.200000e+001  4.189508e+000  7.668843e+000
      vertex -1.171892e+001  4.797350e+000  8.781490e+000
      vertex -1.171892e+001  7.577041e+000  6.535869e+000
    endloop
  endfacet
  facet normal -9.809288e-001  1.756484e-001  8.322418e-002
    outer loop
      vertex -1.171892e+001  9.390429e+000  3.456727e+000
      vertex -1.200000e+001  8.502389e+000  2.018046e+000
      vertex -1.200000e+001  6.946505e+000  5.301810e+000
    endloop
  endfacet
  facet normal -9.723150e-001  2.013510e-001  1.185809e-001
    outer loop
      vertex -1.171892e+001  9.390429e+000  3.456727e+000
      vertex -1.200000e+001  6.946505e+000  5.301810e+000
      vertex -1.171892e+001  7.577041e+000  6.535869e+000
    endloop
  endfacet
  facet normal -9.818311e-001  1.897037e-001  4.477591e-003
    outer loop
      vertex -1.171892e+001  1.000625e+001 -6.325192e-002
      vertex -1.200000e+001  8.588132e+000 -1.614656e+000
      vertex -1.200000e+001  8.502389e+000  2.018046e+000
    endloop
  endfacet
  facet normal -9.700601e-001  2.392310e-001  4.185376e-002
    outer loop
      vertex -1.171892e+001  1.000625e+001 -6.325192e-002
      vertex -1.200000e+001  8.502389e+000  2.018046e+000
      vertex -1.171892e+001  9.390429e+000  3.456727e+000
    endloop
  endfacet
  facet normal -9.818311e-001  1.751241e-001 -7.306890e-002
    outer loop
      vertex -1.171892e+001  9.345980e+000 -3.575165e+000
      vertex -1.200000e+001  7.188909e+000 -4.968170e+000
      vertex -1.200000e+001  8.588132e+000 -1.614656e+000
    endloop
  endfacet
  facet normal -9.692472e-001  2.418521e-001 -4.547060e-002
    outer loop
      vertex -1.171892e+001  9.345980e+000 -3.575165e+000
      vertex -1.200000e+001  8.588132e+000 -1.614656e+000
      vertex -1.171892e+001  1.000625e+001 -6.325192e-002
    endloop
  endfacet
  facet normal -9.809288e-001  1.334292e-001 -1.413339e-001
    outer loop
      vertex -1.171892e+001  7.493809e+000 -6.631135e+000
      vertex -1.200000e+001  4.546659e+000 -7.462642e+000
      vertex -1.200000e+001  7.188909e+000 -4.968170e+000
    endloop
  endfacet
  facet normal -9.700603e-001  2.076952e-001 -1.258805e-001
    outer loop
      vertex -1.171892e+001  7.493809e+000 -6.631135e+000
      vertex -1.200000e+001  7.188909e+000 -4.968170e+000
      vertex -1.171892e+001  9.345980e+000 -3.575165e+000
    endloop
  endfacet
  facet normal -9.723150e-001  1.445358e-001 -1.836111e-001
    outer loop
      vertex -1.171892e+001  4.685951e+000 -8.841436e+000
      vertex -1.200000e+001  4.546659e+000 -7.462642e+000
      vertex -1.171892e+001  7.493809e+000 -6.631135e+000
    endloop
  endfacet
  facet normal -7.885557e-001  3.864549e-001  4.783643e-001
    outer loop
      vertex -1.171892e+001  4.797350e+000  8.781490e+000
      vertex -1.092836e+001  5.291292e+000  9.685644e+000
      vertex -1.171892e+001  7.577041e+000  6.535869e+000
    endloop
  endfacet
  facet normal -7.885559e-001  3.864547e-001  4.783642e-001
    outer loop
      vertex -1.171892e+001  7.577041e+000  6.535869e+000
      vertex -1.092836e+001  5.291292e+000  9.685644e+000
      vertex -1.092836e+001  8.357183e+000  7.208811e+000
    endloop
  endfacet
  facet normal -7.885559e-001  5.298975e-001  3.120708e-001
    outer loop
      vertex -1.171892e+001  7.577041e+000  6.535869e+000
      vertex -1.092836e+001  8.357183e+000  7.208811e+000
      vertex -1.171892e+001  9.390429e+000  3.456727e+000
    endloop
  endfacet
  facet normal -7.885561e-001  5.298974e-001  3.120708e-001
    outer loop
      vertex -1.171892e+001  9.390429e+000  3.456727e+000
      vertex -1.092836e+001  8.357183e+000  7.208811e+000
      vertex -1.092836e+001  1.035728e+001  3.812637e+000
    endloop
  endfacet
  facet normal -7.885560e-001  6.057622e-001  1.059788e-001
    outer loop
      vertex -1.171892e+001  9.390429e+000  3.456727e+000
      vertex -1.092836e+001  1.035728e+001  3.812637e+000
      vertex -1.171892e+001  1.000625e+001 -6.325192e-002
    endloop
  endfacet
  facet normal -7.885560e-001  6.057623e-001  1.059788e-001
    outer loop
      vertex -1.171892e+001  1.000625e+001 -6.325192e-002
      vertex -1.092836e+001  1.035728e+001  3.812637e+000
      vertex -1.092836e+001  1.103651e+001 -6.976443e-002
    endloop
  endfacet
  facet normal -7.885560e-001  6.043742e-001 -1.136283e-001
    outer loop
      vertex -1.171892e+001  1.000625e+001 -6.325192e-002
      vertex -1.092836e+001  1.103651e+001 -6.976443e-002
      vertex -1.171892e+001  9.345980e+000 -3.575165e+000
    endloop
  endfacet
  facet normal -7.885557e-001  6.043743e-001 -1.136285e-001
    outer loop
      vertex -1.171892e+001  9.345980e+000 -3.575165e+000
      vertex -1.092836e+001  1.103651e+001 -6.976443e-002
      vertex -1.092836e+001  1.030825e+001 -3.943269e+000
    endloop
  endfacet
  facet normal -7.885558e-001  5.259101e-001 -3.187450e-001
    outer loop
      vertex -1.171892e+001  9.345980e+000 -3.575165e+000
      vertex -1.092836e+001  1.030825e+001 -3.943269e+000
      vertex -1.171892e+001  7.493809e+000 -6.631135e+000
    endloop
  endfacet
  facet normal -7.885560e-001  5.259100e-001 -3.187448e-001
    outer loop
      vertex -1.171892e+001  7.493809e+000 -6.631135e+000
      vertex -1.092836e+001  1.030825e+001 -3.943269e+000
      vertex -1.092836e+001  8.265382e+000 -7.313887e+000
    endloop
  endfacet
  facet normal -7.885559e-001  3.803764e-001 -4.832115e-001
    outer loop
      vertex -1.171892e+001  7.493809e+000 -6.631135e+000
      vertex -1.092836e+001  8.265382e+000 -7.313887e+000
      vertex -1.171892e+001  4.685951e+000 -8.841436e+000
    endloop
  endfacet
  facet normal -7.885559e-001  3.803764e-001 -4.832115e-001
    outer loop
      vertex -1.171892e+001  4.685951e+000 -8.841436e+000
      vertex -1.092836e+001  8.265382e+000 -7.313887e+000
      vertex -1.092836e+001  5.168423e+000 -9.751763e+000
    endloop
  endfacet
  facet normal -7.885560e-001  1.863331e-001 -5.860541e-001
    outer loop
      vertex -1.171892e+001  4.685951e+000 -8.841436e+000
      vertex -1.092836e+001  5.168423e+000 -9.751763e+000
      vertex -1.171892e+001  1.280493e+000 -9.924186e+000
    endloop
  endfacet
  facet normal -7.885560e-001  1.863331e-001 -5.860540e-001
    outer loop
      vertex -1.171892e+001  1.280493e+000 -9.924186e+000
      vertex -1.092836e+001  5.168423e+000 -9.751763e+000
      vertex -1.092836e+001  1.412334e+000 -1.094599e+001
    endloop
  endfacet
  facet normal -9.755859e-001  7.022329e-002  2.080888e-001
    outer loop
      vertex -1.200000e+001  4.189508e+000  7.668843e+000
      vertex -1.171892e+001  1.504588e+000  9.892692e+000
      vertex -1.171892e+001  4.797350e+000  8.781490e+000
    endloop
  endfacet
  facet normal -9.780495e-001  6.230453e-002  1.988397e-001
    outer loop
      vertex -1.200000e+001  4.189508e+000  7.668843e+000
      vertex -1.200000e+001  9.358615e-001  8.688342e+000
      vertex -1.171892e+001  1.504588e+000  9.892692e+000
    endloop
  endfacet
  facet normal -9.780495e-001 -1.336545e-001 -1.598610e-001
    outer loop
      vertex -1.200000e+001 -4.189508e+000 -7.668843e+000
      vertex -1.171892e+001 -7.511481e+000 -6.611111e+000
      vertex -1.200000e+001 -6.805340e+000 -5.481832e+000
    endloop
  endfacet
  facet normal -9.755859e-001 -1.371589e-001 -1.715218e-001
    outer loop
      vertex -1.200000e+001 -4.189508e+000 -7.668843e+000
      vertex -1.171892e+001 -4.797350e+000 -8.781490e+000
      vertex -1.171892e+001 -7.511481e+000 -6.611111e+000
    endloop
  endfacet
  facet normal -9.797760e-001 -1.773236e-001 -9.271087e-002
    outer loop
      vertex -1.171892e+001 -9.319616e+000 -3.643335e+000
      vertex -1.200000e+001 -8.385120e+000 -2.460261e+000
      vertex -1.200000e+001 -6.805340e+000 -5.481832e+000
    endloop
  endfacet
  facet normal -9.732463e-001 -1.962159e-001 -1.195457e-001
    outer loop
      vertex -1.171892e+001 -9.319616e+000 -3.643335e+000
      vertex -1.200000e+001 -6.805340e+000 -5.481832e+000
      vertex -1.171892e+001 -7.511481e+000 -6.611111e+000
    endloop
  endfacet
  facet normal -9.808189e-001 -1.941490e-001 -1.733453e-002
    outer loop
      vertex -1.171892e+001 -1.000367e+001 -2.361182e-001
      vertex -1.200000e+001 -8.688342e+000  9.358615e-001
      vertex -1.200000e+001 -8.385120e+000 -2.460261e+000
    endloop
  endfacet
  facet normal -9.713622e-001 -2.329549e-001 -4.676938e-002
    outer loop
      vertex -1.171892e+001 -1.000367e+001 -2.361182e-001
      vertex -1.200000e+001 -8.385120e+000 -2.460261e+000
      vertex -1.171892e+001 -9.319616e+000 -3.643335e+000
    endloop
  endfacet
  facet normal -9.813111e-001 -1.836249e-001  5.753712e-002
    outer loop
      vertex -1.171892e+001 -9.481131e+000  3.199578e+000
      vertex -1.200000e+001 -7.668843e+000  4.189508e+000
      vertex -1.200000e+001 -8.688342e+000  9.358615e-001
    endloop
  endfacet
  facet normal -9.701348e-001 -2.398092e-001  3.647280e-002
    outer loop
      vertex -1.171892e+001 -9.481131e+000  3.199578e+000
      vertex -1.200000e+001 -8.688342e+000  9.358615e-001
      vertex -1.171892e+001 -1.000367e+001 -2.361182e-001
    endloop
  endfacet
  facet normal -9.813110e-001 -1.476288e-001  1.234276e-001
    outer loop
      vertex -1.171892e+001 -7.815028e+000  6.249357e+000
      vertex -1.200000e+001 -5.481832e+000  6.805340e+000
      vertex -1.200000e+001 -7.668843e+000  4.189508e+000
    endloop
  endfacet
  facet normal -9.697078e-001 -2.143649e-001  1.171081e-001
    outer loop
      vertex -1.171892e+001 -7.815028e+000  6.249357e+000
      vertex -1.200000e+001 -7.668843e+000  4.189508e+000
      vertex -1.171892e+001 -9.481131e+000  3.199578e+000
    endloop
  endfacet
  facet normal -9.808188e-001 -9.031266e-002  1.727367e-001
    outer loop
      vertex -1.171892e+001 -5.206318e+000  8.545372e+000
      vertex -1.200000e+001 -2.460261e+000  8.385120e+000
      vertex -1.200000e+001 -5.481832e+000  6.805340e+000
    endloop
  endfacet
  facet normal -9.701346e-001 -1.602603e-001  1.820862e-001
    outer loop
      vertex -1.171892e+001 -5.206318e+000  8.545372e+000
      vertex -1.200000e+001 -5.481832e+000  6.805340e+000
      vertex -1.171892e+001 -7.815028e+000  6.249357e+000
    endloop
  endfacet
  facet normal -9.797760e-001 -1.779484e-002  1.993045e-001
    outer loop
      vertex -1.171892e+001 -1.969650e+000  9.810689e+000
      vertex -1.200000e+001  9.358615e-001  8.688342e+000
      vertex -1.200000e+001 -2.460261e+000  8.385120e+000
    endloop
  endfacet
  facet normal -9.713623e-001 -8.651105e-002  2.212944e-001
    outer loop
      vertex -1.171892e+001 -1.969650e+000  9.810689e+000
      vertex -1.200000e+001 -2.460261e+000  8.385120e+000
      vertex -1.171892e+001 -5.206318e+000  8.545372e+000
    endloop
  endfacet
  facet normal -9.732463e-001 -5.421641e-003  2.297008e-001
    outer loop
      vertex -1.171892e+001  1.504588e+000  9.892692e+000
      vertex -1.200000e+001  9.358615e-001  8.688342e+000
      vertex -1.171892e+001 -1.969650e+000  9.810689e+000
    endloop
  endfacet
  facet normal -7.888216e-001 -3.838516e-001 -4.800191e-001
    outer loop
      vertex -1.171892e+001 -4.797350e+000 -8.781490e+000
      vertex -1.092836e+001 -5.291292e+000 -9.685644e+000
      vertex -1.171892e+001 -7.511481e+000 -6.611111e+000
    endloop
  endfacet
  facet normal -7.888218e-001 -3.838514e-001 -4.800190e-001
    outer loop
      vertex -1.171892e+001 -7.511481e+000 -6.611111e+000
      vertex -1.092836e+001 -5.291292e+000 -9.685644e+000
      vertex -1.092836e+001 -8.284873e+000 -7.291800e+000
    endloop
  endfacet
  facet normal -7.888218e-001 -5.248786e-001 -3.197854e-001
    outer loop
      vertex -1.171892e+001 -7.511481e+000 -6.611111e+000
      vertex -1.092836e+001 -8.284873e+000 -7.291800e+000
      vertex -1.171892e+001 -9.319616e+000 -3.643335e+000
    endloop
  endfacet
  facet normal -7.888218e-001 -5.248786e-001 -3.197854e-001
    outer loop
      vertex -1.171892e+001 -9.319616e+000 -3.643335e+000
      vertex -1.092836e+001 -8.284873e+000 -7.291800e+000
      vertex -1.092836e+001 -1.027918e+001 -4.018457e+000
    endloop
  endfacet
  facet normal -7.888217e-001 -6.025976e-001 -1.209810e-001
    outer loop
      vertex -1.171892e+001 -9.319616e+000 -3.643335e+000
      vertex -1.092836e+001 -1.027918e+001 -4.018457e+000
      vertex -1.171892e+001 -1.000367e+001 -2.361182e-001
    endloop
  endfacet
  facet normal -7.888217e-001 -6.025977e-001 -1.209809e-001
    outer loop
      vertex -1.171892e+001 -1.000367e+001 -2.361182e-001
      vertex -1.092836e+001 -1.027918e+001 -4.018457e+000
      vertex -1.092836e+001 -1.103366e+001 -2.604292e-001
    endloop
  endfacet
  facet normal -7.888216e-001 -6.076345e-001  9.241570e-002
    outer loop
      vertex -1.171892e+001 -1.000367e+001 -2.361182e-001
      vertex -1.092836e+001 -1.103366e+001 -2.604292e-001
      vertex -1.171892e+001 -9.481131e+000  3.199578e+000
    endloop
  endfacet
  facet normal -7.888219e-001 -6.076343e-001  9.241556e-002
    outer loop
      vertex -1.171892e+001 -9.481131e+000  3.199578e+000
      vertex -1.092836e+001 -1.103366e+001 -2.604292e-001
      vertex -1.092836e+001 -1.045732e+001  3.529011e+000
    endloop
  endfacet
  facet normal -7.888219e-001 -5.393814e-001  2.946655e-001
    outer loop
      vertex -1.171892e+001 -9.481131e+000  3.199578e+000
      vertex -1.092836e+001 -1.045732e+001  3.529011e+000
      vertex -1.171892e+001 -7.815028e+000  6.249357e+000
    endloop
  endfacet
  facet normal -7.888219e-001 -5.393814e-001  2.946654e-001
    outer loop
      vertex -1.171892e+001 -7.815028e+000  6.249357e+000
      vertex -1.092836e+001 -1.045732e+001  3.529011e+000
      vertex -1.092836e+001 -8.619675e+000  6.892800e+000
    endloop
  endfacet
  facet normal -7.888219e-001 -4.060712e-001  4.613742e-001
    outer loop
      vertex -1.171892e+001 -7.815028e+000  6.249357e+000
      vertex -1.092836e+001 -8.619675e+000  6.892800e+000
      vertex -1.171892e+001 -5.206318e+000  8.545372e+000
    endloop
  endfacet
  facet normal -7.888219e-001 -4.060712e-001  4.613742e-001
    outer loop
      vertex -1.171892e+001 -5.206318e+000  8.545372e+000
      vertex -1.092836e+001 -8.619675e+000  6.892800e+000
      vertex -1.092836e+001 -5.742368e+000  9.425216e+000
    endloop
  endfacet
  facet normal -7.888220e-001 -2.237829e-001  5.724345e-001
    outer loop
      vertex -1.171892e+001 -5.206318e+000  8.545372e+000
      vertex -1.092836e+001 -5.742368e+000  9.425216e+000
      vertex -1.171892e+001 -1.969650e+000  9.810689e+000
    endloop
  endfacet
  facet normal -7.888219e-001 -2.237829e-001  5.724345e-001
    outer loop
      vertex -1.171892e+001 -1.969650e+000  9.810689e+000
      vertex -1.092836e+001 -5.742368e+000  9.425216e+000
      vertex -1.092836e+001 -2.172448e+000  1.082081e+001
    endloop
  endfacet
  facet normal -7.888219e-001 -1.450292e-002  6.144508e-001
    outer loop
      vertex -1.171892e+001 -1.969650e+000  9.810689e+000
      vertex -1.092836e+001 -2.172448e+000  1.082081e+001
      vertex -1.171892e+001  1.504588e+000  9.892692e+000
    endloop
  endfacet
  facet normal -7.888218e-001 -1.450288e-002  6.144509e-001
    outer loop
      vertex -1.171892e+001  1.504588e+000  9.892692e+000
      vertex -1.092836e+001 -2.172448e+000  1.082081e+001
      vertex -1.092836e+001  1.659502e+000  1.091126e+001
    endloop
  endfacet
  facet normal -7.888218e-001  1.965262e-001  5.823553e-001
    outer loop
      vertex -1.171892e+001  1.504588e+000  9.892692e+000
      vertex -1.092836e+001  1.659502e+000  1.091126e+001
      vertex -1.171892e+001  4.797350e+000  8.781490e+000
    endloop
  endfacet
  facet normal -7.888217e-001  1.965263e-001  5.823554e-001
    outer loop
      vertex -1.171892e+001  4.797350e+000  8.781490e+000
      vertex -1.092836e+001  1.659502e+000  1.091126e+001
      vertex -1.092836e+001  5.291292e+000  9.685644e+000
    endloop
  endfacet
endsolid CATIA STL
